filename,LEVEL_1,LEVEL_2,LEVEL_3,LEVEL_4,LEVEL_5,LEVEL_6,LEVEL_7
27-Left_jpg.rf.6b8ab6378bbf33813870a4d44f3ed26f.jpg,0,1,0,0,0,0,0
3-Right_jpg.rf.328297bb289143ad3aa1a30e663ff4fa.jpg,0,0,0,1,0,0,0
22-Top-Down_jpg.rf.a974526631c9862670508e3f16e5e89a.jpg,0,0,0,0,0,0,1
31-Right_jpg.rf.ff207758e05cb119b06ce798ab47c984.jpg,0,0,0,1,0,0,0
28-Right_jpg.rf.e15bad237dec7702ec0d95f1750a7f1e.jpg,0,1,0,0,0,0,0
34-Back_jpg.rf.24f966a5d6994df87c65126111529103.jpg,0,0,0,1,0,0,0
23-Left_jpg.rf.90debf840cc189a6cd8f2080ec362407.jpg,0,0,0,0,0,0,1
29-Front_jpg.rf.da6ff383b01f74eabe93ca16e688855d.jpg,0,0,0,0,0,1,0
32Top-Down_jpg.rf.a986afed9af53221afc16b4e502fd822.jpg,0,1,0,0,0,0,0
7-Front_jpg.rf.5eb8466dc9bea76fd1bd5c5015aece3a.jpg,0,0,0,0,0,1,0
9-Right_jpg.rf.b3953ab907b2272bd840da9a66c0a662.jpg,0,1,0,0,0,0,0
37-Back_jpg.rf.3ccc26731f8f0384812a65e4aee2e389.jpg,0,1,0,0,0,0,0
8-Back_jpg.rf.f51995ab9331ffe09376183ebd55acc1.jpg,0,0,0,0,1,0,0
29-Back_jpg.rf.7155017195aa859c9b4ca1ebbc63a5dd.jpg,0,0,0,1,0,0,0
32Left_jpg.rf.49a4642218d05a0ad8eaa8d6e43781c9.jpg,0,1,0,0,0,0,0
6-Front_jpg.rf.9d045ce9898bf618d77ab9ac3dd79f4b.jpg,0,0,0,0,1,0,0
9-Top-Down_jpg.rf.5542a1b3fabd46670e5672079632d02d.jpg,0,0,0,1,0,0,0
35-Left_jpg.rf.2508043b72d5acb075b80b72cf024a87.jpg,0,0,0,1,0,0,0
31-Top-Down_jpg.rf.0c82b5a97317c4f7c2986496f4534b68.jpg,0,1,0,0,0,0,0
23-Top-Down_jpg.rf.57da3af14b2711539c82a51912891eea.jpg,0,0,0,1,0,0,0
23-Front_jpg.rf.5fedcff67b89202ff8b89720fdbf8b1e.jpg,0,0,0,0,1,0,0
6-Right_jpg.rf.e703a9b2e405a2bd1d739be2340fc87e.jpg,0,1,0,0,0,0,0
29-Front_jpg.rf.5da96d2c718ae9441cd746e6ae811d76.jpg,0,0,0,0,0,1,0
9-Top-Down_jpg.rf.a04c8cc861708593373f2f7805e3e4e0.jpg,0,1,0,0,0,0,0
34-Right_jpg.rf.5984c3c5d16a7fa540484308c05ce3f9.jpg,0,0,0,1,0,0,0
35-Right_jpg.rf.1de2a1f6660fb4d1f1b8b44685e08c71.jpg,0,0,0,1,0,0,0
9-Left_jpg.rf.216db55b145d41facfe927befad990c5.jpg,0,1,0,0,0,0,0
27-Top-Down_jpg.rf.a980b6742e600f128b500e69a9181429.jpg,1,0,0,0,0,0,0
33-Back_jpg.rf.7403c8cc9b6000e2cba61121721fba2e.jpg,0,1,0,0,0,0,0
27-Right_jpg.rf.2d2f1298c1a158c9d3f4e858b4af34bd.jpg,0,0,0,0,1,0,0
23-Front_jpg.rf.174aacb1e7e61fa35977388f22614ad0.jpg,0,0,0,0,0,0,1
exhibition_202210_0000001_jpg.rf.545943d3872269ea5540e6ee8b6f665f.jpg,0,1,0,0,0,0,0
30-Top-Down_jpg.rf.0ede20ca68b6c4dd627801194aea69d6.jpg,0,0,0,1,0,0,0
34-Back_jpg.rf.212f8ae84834b500e0b056ec0580db3d.jpg,0,0,0,1,0,0,0
27-Top-Down_jpg.rf.809fef56733dc868cf91df87818a01cd.jpg,0,0,0,1,0,0,0
34-Left_jpg.rf.9022ec65a942d9b1fa0675ae35d6b553.jpg,0,0,0,1,0,0,0
29-Top-Down_jpg.rf.2e752926d10905dd9a47d2dcb9d00e9a.jpg,0,0,0,1,0,0,0
23-Top-Down_jpg.rf.58a5b2cef936c16335c95b05caeeb61e.jpg,0,0,0,1,0,0,0
27-Back_jpg.rf.3e817925efd287402e1cc43aff6342f1.jpg,0,0,0,0,1,0,0
31Front_jpg.rf.d2f541ebdf74cdc7406f05bd7e0e3dec.jpg,0,1,0,0,0,0,0
27-Top-Down_jpg.rf.7ae8d8ac0aea897131a3ecd9df1330b9.jpg,0,0,0,0,1,0,0
23-Left_jpg.rf.43a37f999cece542d1541bcb45095468.jpg,0,0,0,0,1,0,0
23-Top-Down_jpg.rf.7bc8485dc0746c5d28d344d31416f0b6.jpg,0,0,0,1,0,0,0
37-Front_jpg.rf.8f4c57fd4757c787615dde64b5bdf884.jpg,0,1,0,0,0,0,0
7-Front_jpg.rf.071f929b06720d63fd38db773f3897bd.jpg,0,0,0,0,0,0,1
24-Front_jpg.rf.4ceddadb6acbf4d7e2e3183c26f8823f.jpg,0,0,0,1,0,0,0
3-Left_jpg.rf.cdd4b90e91c7c966121562c592b238b6.jpg,0,0,0,1,0,0,0
31Left_jpg.rf.e7a392137505b8b66447ec74550202a1.jpg,0,1,0,0,0,0,0
29-Left_jpg.rf.b0a26d1eb1d3061ef832f94d02ca0ce3.jpg,0,0,0,1,0,0,0
9-Back_jpg.rf.c7e37eabd168735309da37793b6298a8.jpg,0,0,0,0,0,0,1
24-Top-Down_jpg.rf.1eaa9f3aeaca5b563f8d403819c7e97d.jpg,0,0,0,1,0,0,0
exhibition_202210_0000066_jpg.rf.1c6462eaadf839199362dc9683c30d55.jpg,1,0,0,0,0,0,0
37-Right_jpg.rf.c21779b320ebbbd19e81f0b34eef1923.jpg,0,1,0,0,0,0,0
23-Right_jpg.rf.68e6bc907940f8a5a0972c0415e36fb4.jpg,0,0,1,0,0,0,0
23-Right_jpg.rf.535212cc5da94d0adace4852869ce34f.jpg,0,0,1,0,0,0,0
14-Left_jpg.rf.67ce679dfd8e3d00b0c1733043b61f8c.jpg,0,0,0,1,0,0,0
34-Front_jpg.rf.5fdf69256377caa97e9ff18f389f7d7c.jpg,0,0,0,1,0,0,0
26-Back_jpg.rf.2f77a66ed41fe3748e1f3e511c035083.jpg,0,0,0,0,1,0,0
32-Back_jpg.rf.b869251bc1ca989ff838644f758e803e.jpg,0,1,0,0,0,0,0
23-Back_jpg.rf.373ab012f10eb17bcf3dbfaaf7bb323c.jpg,0,0,0,0,1,0,0
8-Front_jpg.rf.5b418153c605be77748eb62da8dcd4ae.jpg,0,0,0,0,1,0,0
14-Front_jpg.rf.1ab62944a634af54a51bd415b900f411.jpg,0,0,0,1,0,0,0
16-Back_jpg.rf.55df67b6a8fb6f8e714de35f3b5d2e75.jpg,0,0,0,1,0,0,0
30-Left_jpg.rf.f43bfd137742cd586943763da2314d42.jpg,0,0,0,1,0,0,0
31-Right_jpg.rf.3bcbd25d330f14648cddfb777255bbfd.jpg,0,1,0,0,0,0,0
7-Left_jpg.rf.581e491d39543a4b02cdda59277d1a04.jpg,0,0,0,0,0,0,1
15-Back_jpg.rf.4b3f3e80ef9568e1264c8b27e32e5116.jpg,0,0,0,1,0,0,0
35-Back_jpg.rf.8c080e4cd52d9c0fe56a409102c46be0.jpg,0,0,0,1,0,0,0
24-Top-Down_jpg.rf.113fac97161d1e201b0fcba76af2e11b.jpg,0,0,0,1,0,0,0
35-Front_jpg.rf.85ce043c885eb906bf253ad37ca08495.jpg,0,0,0,1,0,0,0
15-Left_jpg.rf.020ef1439bb058d70f278837032a9971.jpg,0,0,0,1,0,0,0
30-Top-Down_jpg.rf.4f0e91a390301ff9318454176b343b3f.jpg,0,1,0,0,0,0,0
exhibition_202210_0000005_jpg.rf.d67489c45e7eebee8ebe3f4c61b9cd18.jpg,1,0,0,0,0,0,0
7-Front_jpg.rf.cb692a680d96819c97db96d782bcaa05.jpg,0,0,0,0,1,0,0
15-Top-Down_jpg.rf.451ef116170ae35ed2a79533b3847ac4.jpg,0,0,0,1,0,0,0
29-Right_jpg.rf.f639bdb8a4c1dedb11e20a23215fe9fa.jpg,0,0,0,0,1,0,0
Zayn-Malik-low-hairline_webp.rf.03605b1db097e6d69fb58d73c2abbde2.jpg,1,0,0,0,0,0,0
28-Right_jpg.rf.b6f9ed767793aa6c2a1afd74e4ca7e92.jpg,0,1,0,0,0,0,0
34-Right_jpg.rf.c77631a76773565804ecb2d2bfa404ad.jpg,0,0,0,1,0,0,0
23-Right_jpg.rf.f11570fc01f3cf5589fe4202c8d28ee8.jpg,0,0,0,1,0,0,0
20-Back_jpg.rf.395d3da016cb26037e3bfbeae9f22d7b.jpg,0,0,0,1,0,0,0
30-Right_jpg.rf.9bf085de98bda306651c84babe5df0f2.jpg,0,1,0,0,0,0,0
23-Right_jpg.rf.c5974573a10ad2c9e8a3ad3dcd8d3684.jpg,0,0,0,0,1,0,0
57-Front_jpg.rf.1b28ce6f33d0b923b8d2ec9d1ebf4666.jpg,0,0,0,1,0,0,0
16-Right_jpg.rf.9e140dccc846bb14e0e132164f6879b7.jpg,0,0,0,1,0,0,0
55-Top-Down_jpg.rf.718bc25adac37ec72c4ee7a6ca064cdc.jpg,0,0,0,0,1,0,0
7-Left_jpg.rf.25f2b346445ab665d51b8502b8e2b568.jpg,0,0,0,0,1,0,0
18-Top-Down_jpg.rf.fb11df4be56b9f708f617c55427d00d9.jpg,0,0,0,1,0,0,0
31-Top-Down_jpg.rf.98e9071cab1bc8e71c4772ff5eba6ad5.jpg,0,0,0,1,0,0,0
7-Left_jpg.rf.900b741a65f0a782591027e46b1846b9.jpg,0,0,0,0,0,0,1
18-Left_jpg.rf.97e4067c26b4ede1e630a4a2d9ec9151.jpg,0,0,0,1,0,0,0
18-Front_jpg.rf.2e6f317c6eb19b552aa4a8904fa6c66f.jpg,0,0,0,1,0,0,0
24-Left_jpg.rf.fd01485056c51740eb75b7c7a10f4505.jpg,0,0,0,1,0,0,0
16-Front_jpg.rf.01ec2ff0ae77f95b7d0225a320325dbd.jpg,0,0,0,1,0,0,0
22-Back_jpg.rf.756c76769133952cd8cf4360e03ecbc6.jpg,0,1,0,0,0,0,0
22-Top-Down_jpg.rf.7a4c10992b0d8a45a92e007c18f19273.jpg,0,1,0,0,0,0,0
16-Left_jpg.rf.6fa28d43c0c9bfb72bc5ce9e6a63d67d.jpg,0,0,0,1,0,0,0
23-Front_jpg.rf.22090c5c66eefc6b43b5f246fd2b2100.jpg,0,1,0,0,0,0,0
26-Front_jpg.rf.0a2b4c7c444db0f7f5f003ffc8ee1bb3.jpg,0,0,0,0,1,0,0
22-Left_jpg.rf.d1d4d423131bdb4fd5eda30987f820e1.jpg,0,1,0,0,0,0,0
14-Right_jpg.rf.55f851f26a94edbc7eebb54c06fa8d13.jpg,0,0,0,1,0,0,0
5-Left_jpg.rf.19a9e1a5fd500a610839c1205ef1b5c5.jpg,0,0,0,0,0,0,1
13-Left_jpg.rf.a23cf727f899dbd11317340f35f978a4.jpg,0,1,0,0,0,0,0
40-Right_jpg.rf.c6550774a27aec0664630c35f9c185ae.jpg,0,0,1,0,0,0,0
22-Right_jpg.rf.53267751b29ce75816d24fa29ccbefcf.jpg,0,1,0,0,0,0,0
40-Left_jpg.rf.9cd5c79edfdf9774e2575ab206ba62a6.jpg,0,0,1,0,0,0,0
13-Top-Down_jpg.rf.267bb8607160ab978f53af1d4bc9c6b8.jpg,0,1,0,0,0,0,0
50-Right_jpg.rf.f27d0173a6bf2ebaad48ce470992edf6.jpg,0,0,1,0,0,0,0
14-Left_jpg.rf.96d0bdf8edba516cb4ac49ff5a0e8593.jpg,0,1,0,0,0,0,0
18-Left_jpg.rf.9c518742ef42d233e328c39c611ee988.jpg,0,1,0,0,0,0,0
14-Back_jpg.rf.d550c57e5da4d6b958913762e157afa8.jpg,0,1,0,0,0,0,0
48-Back_jpg.rf.f62b560cde934e525ff8ef6c162f2072.jpg,0,0,1,0,0,0,0
55-Left_jpg.rf.4719a2b86b8f88741499be59cbd18a68.jpg,0,0,1,0,0,0,0
2-Back_jpg.rf.f9624b264f77395dfe420e504e46554c.jpg,0,1,0,0,0,0,0
18-Right_jpg.rf.37817accccf55ee54c40c2b2700403fd.jpg,0,1,0,0,0,0,0
14-Top-Down_jpg.rf.c4f444873b87af489d7133da079113a6.jpg,0,1,0,0,0,0,0
13-Right_jpg.rf.a393e41134181b6e79d38fba691cd488.jpg,0,1,0,0,0,0,0
50-Top-Down_jpg.rf.a67926d75fe6c13661710a5b1f523cd9.jpg,0,0,1,0,0,0,0
exhibition_202210_0000047_jpg.rf.bc9020c562de153982471e1a719536e7.jpg,1,0,0,0,0,0,0
39-Front_jpg.rf.2ce74018757925e96b89f736a5fd8785.jpg,0,0,1,0,0,0,0
14-Front_jpg.rf.1c8a14ee7ade784b261783caacb9a12c.jpg,0,1,0,0,0,0,0
40-Front_jpg.rf.e35cb4da6379d67e1887129d0bd08365.jpg,0,0,0,1,0,0,0
48-Top-Down_jpg.rf.4f941c9104efebbc4099312de5611c32.jpg,0,0,0,1,0,0,0
17-Left_jpg.rf.04dbc83e54760724fed6fcd424475d3a.jpg,0,1,0,0,0,0,0
48-Front_jpg.rf.fbc4f3cec33447094d163f8f007379ed.jpg,0,0,1,0,0,0,0
57-Back_jpg.rf.cdf4b688e7100ad3e19bf00e0fc4cb98.jpg,0,0,1,0,0,0,0
48-Left_jpg.rf.135e7b75b268e14964d4b89135956489.jpg,0,0,0,1,0,0,0
20-Back_jpg.rf.c0a1d9fef4dd875db84cc7d2199be1d8.jpg,0,1,0,0,0,0,0
18-Front_jpg.rf.518ef59694ab7038e733c7bee3db5821.jpg,0,1,0,0,0,0,0
39-Right_jpg.rf.b8e9869e7059d01cc97058a54f5036de.jpg,0,0,1,0,0,0,0
17-Back_jpg.rf.a73db604488a532f42874096e7fbd99b.jpg,0,1,0,0,0,0,0
17-Top-Down_jpg.rf.f1c7763ef36659eced39b552089eb8b7.jpg,0,1,0,0,0,0,0
exhibition_202210_0000039_jpg.rf.469b376a8c633526039fefc1f6ab4236.jpg,1,0,0,0,0,0,0
20-Front_jpg.rf.b40f80cbd8b03cda65b43a2617f9f0d9.jpg,0,1,0,0,0,0,0
6-Front_jpg.rf.84d3b83984ca41602d28cdee5e83519b.jpg,0,0,1,0,0,0,0
14-Right_jpg.rf.36be634948d5b40375233911104f7945.jpg,0,1,0,0,0,0,0
39-Top-Down_jpg.rf.4f85bea2d0de4d1a7a6b0ddac7aad966.jpg,0,0,0,0,1,0,0
23-Left_jpg.rf.a7f76148a9264dc3c9a69c46f215b6a9.jpg,0,1,0,0,0,0,0
2-Right_jpg.rf.12f0961af29b77d12e110da7e71d94df.jpg,0,1,0,0,0,0,0
6-Right_jpg.rf.155e8b4992344aa52db8fd45eaed9f35.jpg,0,0,1,0,0,0,0
6-Back_jpg.rf.d55712f132874d8fe91a57ac96f8c889.jpg,0,0,0,0,1,0,0
22-Right_jpg.rf.3b02ab9b7dbbeab55d7b72a73ec160b0.jpg,0,1,0,0,0,0,0
55-Front_jpg.rf.064f8c4e3dff9b792a8685a5ddf76fad.jpg,0,0,0,0,1,0,0
20-Top-Down_jpg.rf.5dd299fa5be1f5856cd9134aa29f94d8.jpg,0,1,0,0,0,0,0
4-Front_jpg.rf.5ca661d0db12c962582f117ecf6f46c0.jpg,0,0,0,1,0,0,0
4-Back_jpg.rf.8a53d7bb6b520b330761f2972eb6dd23.jpg,1,0,0,0,0,0,0
57-Front_jpg.rf.2eda88d249e35bd3de65170fed8d2f65.jpg,0,0,1,0,0,0,0
13-Front_jpg.rf.d595aab694ac1770f269f7b00d69fa1f.jpg,0,1,0,0,0,0,0
20-Right_jpg.rf.63d2b2f8a8de887da7b7481d7c48a08e.jpg,0,1,0,0,0,0,0
57-Right_jpg.rf.bacbf0f8792c6865ff5e9d64638f45ec.jpg,0,0,1,0,0,0,0
55-Left_jpg.rf.58c5f89cdfafe8abde4ee0fa94c6b0eb.jpg,0,0,1,0,0,0,0
27-Right_jpg.rf.3ade3b1220874875f329b640cf779e4f.jpg,0,1,0,0,0,0,0
23-Right_jpg.rf.fcc6a4715408d0a0f803e305dba9df9d.jpg,0,1,0,0,0,0,0
57-Front_jpg.rf.3173f670de24d90d8cbb869a1b90dc24.jpg,0,0,0,1,0,0,0
13-Back_jpg.rf.d883a1cd6edc02c205e257d83d47525b.jpg,0,1,0,0,0,0,0
51-Top-Down_jpg.rf.ab985fe3965077b0b711d45aa8cc572c.jpg,0,0,1,0,0,0,0
21-Right_jpg.rf.341e48640d437145611ccb98966b94d0.jpg,0,1,0,0,0,0,0
23-Left_jpg.rf.2c8dabe1b3d4b0ccc13e4170a845740c.jpg,0,1,0,0,0,0,0
6-Right_jpg.rf.50a5497eacbc715f161aa035635ae533.jpg,0,0,1,0,0,0,0
27-Top-Down_jpg.rf.2ee5bca185f9c705663b23e17cd6f412.jpg,0,1,0,0,0,0,0
23-Front_jpg.rf.e54b10873d713220fa430c21c26bd9f7.jpg,0,1,0,0,0,0,0
27-Left_jpg.rf.bb28c8a29573fb0d82d99e7ac684059a.jpg,0,1,0,0,0,0,0
54-Top-Down_jpg.rf.bb5a3638abcb459d4600d288b3542590.jpg,0,0,0,0,1,0,0
exhibition_202210_0000051_jpg.rf.3c270d91b0ac39c939c0aba833ee3f2f.jpg,0,0,1,0,0,0,0
4-Right_jpg.rf.8d29766ee4015cc657720b22b05d3672.jpg,0,0,1,0,0,0,0
23-Top-Down_jpg.rf.ed7a07b53199713d944d3d81acf7c2eb.jpg,0,1,0,0,0,0,0
55-Right_jpg.rf.c00ccc7b6341000dae209630aa1a4b96.jpg,0,0,1,0,0,0,0
50-Left_jpg.rf.e4227d6e94eb79d09b8a1fd135906ac5.jpg,0,1,0,0,0,0,0
2-Top-Down_jpg.rf.073391527f006a84048b04eb26e233aa.jpg,0,1,0,0,0,0,0
22-Top-Down_jpg.rf.a9d9c20ace4f836bbbc461bafea6e030.jpg,0,1,0,0,0,0,0
19-Top-Down_jpg.rf.9d4ed723394773643cf4d68b4ad57027.jpg,0,1,0,0,0,0,0
55-Top-Down_jpg.rf.bf9096834283095c0613a4db888d1117.jpg,0,0,0,0,1,0,0
54-Front_jpg.rf.80b004192eedccaf8eb0ae724476210d.jpg,0,0,0,0,1,0,0
3-Back_jpg.rf.e2fb406aef3f8d7d33404f1c88abd57f.jpg,0,1,0,0,0,0,0
exhibition_202210_0000065_jpg.rf.534359e613c9f65fe5a8e28ab5acdb97.jpg,1,0,0,0,0,0,0
23-Right_jpg.rf.f590bd3b331407e40d556b6c83a3cc3f.jpg,0,1,0,0,0,0,0
7-Back_jpg.rf.b86b4dadd214944a853b860bd6e7dbeb.jpg,0,0,0,0,0,0,1
6-Left_jpg.rf.dc68e381e090d15e9857acb55543052e.jpg,0,0,1,0,0,0,0
22-Left_jpg.rf.bad33250c770982c63a20051f127b685.jpg,0,1,0,0,0,0,0
3-Front_jpg.rf.e4b49e4b7f4cf71db5b54323a1dd59cd.jpg,0,1,0,0,0,0,0
6-Top-Down_jpg.rf.6d68eb26231eac448b3d6c1858c2d739.jpg,0,0,0,1,0,0,0
19-Right_jpg.rf.e4569f6b96888c2e51e0b89ac3905eb2.jpg,0,1,0,0,0,0,0
28-Front_jpg.rf.23e2b28e072de2e980ed83165e663daf.jpg,0,1,0,0,0,0,0
51-Right_jpg.rf.9edad1ffdcb5b3305debea01c673fa88.jpg,0,1,0,0,0,0,0
4-Left_jpg.rf.6746c4acbf7ee9634c46d3fe515d59e3.jpg,0,0,0,0,0,0,1
24-Front_jpg.rf.1f80a49fcb0912a6bef434253a270c66.jpg,0,1,0,0,0,0,0
28-Front_jpg.rf.8d35a58c14a9977c1ef3b1e8ed7dc1f9.jpg,0,1,0,0,0,0,0
27-Front_jpg.rf.cdbdcd9788a1e6c59edb8cd14beb6b99.jpg,0,1,0,0,0,0,0
19-Back_jpg.rf.463536e01738bac9899e569f4f7a7e57.jpg,0,1,0,0,0,0,0
28-Top-Down_jpg.rf.624ec5127bc56ce4f446afd9efd1fd1a.jpg,0,1,0,0,0,0,0
28-Top-Down_jpg.rf.af15aa1fc81ee0b70775e67029d3a07f.jpg,0,1,0,0,0,0,0
7-Front_jpg.rf.dcd192471b00337c547738619d94a1bb.jpg,0,0,0,0,0,0,1
6-Left_jpg.rf.051176276f0fb554c18b5b45853f9118.jpg,0,0,0,0,1,0,0
50-Front_jpg.rf.f13d6f0cdb809decd4f8b7fb6b308fed.jpg,0,0,0,0,1,0,0
6-Left_jpg.rf.1d3dbdca665e0d2ea75ad1c88ae54217.jpg,0,0,0,0,1,0,0
7-Back_jpg.rf.0a86cd63c72aa6e09f8ced9c7c81d626.jpg,0,0,0,0,0,0,1
24-Left_jpg.rf.47e123062f1752e8412fc69f097c2917.jpg,0,1,0,0,0,0,0
7-Left_jpg.rf.26ed30679da62f795e2c23a923dc53d3.jpg,0,0,0,0,0,0,1
6-Top-Down_jpg.rf.a2b422997b04abb2e48ff2861c7c7130.jpg,0,0,0,1,0,0,0
28-Back_jpg.rf.2b8c28ef4c944905458da8cada32a1c3.jpg,0,1,0,0,0,0,0
6-Left_jpg.rf.c7192286b3036f29b36e5594f6c144c9.jpg,0,0,0,0,1,0,0
6-Left_jpg.rf.b21e5cc94966730a4ea74febc1c3bb19.jpg,0,0,0,0,1,0,0
30-Front_jpg.rf.90ff5265a47fc39e4e29709ba57104bf.jpg,0,1,0,0,0,0,0
7-Front_jpg.rf.7d69b01e5a794cabb95a40b9560e38a6.jpg,0,0,0,0,0,0,1
28-Right_jpg.rf.56d38671168e7f55a451e9f255ef4ed3.jpg,0,1,0,0,0,0,0
19-Left_jpg.rf.85c2c9579b67fda88dc932c0ed448ad3.jpg,0,1,0,0,0,0,0
22-Back_jpg.rf.4007924100685b523396525e8e7e7591.jpg,0,1,0,0,0,0,0
6Left_jpg.rf.9177d4f6b3132ff9920ead0398fd2ba7.jpg,0,0,0,1,0,0,0
2-Left_jpg.rf.535104542fc25459657f1667950b2366.jpg,0,1,0,0,0,0,0
6Left_jpg.rf.f3d05d5a4db8abbee2357eae18ce0733.jpg,0,0,0,1,0,0,0
3-Front_jpg.rf.9a0eccd5339c8748c725c65d0be06950.jpg,0,1,0,0,0,0,0
3-Back_jpg.rf.ac88a62d83f733a8e32c98f86b67ebd1.jpg,0,1,0,0,0,0,0
31-Top-Down_jpg.rf.06380f8c2696e8bfcd974aa810390765.jpg,0,1,0,0,0,0,0
exhibition_202210_0000066_jpg.rf.fd14a9009b5daa5fd13e6cd2dfb7e125.jpg,1,0,0,0,0,0,0
28-Back_jpg.rf.79ba346423a0b6a6db888047f2b01c57.jpg,0,1,0,0,0,0,0
31-Right_jpg.rf.450da5148e727faf11c0467a81fc8b3c.jpg,0,1,0,0,0,0,0
30-Right_jpg.rf.1fa18cd8555f108c8811708423c8c81a.jpg,0,1,0,0,0,0,0
30-Top-Down_jpg.rf.5dc8dbde701774d04a4319d5ce51fc5e.jpg,0,1,0,0,0,0,0
27-Left_jpg.rf.67c74e8caa0d18d5d4511f855f949ea6.jpg,0,1,0,0,0,0,0
7-Left_jpg.rf.d7b737ae47f2c73fa1c50557c8954124.jpg,0,0,0,0,0,0,1
6-Right_jpg.rf.a6816cd3d515a1835ee9cce26facf351.jpg,0,0,1,0,0,0,0
27-Back_jpg.rf.6a5d5f9fd37add31d785893174c6a255.jpg,0,1,0,0,0,0,0
33-Top-Down_jpg.rf.69ba6591db51ed4e21fc37e82a3c531a.jpg,0,1,0,0,0,0,0
28-Right_jpg.rf.92a687ce20d76f969b48dc0c3cded286.jpg,0,1,0,0,0,0,0
31Left_jpg.rf.f0e5441a7a5ec484a4166bec6286c8ac.jpg,0,1,0,0,0,0,0
27-Back_jpg.rf.10275203812ad2b429e918e517df8262.jpg,0,1,0,0,0,0,0
35-Left_jpg.rf.d2e9d6ba72361ef6a17e448d24a6eea0.jpg,0,1,0,0,0,0,0
27-Front_jpg.rf.c1030492ec94ffae1060f4757353c213.jpg,0,1,0,0,0,0,0
19-Front_jpg.rf.68cf980048cfbf808b3850a88966dd13.jpg,0,1,0,0,0,0,0
27-Right_jpg.rf.bf3c76e97581e3817042de0fc7f06a0a.jpg,0,1,0,0,0,0,0
1-Front_jpg.rf.977aa4629e30e26271fd555db13a4ff3.jpg,0,1,0,0,0,0,0
3-Right_jpg.rf.fda55d2b364de08a4ee8baec2ca147ae.jpg,0,1,0,0,0,0,0
24-Left_jpg.rf.db418e6580569744c75a2e729ee19b85.jpg,0,1,0,0,0,0,0
31Front_jpg.rf.23011a2b8e6fd2cc190343ab5a51b24e.jpg,0,1,0,0,0,0,0
35-Front_jpg.rf.6028cb529d3a776bbcd5810b37638968.jpg,0,1,0,0,0,0,0
24-Front_jpg.rf.1a24ddadda900fa12437b4edf9ad0036.jpg,0,1,0,0,0,0,0
35-Back_jpg.rf.93e5c85392cb7feab2ba5b16cd0444ca.jpg,0,1,0,0,0,0,0
3-Top-Down_jpg.rf.6780be318b72c1130b247e8ba4fc1983.jpg,0,1,0,0,0,0,0
7-Front_jpg.rf.fb89a626ff2fc0506b9b87071c6a0bae.jpg,0,0,0,0,0,1,0
35-Right_jpg.rf.957ef6e7af1fd694937b327090bdcf48.jpg,0,1,0,0,0,0,0
32-Back_jpg.rf.f9a3188ecfc48e574cf248934e951517.jpg,0,1,0,0,0,0,0
36-Back_jpg.rf.35fe1e03a08df83fb90cc738b6e0a33c.jpg,0,1,0,0,0,0,0
35-Top-Down_jpg.rf.57407584796568c989c720efc634674f.jpg,0,1,0,0,0,0,0
23-Top-Down_jpg.rf.b7cbd074bcbb870c28d3b74866783544.jpg,0,1,0,0,0,0,0
6-Back_jpg.rf.f58a0e82b0331074c1b8d9b2b6bd0e6f.jpg,0,0,0,0,1,0,0
1-Right_jpg.rf.7cbfc91f5bb8664f4778ef482fc7ca36.jpg,0,1,0,0,0,0,0
exhibition_202210_0000065_jpg.rf.a6322c8e39bfb5ff46ed0024f9846c11.jpg,1,0,0,0,0,0,0
36-Front_jpg.rf.2d4c79394da5a18b7869075ed74c32ae.jpg,0,1,0,0,0,0,0
37-Right_jpg.rf.fc9a4b2c265db9825b6db525e63bac47.jpg,0,1,0,0,0,0,0
26-Front_jpg.rf.8462091ab19a4dae5c6feeca4b9595ca.jpg,0,0,0,0,1,0,0
32-Front_jpg.rf.ad70cc4c45ff96744a7d4f6af7c1907e.jpg,0,1,0,0,0,0,0
37-Front_jpg.rf.1c70165a3e76edd5677a84182acbb157.jpg,0,1,0,0,0,0,0
30-Back_jpg.rf.393c59d81127cbfeeb111183a6b7d9d0.jpg,0,1,0,0,0,0,0
MM-top-customerImg-lybgu4w9lokg_jpg.rf.da13c672757d06cdc050395496de0b2f.jpg,1,0,0,0,0,0,0
7-Right_jpg.rf.5d36377e9926ad9f08d66026ca75653d.jpg,0,0,0,0,0,0,1
9-Back_jpg.rf.9ffed97ea19bd08cd7e9258aeffa6a7a.jpg,0,0,0,0,0,0,1
7-Front_jpg.rf.66a7af214f815161b4ca86de68517bda.jpg,0,0,0,0,0,0,1
27-Top-Down_jpg.rf.558150f11c795482b9acd982169d8f14.jpg,0,1,0,0,0,0,0
23-Front_jpg.rf.744d5533e0ca8b9c5e750339cf82337f.jpg,0,0,0,0,0,0,1
26-Top-Down_jpg.rf.7b02bc0c737be158e130259ca24117b3.jpg,0,0,0,0,1,0,0
23-Back_jpg.rf.75860c6597cdeda7e8651c33d3d59656.jpg,0,0,0,0,0,0,1
frame_0031-3_jpg.rf.c87d32c30cb6ba2fc0e17fba6907ded5.jpg,1,0,0,0,0,0,0
32Top-Down_jpg.rf.e4fdf21b91e389048291467ae8f2bbbe.jpg,0,1,0,0,0,0,0
25-Front_jpg.rf.329cb4efe25dc26c298d8331ef52d20c.jpg,0,0,0,0,1,0,0
33-Front_jpg.rf.850561a2ab95f96379f754e39fd8c604.jpg,0,1,0,0,0,0,0
37-Back_jpg.rf.25591f70fbccc52dc6fa30d78640364d.jpg,0,1,0,0,0,0,0
33-Right_jpg.rf.ad13513fe67f824379fc6daa44d91d97.jpg,0,1,0,0,0,0,0
33-Back_jpg.rf.b78e0eeed9455b9336ddb0e8c94823c6.jpg,0,1,0,0,0,0,0
25-Left_jpg.rf.197c8c9c89301c7511ac1817007b9a0c.jpg,0,0,0,0,1,0,0
23-Left_jpg.rf.0d257f179400c9f8314e517f8a463ea7.jpg,0,0,0,0,0,0,1
22-Top-Down_jpg.rf.c8012e248cda4587575e16b6cbb29243.jpg,0,0,0,0,0,0,1
32Left_jpg.rf.9f1d47a197bd2feae876b1380a8f7826.jpg,0,1,0,0,0,0,0
22-Top-Down_jpg.rf.8660142f3c08eefb0540b1041f8c48ee.jpg,0,0,1,0,0,0,0
23-Right_jpg.rf.02581356ad2901b11e668b004498c38b.jpg,0,0,0,0,1,0,0
36-Left_jpg.rf.a3c9c20ed6194f11aac9b4f33e49de78.jpg,0,1,0,0,0,0,0
27-Left_jpg.rf.b26a3b26481d21a0bd008ea1a743a3a8.jpg,0,0,0,0,1,0,0
37-Top-Down_jpg.rf.ea079c6192c577113b8487e1f64c00f8.jpg,0,1,0,0,0,0,0
8-Top-Down_jpg.rf.c3fb1443084031c25ac3c6a7ce5c3dd8.jpg,0,0,0,0,0,0,1
27-Back_jpg.rf.6cfaa1ea5c44906ccb611c48b2712a40.jpg,0,0,0,0,1,0,0
8-Back_jpg.rf.1b5552596a9dddd8ca1665297bebb3ce.jpg,0,0,0,0,0,0,1
23-Top-Down_jpg.rf.168929d6521684329a5765476c683a9c.jpg,0,0,0,0,1,0,0
6-Right_jpg.rf.c87a39dceddd970bfef0fe08de534249.jpg,0,1,0,0,0,0,0
26-Left_jpg.rf.912653ea227da2ad1ea1b9cea712a678.jpg,0,0,0,0,1,0,0
23-Front_jpg.rf.7df63c2c6b62f52fe5ef321333db0255.jpg,0,0,0,1,0,0,0
36-Right_jpg.rf.18648fc2ef07784e903bb44bd3154ba2.jpg,0,1,0,0,0,0,0
24-Right_jpg.rf.94dc89fd07322f460b249bcdc89dd0f7.jpg,0,1,0,0,0,0,0
26-Back_jpg.rf.2f36bb3e12c9757eba9eaf969733dd91.jpg,0,0,0,0,1,0,0
23-Back_jpg.rf.39f7a3c3722152b9f08cb19e480761e1.jpg,0,0,1,0,0,0,0
24-Back_jpg.rf.25947ded0609352e7165c6ea4b982f1c.jpg,0,0,0,0,1,0,0
23-Left_jpg.rf.5916ffd9a755e9a32a3cd542377ee525.jpg,0,0,0,0,1,0,0
23-Left_jpg.rf.caafd4a53b45f321c91e138e11ac9cf2.jpg,0,0,1,0,0,0,0
6-Top-Down_jpg.rf.635e80467b4adc908da15d5480128f87.jpg,0,1,0,0,0,0,0
23-Front_jpg.rf.4f3c8e785a0467a42185d94599742f45.jpg,0,0,0,0,1,0,0
12-Top-Down_jpg.rf.41eb75ba14ffc5b596a505d4a794dd68.jpg,0,0,0,1,0,0,0
23-Right_jpg.rf.2857212cec8c3677894ab71a3eb0a64c.jpg,1,0,0,0,0,0,0
23-Left_jpg.rf.b4e165d0d23e530e4f3503775bb2005f.jpg,0,1,0,0,0,0,0
6-Front_jpg.rf.d7c0cefc9ed81d2c04d32d8624c9b213.jpg,0,0,0,0,1,0,0
24-Right_jpg.rf.8f24976b0405dd93bce4c661f4e6ee13.jpg,0,0,0,0,1,0,0
27-Front_jpg.rf.cecee2419bd1913ea0a17870e21ce2eb.jpg,0,0,0,0,1,0,0
23-Back_jpg.rf.fc2fdf8dc8779ecddc7d949e57ed65c4.jpg,0,0,0,0,0,0,1
15-Top-Down_jpg.rf.d50d207c8600f39dc6ee734f9d02f61d.jpg,0,0,0,1,0,0,0
14-Back_jpg.rf.5af59824cc7750f9b748f64b7d14ded7.jpg,0,0,0,1,0,0,0
27-Top-Down_jpg.rf.f99046032aeab10338b523b044c4afc8.jpg,0,0,0,0,1,0,0
6-Left_jpg.rf.48dd644dcbba3b7025f0381a1919831a.jpg,0,0,0,0,1,0,0
12-Back_jpg.rf.49bb8d3d2a7ad26ed24b16c2f3c68237.jpg,0,0,0,1,0,0,0
25-Back_jpg.rf.9ecf5ccac1e8f2fcdb90570d07920447.jpg,0,0,0,0,1,0,0
24-Right_jpg.rf.a6bcda940ad0a26ed029c03a38dcae08.jpg,0,0,0,0,1,0,0
9-Back_jpg.rf.16fa7439f62e211de58c157eb6fddd8c.jpg,1,0,0,0,0,0,0
12-Right_jpg.rf.6fa4bf96a055b8d61910fbc29f812967.jpg,0,0,0,1,0,0,0
12-Front_jpg.rf.a05529f46ad7733447c16dc2138a1501.jpg,0,0,0,1,0,0,0
23-Top-Down_jpg.rf.263462c03b1d5451d17f6188729e623c.jpg,0,0,0,0,0,0,1
9-Left_jpg.rf.01b279e42ed8d6159f94dbd1dfd4e79a.jpg,0,1,0,0,0,0,0
12-Left_jpg.rf.e9ab29b8b91778fd11d130627e13460a.jpg,0,0,0,1,0,0,0
23-Left_jpg.rf.69c48006b81d9efdb2d9e6553e856f02.jpg,0,0,0,1,0,0,0
15-Left_jpg.rf.48f7d50eb1c5f87ea7c0bbce3f19596e.jpg,0,0,0,1,0,0,0
6-Back_jpg.rf.cace4c972a8fea77842826830ddd2c7f.jpg,0,1,0,0,0,0,0
24-Right_jpg.rf.d10c53fc9feeb7906c562afd57eceed6.jpg,0,0,0,1,0,0,0
exhibition_202210_0000005_jpg.rf.5caa23184e440c6e2c4e01730ca91955.jpg,1,0,0,0,0,0,0
15-Back_jpg.rf.8333198bc02e3554dbba3616bb6e3395.jpg,0,0,0,1,0,0,0
24-Top-Down_jpg.rf.875540d6c158460b61d3927312975518.jpg,0,0,0,0,1,0,0
33-Front_jpg.rf.6ee0e097be47fdbb45c7b182d201a1a5.jpg,0,1,0,0,0,0,0
24-Front_jpg.rf.157f99499a54b53de786f20f044ec897.jpg,0,0,0,0,1,0,0
23-Top-Down_jpg.rf.0f8aceee62ba0fc917c510f5e081e19e.jpg,0,1,0,0,0,0,0
9-Left_jpg.rf.d7d7efc196665d27973d58da9afa7055.jpg,0,0,0,1,0,0,0
14-Front_jpg.rf.c801d1ceba1e71c8b3356660639ef094.jpg,0,0,0,1,0,0,0
8-Left_jpg.rf.f877b909c5247626d18bba17910ed1f6.jpg,0,0,0,0,1,0,0
32Top-Down_jpg.rf.b9dafb1a4c886b3cd81f2c9dd4946db2.jpg,0,1,0,0,0,0,0
16-Front_jpg.rf.893920258ca3a94fc161f084a8724c5f.jpg,0,0,0,1,0,0,0
exhibition_202210_0000007_jpg.rf.aa0d1bb30b464690234c0bbec3ee24af.jpg,1,0,0,0,0,0,0
24-Left_jpg.rf.a87db4767ef822cc74f7b7a5f1a4ea78.jpg,0,0,0,1,0,0,0
Zayn-Malik-low-hairline_webp.rf.ed8be2e4306b804981295592b922d686.jpg,1,0,0,0,0,0,0
24-Top-Down_jpg.rf.54d8d25f7ca0602320704faf465bcd7d.jpg,0,0,0,1,0,0,0
21-Front_jpg.rf.aef887a508d8fab6468bdf8802500377.jpg,0,0,0,1,0,0,0
exhibition_202210_0000001_jpg.rf.542378f47b580f9fdbade2f631bda9fc.jpg,0,1,0,0,0,0,0
21-Back_jpg.rf.24322f025a648df9616ca416c71cdc3b.jpg,0,0,0,1,0,0,0
9-Right_jpg.rf.9c56aa3795dedf8754fd6999a225bdc9.jpg,0,0,0,1,0,0,0
33-Back_jpg.rf.26c22d106dfaf2363c5f99404b61e5f8.jpg,0,1,0,0,0,0,0
23-Right_jpg.rf.44e55381fbd1a773a74ef0c123c06304.jpg,0,0,1,0,0,0,0
32-Front_jpg.rf.3c4691db6ab8daa1438c406d561dd468.jpg,0,1,0,0,0,0,0
8-Back_jpg.rf.7d93271a0d34e1a9da526bfce568945f.jpg,0,0,0,0,0,0,1
23-Right_jpg.rf.73689605f0a69cef7ec521be63fd32df.jpg,0,0,0,1,0,0,0
23-Front_jpg.rf.e7b36d1424fd3f4a646340212657f628.jpg,0,0,0,0,1,0,0
16-Left_jpg.rf.5665c1e5cbcc5e55a9dc0ce2c37ff66b.jpg,0,0,0,1,0,0,0
14-Right_jpg.rf.29d3abfb010b6eca6711cd75930a3082.jpg,0,0,0,1,0,0,0
21-Left_jpg.rf.2d3559fb8915dd73ec87488e3d4539df.jpg,0,0,0,1,0,0,0
24-Back_jpg.rf.fed6e9f141c333a0f0da3ae41e3a4042.jpg,0,0,0,0,0,1,0
16-Back_jpg.rf.5b07da0f3dc2466105d17399a11b27d1.jpg,0,0,0,1,0,0,0
14-Left_jpg.rf.f45eb9d9f5ac9c0404fb5ff950796789.jpg,0,0,0,1,0,0,0
1-Front_jpg.rf.a1b5a7b3586686dd3d8f31c927732c4e.jpg,0,0,0,1,0,0,0
7-Left_jpg.rf.b2f401acfe2077ea7829625022f0f4f8.jpg,0,0,0,0,1,0,0
27-Front_jpg.rf.150fd76db6fdebc824182256e8f91176.jpg,0,0,0,0,1,0,0
1-Back_jpg.rf.7f7da640baae95fb20223e8a5949b310.jpg,0,0,0,1,0,0,0
20-Top-Down_jpg.rf.c99bcc2b81cf17fdc0cc073bb7e83fa0.jpg,0,0,0,1,0,0,0
9-Back_jpg.rf.f931873d35b11dcce4ce2c0527a44c9c.jpg,0,1,0,0,0,0,0
1-Front_jpg.rf.315fdb7e3d5ebb94636f2862f99f42cf.jpg,0,0,0,1,0,0,0
23-Right_jpg.rf.a8f21e97b654998fc79f462e4ddf0e34.jpg,0,0,1,0,0,0,0
36-Back_jpg.rf.598b3f27ec61b817dafe69623f8241a5.jpg,0,1,0,0,0,0,0
33-Right_jpg.rf.03b47b5d929f7440bb130b0f83cdeaa9.jpg,0,1,0,0,0,0,0
20-Left_jpg.rf.765a4f458a1485a90a35e279f34a8d34.jpg,0,0,0,1,0,0,0
24-Left_jpg.rf.669a3c7afdca02110cfa5f193aff91db.jpg,0,1,0,0,0,0,0
11-Front_jpg.rf.ded96e11fb267510ca69efb2b242ea4e.jpg,0,0,0,1,0,0,0
8-Back_jpg.rf.c18b4d0469d978cfa75afbc22d2d24a9.jpg,0,0,0,0,1,0,0
18-Top-Down_jpg.rf.46da42ab6211a83f51af69daab9ca4cc.jpg,0,0,0,1,0,0,0
24-Back_jpg.rf.653735df9a3d9bf374fd63ca2ff56c3e.jpg,0,0,0,0,0,1,0
24-Front_jpg.rf.661fe024348b74761453a531d4863e25.jpg,0,0,0,1,0,0,0
20-Back_jpg.rf.6dbca591f4b06ee15fd8fe372565d778.jpg,0,0,0,1,0,0,0
33-Top-Down_jpg.rf.6a194d5e99b951592f60ee8621b52155.jpg,0,1,0,0,0,0,0
20-Front_jpg.rf.b07cfc6ae5cb79188735d01a5c76c7ed.jpg,0,0,0,1,0,0,0
7-Front_jpg.rf.fab23658e6efad1715b3adb90ac0588a.jpg,0,0,0,0,1,0,0
35-Front_jpg.rf.f7899177afeb3b7b4a3ecdbf50f1ad5e.jpg,0,1,0,0,0,0,0
10-Back_jpg.rf.70001233b2a9c7d1c3ca4f6b78620f87.jpg,0,0,0,1,0,0,0
23-Top-Down_jpg.rf.536c0a0f11f50507589ff23939664a8c.jpg,0,0,0,1,0,0,0
1-Back_jpg.rf.ced68a1c5d1a5ebdb8e2eb6213a808be.jpg,0,0,0,1,0,0,0
35-Top-Down_jpg.rf.ef49f4907b5d02aa3ebefd6328020497.jpg,0,1,0,0,0,0,0
18-Front_jpg.rf.8aafffb0bb6711395c13352e24c2b016.jpg,0,0,0,1,0,0,0
37-Back_jpg.rf.13c87807e3540ee1f8b117ecf3fc2276.jpg,0,1,0,0,0,0,0
35-Left_jpg.rf.6001ddc1c2a39dd5f5ad2f90920264b3.jpg,0,1,0,0,0,0,0
6-Top-Down_jpg.rf.6014f70b02c5f1770667f8de35b45ae5.jpg,0,1,0,0,0,0,0
35-Back_jpg.rf.fa060acb5b5267143bbfc15c32168fbb.jpg,0,1,0,0,0,0,0
8-Front_jpg.rf.cf42fce74536bc46faf4e2dc4d385eda.jpg,0,0,0,0,1,0,0
35-Right_jpg.rf.5f252c751096854fb5b3c8223ae55d4e.jpg,0,1,0,0,0,0,0
24-Front_jpg.rf.e262f19cd4f10d9fdf150f169a7670af.jpg,0,0,0,1,0,0,0
37-Front_jpg.rf.3bb1846ab9b1e4e4514992717072f21b.jpg,0,1,0,0,0,0,0
11-Left_jpg.rf.b177d8915bf59efcb6c76b92ecb00c4a.jpg,0,0,0,1,0,0,0
exhibition_202210_0000003_jpg.rf.afa4fa33e2694c9c572359b5b0c1a852.jpg,1,0,0,0,0,0,0
23-Back_jpg.rf.cfdd0947d4accae6c9f6a792d77b4f61.jpg,0,0,0,0,1,0,0
18-Left_jpg.rf.2fe7d9dc4ff9305149568e922091a6ea.jpg,0,0,0,1,0,0,0
9-Back_jpg.rf.b1d86bda0ed60ed35c05ffdac4dd0d14.jpg,0,0,0,0,0,0,1
7-Top-Down_jpg.rf.daab4683219a00a19263821abf6ceb7f.jpg,0,0,0,0,1,0,0
frame_0031-3_jpg.rf.01a83f6c46828e51794f7d5cf6ae8127.jpg,1,0,0,0,0,0,0
36-Right_jpg.rf.a4d6a47592aa23d05a1f30b5cc04df78.jpg,0,1,0,0,0,0,0
14-Right_jpg.rf.385533381efe356a9d1a79e10cea93f0.jpg,0,0,0,1,0,0,0
36-Front_jpg.rf.67d370303bf39c5bf9bba4a2fc76f63e.jpg,0,1,0,0,0,0,0
24-Left_jpg.rf.97385b37e542b8355821e2b7c37a0726.jpg,0,0,0,1,0,0,0
24-Top-Down_jpg.rf.a149d1e684a0479c950995513e6519d1.jpg,0,0,0,1,0,0,0
24-Left_jpg.rf.9a0c7bf2be3add5c243e68efa5d7b992.jpg,0,0,0,1,0,0,0
36-Left_jpg.rf.4cd566413a3ca58c787d5586dadb6fa6.jpg,0,1,0,0,0,0,0
10-Left_jpg.rf.a20e44da20df3002ef4922d2432731f8.jpg,0,0,0,1,0,0,0
16-Right_jpg.rf.d9480fea7b806c85bf9db2f5a950d37d.jpg,0,0,0,1,0,0,0
8-Left_jpg.rf.69ade45db87be4f5d8efa5bf117b5f19.jpg,0,0,0,0,1,0,0
21-Top-Down_jpg.rf.3ca0238b712661594ac532d104ec6127.jpg,0,0,0,1,0,0,0
7-Right_jpg.rf.c311045013635e0f71635af543eed529.jpg,0,0,0,0,0,0,1
10-Right_jpg.rf.662a97ae718195d5e52b5a01bb774c93.jpg,0,0,0,1,0,0,0
10-Right_jpg.rf.1a157827db8dd7ea77419ef109e61bc0.jpg,0,0,0,1,0,0,0
24-Left_jpg.rf.8b07a4dd896c1f0fe96915f245987beb.jpg,0,1,0,0,0,0,0
23-Top-Down_jpg.rf.acd5508bf785e2d5855d05e840a82472.jpg,0,0,0,0,0,0,1
8-Top-Down_jpg.rf.c0863cff10aaab9782b075489e264201.jpg,0,0,0,0,0,0,1
32Left_jpg.rf.cc27b14f772c7227737b92413686d456.jpg,0,1,0,0,0,0,0
10-Left_jpg.rf.2f1aca3cb6510af9dfe72a45086f22d5.jpg,0,0,0,1,0,0,0
23-Top-Down_jpg.rf.faef0b599633f8547d2439a159f314b3.jpg,0,1,0,0,0,0,0
24-Left_jpg.rf.7824fc7958c9f682718daf66c02ffa86.jpg,0,0,0,1,0,0,0
10-Back_jpg.rf.769b1b1f553bc97fcbb62abc3708e7dc.jpg,0,0,0,1,0,0,0
Zayn-Malik-low-hairline_webp.rf.defded1247ba5ad3a3b7a0d5a809c7bb.jpg,1,0,0,0,0,0,0
exhibition_202210_0000005_jpg.rf.f54eac732c31ab4da7eea70d40a95bd6.jpg,1,0,0,0,0,0,0
15-Top-Down_jpg.rf.5e7e3891e9b64b7799d167bdcfba90f9.jpg,0,0,0,1,0,0,0
15-Back_jpg.rf.0712ae3867972c91a837a08bd249cb87.jpg,0,0,0,1,0,0,0
31-Top-Down_jpg.rf.5fdeb0760678abae5567d5783be54fa3.jpg,0,1,0,0,0,0,0
16-Back_jpg.rf.36b63e684e60ac379e84d31e6b8b6d80.jpg,0,0,0,1,0,0,0
7-Front_jpg.rf.4e09129a68a2268af7ab904043d3e578.jpg,0,0,0,0,0,0,1
37-Top-Down_jpg.rf.1e766da1757cd71e7ee032a83d1211c5.jpg,0,1,0,0,0,0,0
15-Left_jpg.rf.78f64c3ab768b8fbcceb79c703f2704d.jpg,0,0,0,1,0,0,0
9-Back_jpg.rf.155c265c90dd2ed057f06ad981a41e38.jpg,0,1,0,0,0,0,0
24-Right_jpg.rf.11ebc95cb7f6b4e856ee0d112c984718.jpg,0,1,0,0,0,0,0
24-Right_jpg.rf.44ca30f0898eb6b173004b4e6e68cfc9.jpg,0,0,0,0,1,0,0
6-Back_jpg.rf.3ef8084a8dafe64a863ab90986257b9a.jpg,0,1,0,0,0,0,0
9-Back_jpg.rf.3e1fc32c0b8738824d6bf22a4f293c1a.jpg,1,0,0,0,0,0,0
11-Front_jpg.rf.0d9c18cc602a84e6788381a9ae730e0d.jpg,0,0,0,1,0,0,0
12-Back_jpg.rf.5577d375a2927658751fd09ebaca16e3.jpg,0,0,0,1,0,0,0
30-Right_jpg.rf.d26d19a0d981a6f51cdd1156c8e7c3a0.jpg,0,1,0,0,0,0,0
33-Right_jpg.rf.16485fe0207fd6f058583cc3610c4495.jpg,0,1,0,0,0,0,0
11-Left_jpg.rf.5db85fa1223d56e9bf5c9a67825cbf25.jpg,0,0,0,1,0,0,0
8-Back_jpg.rf.6322edebecd7330f721c4a247379a614.jpg,0,0,0,0,0,0,1
33-Back_jpg.rf.16915ffaf41ece6f2f8cf125a0acaf0c.jpg,0,1,0,0,0,0,0
7-Left_jpg.rf.632e8007e10237d406d48385be88abb6.jpg,0,0,0,0,0,0,1
9-Top-Down_jpg.rf.2e578d9bbb14380b75b45751d0a9ac87.jpg,0,0,0,1,0,0,0
33-Front_jpg.rf.ae368718b0f722600f19582f7637e6e1.jpg,0,1,0,0,0,0,0
9-Top-Down_jpg.rf.93600aa9d3758c6d51a0e5f86baac78a.jpg,0,1,0,0,0,0,0
exhibition_202210_0000003_jpg.rf.f146ccb11ff64099623258b395d4bbc9.jpg,1,0,0,0,0,0,0
36-Left_jpg.rf.99535f7c3494a27dcf032e024f0936ed.jpg,0,1,0,0,0,0,0
7-Right_jpg.rf.cf579cf3bb995af0279e11fd9ee719cd.jpg,0,0,0,0,0,0,1
37-Right_jpg.rf.def8345e189091123a51878f45372975.jpg,0,1,0,0,0,0,0
6-Right_jpg.rf.47170e4c520253bb93a71fd5a49deada.jpg,0,1,0,0,0,0,0
31-Right_jpg.rf.0111812386ecafb3edb181e4afb87f37.jpg,0,1,0,0,0,0,0
exhibition_202210_0000066_jpg.rf.3739b75325f8a768303c49a631fff0f0.jpg,1,0,0,0,0,0,0
frame_0031-3_jpg.rf.dff0bff2de126698996895abd501bde8.jpg,1,0,0,0,0,0,0
24-Right_jpg.rf.987a798bc35d50592c818af900fa2829.jpg,0,0,0,1,0,0,0
31Front_jpg.rf.f1cf7271f064f589b8f1bb3d2bc93128.jpg,0,1,0,0,0,0,0
14-Left_jpg.rf.7f74e3f2a605c8ce233ff7332fb77e7b.jpg,0,0,0,1,0,0,0
12-Right_jpg.rf.ced46c2c0ba64bfeb5171877e76b323c.jpg,0,0,0,1,0,0,0
35-Front_jpg.rf.794347b6eb94a6cc5948c2d5d1c041db.jpg,0,1,0,0,0,0,0
7-Left_jpg.rf.23f9e9ec38be189989d7faa240422dda.jpg,0,0,0,0,0,0,1
14-Back_jpg.rf.b9c26a1067fdb6bcae03007202f63c80.jpg,0,0,0,1,0,0,0
35-Back_jpg.rf.0448813f5239e79ee1f707d7b73b9bfb.jpg,0,1,0,0,0,0,0
9-Right_jpg.rf.954bb0e1a73603f6e38b203860a095ed.jpg,0,0,0,1,0,0,0
33-Top-Down_jpg.rf.36d4f92d653a696a27bed748fb102f2a.jpg,0,1,0,0,0,0,0
24-Right_jpg.rf.ba3347f53f7d9f5d3a145d3c81d5806f.jpg,0,0,0,0,1,0,0
12-Front_jpg.rf.763f3501f4be68ab34ed61240f0e1b3b.jpg,0,0,0,1,0,0,0
35-Top-Down_jpg.rf.771f50a8c37eff788bef0df2798361ec.jpg,0,1,0,0,0,0,0
14-Front_jpg.rf.cbf0230a7200854f62ee5fb993a81f9e.jpg,0,0,0,1,0,0,0
16-Left_jpg.rf.e53e1808708fe307ce3ee456e7413d5f.jpg,0,0,0,1,0,0,0
12-Top-Down_jpg.rf.fe652cccc04355a8ceaaa7ea1e59b5eb.jpg,0,0,0,1,0,0,0
30-Top-Down_jpg.rf.b4edef36687f68e6afb06e1f4aa949ec.jpg,0,1,0,0,0,0,0
16-Front_jpg.rf.6949bff2c7a24920166f9e51749ddadc.jpg,0,0,0,1,0,0,0
9-Left_jpg.rf.dcb62b4d04a713cd4ece0223f72bf607.jpg,0,0,0,1,0,0,0
31Left_jpg.rf.04ebddf9b87c92268b4ab0ffe8eb6a77.jpg,0,1,0,0,0,0,0
18-Front_jpg.rf.f9e79e6acc6693f931277db30d87b138.jpg,0,0,0,1,0,0,0
23-Back_jpg.rf.e0e6cb665ee2f1da26f637f76cd2e5d7.jpg,0,0,0,1,0,0,0
32-Front_jpg.rf.bc06f516a121eafae56e3fd568824f6f.jpg,0,1,0,0,0,0,0
15-Left_jpg.rf.4c22fd7d2ec8e43bc486c98a2bc10c45.jpg,0,0,0,1,0,0,0
35-Right_jpg.rf.ad921129ebfd48708c9c6a09801e137e.jpg,0,1,0,0,0,0,0
12-Left_jpg.rf.82412482a1e3a4f710a89db60103d790.jpg,0,0,0,1,0,0,0
36-Back_jpg.rf.2d6f16167c0e9e3fc39dc638efaf52e9.jpg,0,1,0,0,0,0,0
35-Left_jpg.rf.f88b30c1d190ad3a9e1e197ebe579064.jpg,0,1,0,0,0,0,0
11-Back_jpg.rf.68f5d2f52469bf61d550ae5b73d462ee.jpg,0,0,0,1,0,0,0
36-Front_jpg.rf.327dcbbf7adad3047598c094604fd6a0.jpg,0,1,0,0,0,0,0
32Top-Down_jpg.rf.844da111364c391348c79a83f3b016d6.jpg,0,1,0,0,0,0,0
Zayn-Malik-low-hairline_webp.rf.933386d8d6a50bf92f3489fd413831c1.jpg,1,0,0,0,0,0,0
9-Right_jpg.rf.565772b98f77c35b904908022a9c8dd2.jpg,0,1,0,0,0,0,0
6-Right_jpg.rf.577f9f5547cd1b2d4a96c11fbcd746fc.jpg,0,1,0,0,0,0,0
9-Left_jpg.rf.c7c4c052a7249aa0f64022d6c3bdda13.jpg,0,1,0,0,0,0,0
18-Left_jpg.rf.a36dc30a43777b320c5e78d2276f7b29.jpg,0,0,0,1,0,0,0
20-Front_jpg.rf.6c5b38da8abe59705facb0ac2658c7f4.jpg,0,0,0,1,0,0,0
32Left_jpg.rf.2d6f1f7cd0d86c717576620be05a9154.jpg,0,1,0,0,0,0,0
exhibition_202210_0000005_jpg.rf.48dcbbe4c6b21a40b6b6b95cfc1eae15.jpg,1,0,0,0,0,0,0
20-Top-Down_jpg.rf.ac4f9c06f9af95f7fc7a2271a198040a.jpg,0,0,0,1,0,0,0
16-Back_jpg.rf.d711aaaf7d64009cc65622c419bb8781.jpg,0,0,0,1,0,0,0
16-Right_jpg.rf.1be33654b61d939d38df9d7c3dcf4ea1.jpg,0,0,0,1,0,0,0
12-Top-Down_jpg.rf.946df61ddcdcf89f2ffdba3885ea8016.jpg,0,0,0,1,0,0,0
11-Back_jpg.rf.c0e1b9a91e90645a6b1cbe0e80b34c81.jpg,0,0,0,1,0,0,0
32-Back_jpg.rf.65122160d8c5f5147cee061955a265af.jpg,0,1,0,0,0,0,0
30-Front_jpg.rf.41df58e06ba51dcc55b9c91465ba52fb.jpg,0,1,0,0,0,0,0
15-Top-Down_jpg.rf.0980b279ee901c39693335e94e58b76e.jpg,0,0,0,1,0,0,0
37-Front_jpg.rf.df98a4bb5562a1bba9e51db378ca2a51.jpg,0,1,0,0,0,0,0
27-Front_jpg.rf.09543a0ccecd57a64034f79bec8d9a5b.jpg,0,0,0,0,1,0,0
18-Top-Down_jpg.rf.cb87a4691300cb7677d9531e94ed81dc.jpg,0,0,0,1,0,0,0
8-Top-Down_jpg.rf.ecc87c98a77e885d05b896d751a390e5.jpg,0,0,0,0,0,0,1
20-Back_jpg.rf.58d4ed511d44ccf0df055c80bd57dc33.jpg,0,0,0,1,0,0,0
6-Back_jpg.rf.97c210e6cc58cff3c1afb5011c7bfc3a.jpg,0,1,0,0,0,0,0
36-Right_jpg.rf.44dc187278d17dce36b4c800b7bde650.jpg,0,1,0,0,0,0,0
27-Front_jpg.rf.2e8c76ed64fc634b7236a9a5d8d52a41.jpg,0,0,0,0,1,0,0
9-Back_jpg.rf.b2cd8343247bddcec598607f9cb874af.jpg,0,0,0,0,0,0,1
37-Top-Down_jpg.rf.890409d35c3befa795b2396ab76b1064.jpg,0,1,0,0,0,0,0
9-Back_jpg.rf.1375a527937b9b2d8582309391376cc8.jpg,0,1,0,0,0,0,0
37-Right_jpg.rf.36725066b9cf7aaf988bb816d538a98f.jpg,0,1,0,0,0,0,0
37-Back_jpg.rf.b2ed07631a00c781c65606e690c50664.jpg,0,1,0,0,0,0,0
14-Front_jpg.rf.2dc2b0b034838c9f56f04e2d676d44b5.jpg,0,0,0,1,0,0,0
6-Top-Down_jpg.rf.d2440ec04951de4b978bf1ea0f3b0bff.jpg,0,1,0,0,0,0,0
exhibition_202210_0000007_jpg.rf.ba2436e155a5a17a4b5277ca44e2cb04.jpg,1,0,0,0,0,0,0
21-Front_jpg.rf.9c6ecd6cbba50061aa878e65dceb7baa.jpg,0,0,0,1,0,0,0
16-Right_jpg.rf.e7b03d04cf0067d9b76f55bfb34251ab.jpg,0,0,0,1,0,0,0
20-Left_jpg.rf.bf5d13d0104708d3b816fa13f990854e.jpg,0,0,0,1,0,0,0
27-Front_jpg.rf.e6c6ff6f5bb8461ce39208a615fb9ea3.jpg,1,0,0,0,0,0,0
21-Top-Down_jpg.rf.ebfe54416dd461c59557d809cbec9593.jpg,0,0,0,1,0,0,0
24-Right_jpg.rf.cbeae00727cd478d90cf286dd43ed47f.jpg,0,0,0,1,0,0,0
24-Top-Down_jpg.rf.0ab559106e3bfe2a0c490a3ab54874a9.jpg,0,0,0,1,0,0,0
3-Right_jpg.rf.22a3a036ff25a8fce8d85bbf33d1ee4f.jpg,0,1,0,0,0,0,0
18-Front_jpg.rf.b4b1b394c02b9efe15054e2f3bf5036f.jpg,0,0,0,1,0,0,0
9-Right_jpg.rf.be85a821ecc57b33ffe1271a82fdf1e9.jpg,0,0,0,1,0,0,0
16-Left_jpg.rf.5bbc9d83a0f93d56e668a4ecee7ea186.jpg,0,0,0,1,0,0,0
9-Left_jpg.rf.dddd5a9cac3486f08640431d6870c627.jpg,0,0,0,1,0,0,0
14-Back_jpg.rf.a289760864f41a0921395d62819533cf.jpg,0,0,0,1,0,0,0
20-Left_jpg.rf.8357f33216ad72107cf9e468ee36264b.jpg,0,0,0,1,0,0,0
14-Left_jpg.rf.7259dbdd4b9c6467fc916a277355ffc1.jpg,0,0,0,1,0,0,0
21-Top-Down_jpg.rf.656be07e6fedeb4c3742afb7c5d872f5.jpg,0,0,0,1,0,0,0
14-Right_jpg.rf.289847499e068b24f63bb2e2a0763b56.jpg,0,0,0,1,0,0,0
20-Front_jpg.rf.ff873a1d6ba377abc34fd7911ac9bcfa.jpg,0,0,0,1,0,0,0
16-Front_jpg.rf.6e3e47611ae871b50c184a0341775d5f.jpg,0,0,0,1,0,0,0
9-Top-Down_jpg.rf.e1d3770b7ac5dc6df3ad7239e09d1cce.jpg,0,1,0,0,0,0,0
7-Front_jpg.rf.83c9d422922d144631a16b02d3efae04.jpg,0,0,0,0,0,1,0
15-Back_jpg.rf.c831eea8dcfac908b734ba2d88ae9d4b.jpg,0,0,0,1,0,0,0
9-Right_jpg.rf.550bc6ced66d0241bf6fefd07e03dc6a.jpg,0,1,0,0,0,0,0
18-Top-Down_jpg.rf.d359d6c11b8e0e0e221ed471297687c3.jpg,0,0,0,1,0,0,0
9-Left_jpg.rf.428957e14731aada530ccfaa9a0f2a91.jpg,0,1,0,0,0,0,0
9-Back_jpg.rf.1a9835257751e055313d50ba8e5bd76b.jpg,1,0,0,0,0,0,0
21-Front_jpg.rf.36d1ad60b041e16adb6b820243664bd1.jpg,0,0,0,1,0,0,0
27-Left_jpg.rf.be0f5a3a87f575bbe1f249b69ec051d8.jpg,0,0,0,0,1,0,0
20-Back_jpg.rf.881719a6d9037acfba647616ae8f19e3.jpg,0,0,0,1,0,0,0
27-Front_jpg.rf.6190aeb45e99a09d5799546cb5655fb4.jpg,0,0,0,1,0,0,0
18-Left_jpg.rf.bbece523bcebc2bc422dce6d4bf86172.jpg,0,0,0,1,0,0,0
exhibition_202210_0000007_jpg.rf.3fec7db16aace1ef9352992dc103aab2.jpg,1,0,0,0,0,0,0
27-Back_jpg.rf.16a3ae249bb98c5fcbc50ded7780bf59.jpg,0,0,0,1,0,0,0
24-Top-Down_jpg.rf.2cd961863f7054379440d82bf43fe0d7.jpg,0,0,0,1,0,0,0
20-Top-Down_jpg.rf.1403de4a2f8e8fee8d8add4118d55dcc.jpg,0,0,0,1,0,0,0
21-Left_jpg.rf.dd300e9e1e62e3b4a84800d8108bc511.jpg,0,0,0,1,0,0,0
21-Back_jpg.rf.bca71d928a5b6b3e81c78d589a24558a.jpg,0,0,0,1,0,0,0
27-Front_jpg.rf.9062e97fd39160afb82bfcec65f9e0bb.jpg,0,0,0,0,1,0,0
31-Right_jpg.rf.318ff9bea7af946823f1085e22df662b.jpg,0,0,1,0,0,0,0
31-Right_jpg.rf.92f84aae79023e28e952d838c75ac8ea.jpg,0,0,1,0,0,0,0
17-Right_jpg.rf.4b5be032dcf0cdca322878f37349ea62.jpg,0,0,1,0,0,0,0
29-Right_jpg.rf.2b12fc3051eda336dd934b5ef039a2b9.jpg,0,0,1,0,0,0,0
29-Top-Down_jpg.rf.44dcc3017b69578ffc4cef011d3339ad.jpg,0,0,1,0,0,0,0
27-Back_jpg.rf.e42d72c88634512592c0ac8e32050ea2.jpg,0,0,0,0,1,0,0
39-Right_jpg.rf.c8b9d8a39f9661356fc6c790f6332704.jpg,0,0,0,1,0,0,0
14-Back_jpg.rf.7fbb964cf38ff12540df7508a73293a3.jpg,0,0,1,0,0,0,0
34-Left_jpg.rf.472fae6b24a39bacb09d3daaf9987646.jpg,0,0,0,1,0,0,0
14-Right_jpg.rf.36fccb11043897a2b8d5a7b818048dbb.jpg,0,0,1,0,0,0,0
17-Top-Down_jpg.rf.62a80a674390f64532b245d1176a40bc.jpg,0,0,1,0,0,0,0
23-Front_jpg.rf.bd4a70be6ef8cd2ac0cd9ffd9b5e8253.jpg,0,0,0,0,0,0,1
26-Top-Down_jpg.rf.18074c34d61d7ff82dab16d2a327792b.jpg,0,0,0,0,1,0,0
32-Right_jpg.rf.7998bf1b9e80d62dc3e70598e6a6ef78.jpg,0,1,0,0,0,0,0
54-Front_jpg.rf.b29ad0c939b7f7a8a707c11c40acd353.jpg,0,0,0,0,1,0,0
6-Front_jpg.rf.bd28b1c3185a6490b993792844fcff06.jpg,0,0,0,0,1,0,0
31-Left_jpg.rf.6cd1ac28588bc74b1bec2eef86318408.jpg,0,0,0,0,1,0,0
23-Left_jpg.rf.b57287c6b1490a686bb2b71a4313878d.jpg,0,0,1,0,0,0,0
23-Top-Down_jpg.rf.0e0dd6f8a242f0cf0c5c69634c5fe816.jpg,0,0,0,1,0,0,0
12-Left_jpg.rf.ef77351a844e0d1f1c4a14110ca4e159.jpg,0,0,1,0,0,0,0
24-Left_jpg.rf.2e100739282472c3254d443d05b6aaa7.jpg,0,0,0,1,0,0,0
23-Left_jpg.rf.90cc16111c1b3926dcc44f2323da6aa4.jpg,0,0,0,0,0,0,1
6-Left_jpg.rf.363f8e6da74719f5d27d784d1df027b7.jpg,0,0,0,0,1,0,0
23-Right_jpg.rf.fa07facec2d489552c22feea0b5e818c.jpg,1,0,0,0,0,0,0
8-Back_jpg.rf.f8f89448d9a1381e12c5d6a27a759b88.jpg,0,0,0,0,1,0,0
26-Back_jpg.rf.a0abe3b67c38d3879fb80eb1a2e656b3.jpg,0,0,0,0,1,0,0
24-Left_jpg.rf.6df8ee1d89805f4b261c2fe4267481ce.jpg,0,1,0,0,0,0,0
24-Front_jpg.rf.5487ef9e212ba840d38daf71e3fa74d9.jpg,0,0,0,1,0,0,0
35-Back_jpg.rf.08894bfa996029ee48acd5cde1164f04.jpg,0,0,0,0,0,0,1
31-Top-Down_jpg.rf.042ea0d4163374eaf80eb14d9fcc3a96.jpg,0,0,1,0,0,0,0
23-Left_jpg.rf.53c6f3ca4a11983056374c41b5f48175.jpg,0,0,0,1,0,0,0
31Left_jpg.rf.90654b718c04bae5bc64ef7e31a0b7e8.jpg,0,1,0,0,0,0,0
31-Front_jpg.rf.4ceb602fdf21ed925aaed843df6a8aa9.jpg,0,0,1,0,0,0,0
24-Front_jpg.rf.1a3b2914b8eb25fd9166ce74c328c6d9.jpg,0,0,1,0,0,0,0
7-Left_jpg.rf.22580bd78ea1b00757246c2173bf7462.jpg,0,0,0,0,1,0,0
34-Front_jpg.rf.76a6a8098dcdb0051582fa8154bcea5b.jpg,0,0,0,1,0,0,0
31-Front_jpg.rf.cdae749cc75d1158a7fd682d00c638e1.jpg,0,0,0,1,0,0,0
exhibition_202210_0000003_jpg.rf.05d414504ea0739bef7912244c57d9b1.jpg,1,0,0,0,0,0,0
10-Back_jpg.rf.0437a46f2b3931ea2626b68e36f4588a.jpg,0,0,0,1,0,0,0
7-Top-Down_jpg.rf.c8a5832c67474d11aef9641db2441da7.jpg,0,0,0,0,1,0,0
12-Right_jpg.rf.760673921ad26619977cc2edbe301df9.jpg,0,0,1,0,0,0,0
26-Front_jpg.rf.745abe695b1893cf957f215144d90cdb.jpg,0,0,0,0,1,0,0
10-Right_jpg.rf.fff4780089f1039fe01f335eaee75f0e.jpg,0,0,0,1,0,0,0
17-Left_jpg.rf.a33370b3a63712ec6dd0359fd2402294.jpg,0,0,1,0,0,0,0
29-Front_jpg.rf.132794e065bea7490598a64da737ea16.jpg,0,0,1,0,0,0,0
33-Front_jpg.rf.42f0fd8c67e397596046c91c395da029.jpg,0,0,1,0,0,0,0
exhibition_202210_0000001_jpg.rf.c61e003122dbbc6b77700dd896fb74ef.jpg,0,1,0,0,0,0,0
8-Left_jpg.rf.d12ec5ff096504a20f65d32d743a2b72.jpg,0,0,0,0,1,0,0
33-Back_jpg.rf.99bc7a6d0e546a05066b31b0fb45a575.jpg,0,0,1,0,0,0,0
38-Left_jpg.rf.d6e64e43bb023f00ca6bbbbbcd90dfee.jpg,0,0,0,1,0,0,0
38-Right_jpg.rf.9aa414b22213255b7aaddae4c7b0eba8.jpg,0,0,0,1,0,0,0
12-Top-Down_jpg.rf.16f2c41cc30358beb05c38669d76288b.jpg,0,0,1,0,0,0,0
27-Top-Down_jpg.rf.3bbc85466fb01e2f9c9e9a7698ae00e7.jpg,0,0,0,0,1,0,0
23-Left_jpg.rf.84dbaf4e16faaf37216c1a7c34751e1f.jpg,0,1,0,0,0,0,0
23-Right_jpg.rf.7d97ea77266a70a04e6faeef7a3e5c12.jpg,0,0,0,1,0,0,0
12-Front_jpg.rf.d306f81d06c6c8e6ea585d54094eb7d4.jpg,0,0,0,1,0,0,0
23-Right_jpg.rf.d10f087e8e48e6df856516c4787cee03.jpg,0,0,1,0,0,0,0
12-Left_jpg.rf.ddad07db62f279ca86934efec9dc6aec.jpg,0,0,0,1,0,0,0
24-Right_jpg.rf.e8adcb9d32ffb63586be0abac5e1c2f3.jpg,0,1,0,0,0,0,0
24-Back_jpg.rf.23ca0d3b0be35318dd2d902c390c5215.jpg,0,0,0,0,0,1,0
23-Top-Down_jpg.rf.38dcff8df4bba91c4e1e40e8839bfe76.jpg,0,1,0,0,0,0,0
30-Front_jpg.rf.5fe043b09d0aa92e4034a930bed32871.jpg,0,0,0,0,0,0,1
12-Back_jpg.rf.64157e57b88d6dfff0dbbd3d79a1008c.jpg,0,0,0,1,0,0,0
10-Left_jpg.rf.22b43439a75c1e3d13d1e600a08edcc1.jpg,0,0,0,1,0,0,0
12-Right_jpg.rf.6757ac248a03f97278c4e51cc016c560.jpg,0,0,0,1,0,0,0
8-Front_jpg.rf.c9956e919cb7809c8998c647086b4cf4.jpg,0,0,0,0,1,0,0
24-Left_jpg.rf.d127c1e840c449cdca7b54e4101732a8.jpg,0,0,0,1,0,0,0
30-Back_jpg.rf.5694f36183206d80796fe9b40072b26e.jpg,0,0,0,0,0,1,0
30-Front_jpg.rf.871afd94bf52f757c062f35a0cabf342.jpg,0,0,0,1,0,0,0
39-Back_jpg.rf.6eeee59a8850ac32e83d6486171fb2e9.jpg,0,0,0,1,0,0,0
31-Front_jpg.rf.73e9c72e7a204ecf48b1b927308b785c.jpg,0,0,0,1,0,0,0
31-Left_jpg.rf.78e9e41c0f2d315e921937a94a8d3fd7.jpg,0,0,0,0,1,0,0
33-Left_jpg.rf.6943adc929a49a08d8be5e93b0f5a04a.jpg,1,0,0,0,0,0,0
3-Back_jpg.rf.9cacad4cb6c231e674d5218e0610c6c7.jpg,0,0,0,0,1,0,0
1-Back_jpg.rf.5c3e9ab7b4ff376dfed8d8526674b1b8.jpg,0,0,0,1,0,0,0
38-Top-Down_jpg.rf.b489d038d5e79be4726d7a7f1c1659f8.jpg,0,0,0,1,0,0,0
23-Top-Down_jpg.rf.19a75314b90998b6b2f9e6d87aa76ca5.jpg,0,0,0,0,0,0,1
7-Front_jpg.rf.dc1c465e26e2930267e2a0ced457fa86.jpg,0,0,0,0,1,0,0
1-Front_jpg.rf.8e5ec618a5dd05c13ca97b134d9f4808.jpg,0,0,0,1,0,0,0
39-Front_jpg.rf.d67ce21b7a3d911aee6f3cf4ba7d6086.jpg,0,0,0,1,0,0,0
11-Back_jpg.rf.b223289ae857dee51c61d6ec24771143.jpg,0,0,0,1,0,0,0
33-Front_jpg.rf.0c223fa5a7aff40a117a2f3bb9b10981.jpg,0,0,0,0,1,0,0
30-Left_jpg.rf.ad16f5d51482b7659f3ae8b1323786ec.jpg,0,0,0,0,0,0,1
39-Left_jpg.rf.eb4198fce0b17b35c9a32212df24e401.jpg,0,0,0,1,0,0,0
39-Top-Down_jpg.rf.a4a6e45704360a356c1f4eb14e0c7eb4.jpg,0,0,0,1,0,0,0
3-Top-Down_jpg.rf.334c9fe205aeaea8d8cc8e9513e1b2d9.jpg,0,0,0,1,0,0,0
14-Back_jpg.rf.3dc4006758fedc6a0858a3b08fab91c6.jpg,0,0,1,0,0,0,0
30-Front_jpg.rf.7a9e6e8b723334b2e3501a097342a567.jpg,0,0,0,0,0,0,1
24-Left_jpg.rf.81322c1e7150642d9192412a5a39f486.jpg,0,0,1,0,0,0,0
7-Back_jpg.rf.1b29f272411e5b3675c2dd8c97b99780.jpg,0,0,0,1,0,0,0
23-Right_jpg.rf.c181ccebcca88ff6f9b7d5bae0d495d2.jpg,0,0,1,0,0,0,0
7-Left_jpg.rf.46b2d8faa52d0928904dbc50f3e32c97.jpg,0,0,0,1,0,0,0
31-Right_jpg.rf.e9dbe514512571bb1ee7b30387ff875e.jpg,0,0,1,0,0,0,0
39-Right_jpg.rf.5d98d5e82f1fe4ff5db17594bf2e8008.jpg,0,0,0,1,0,0,0
31-Back_jpg.rf.2a6dff9cce232fb091f9e1e2f9538302.jpg,0,0,1,0,0,0,0
30-Left_jpg.rf.080543661c4f850ec9ccd32f82bcc624.jpg,0,0,0,1,0,0,0
36-Top-Down_jpg.rf.78b1ec33682a4708554fe4fc2eda3c1c.jpg,0,0,0,1,0,0,0
17-Left_jpg.rf.a14615af36994cca61e49c5318172b27.jpg,0,0,1,0,0,0,0
31Left_jpg.rf.583caff8b1ff620a83462078c4f55c2f.jpg,0,1,0,0,0,0,0
7-Front_jpg.rf.d09285eaa370af8ecb61e095e540d2c9.jpg,0,0,0,1,0,0,0
11-Left_jpg.rf.b41253be7687983044798ae2e5e9d5ac.jpg,0,0,0,1,0,0,0
36-Right_jpg.rf.8fe10a6d09855db4e892c8d33444c7ed.jpg,0,0,0,1,0,0,0
33-Right_jpg.rf.2da5776100af120154b2140c6400639e.jpg,1,0,0,0,0,0,0
26-Left_jpg.rf.954ac2aa2c3df78a08400c598a27e2a5.jpg,0,0,0,0,1,0,0
31-Top-Down_jpg.rf.98982e5a33fb0f39a2f2bc102e357202.jpg,0,0,0,0,1,0,0
23-Front_jpg.rf.1cccf89fab4dd230fb3ef574341e0046.jpg,0,0,0,0,1,0,0
38-Back_jpg.rf.4a9ab3810bc4855c9fc1b2d21045f7d4.jpg,0,0,0,1,0,0,0
14-Left_jpg.rf.c3532cd79e6464b2ce323a1e25dbc7ab.jpg,0,0,1,0,0,0,0
23-Right_jpg.rf.0394ff1a2fdc4f50e53236755f976298.jpg,0,0,1,0,0,0,0
31-Right_jpg.rf.81d490e35a2ef0da116d6c9aebf573d5.jpg,0,0,1,0,0,0,0
14-Right_jpg.rf.cf0e1376c56f110381abcdea1df4f6a9.jpg,0,0,1,0,0,0,0
30-Back_jpg.rf.686ab563ea214b857a9dab123150a3f9.jpg,0,0,0,0,0,0,1
11-Front_jpg.rf.e9d0c1cc5bcb27e51921be49a6f81561.jpg,0,0,0,1,0,0,0
37-Left_jpg.rf.94d86b7800ce06182e626c53817194dd.jpg,0,0,0,1,0,0,0
31Front_jpg.rf.ca69e06466c5e7f3c73e68d6290dd18b.jpg,0,1,0,0,0,0,0
23-Top-Down_jpg.rf.f7bbeff8d129b30fed7457c50f2c9683.jpg,0,0,1,0,0,0,0
32Top-Down_jpg.rf.7f481c272e65e9312ef7d630bafdd672.jpg,0,0,0,1,0,0,0
2-Top-Down_jpg.rf.3cce53c1032895a99435b8913a250834.jpg,0,0,1,0,0,0,0
23-Right_jpg.rf.0c59af1f57ab4bed464e23edfd761ef9.jpg,0,0,1,0,0,0,0
34-Top-Down_jpg.rf.1087560c5bc2ac0fe0de02775bdae5b5.jpg,0,0,0,0,1,0,0
33-Front_jpg.rf.3b5dc9975b0bc49f276bbd87097b3932.jpg,0,0,0,0,1,0,0
2-Back_jpg.rf.91401d232782a4bdc374d1721574fc05.jpg,0,0,1,0,0,0,0
17-Right_jpg.rf.afd23f8b90c0b0e4e32b411609ba8193.jpg,0,0,1,0,0,0,0
32Left_jpg.rf.894ba402d60ad2789cbc90a49717cc12.jpg,0,1,0,0,0,0,0
3-Right_jpg.rf.792383f18deb0a070a4e3fb1d7d00bc1.jpg,0,0,0,0,1,0,0
30-Right_jpg.rf.3255d3f83fd890c851475ae403165ed0.jpg,0,0,1,0,0,0,0
3-Right_jpg.rf.3248ae16ec0ab9079647cb3d60a33521.jpg,0,0,1,0,0,0,0
32-Right_jpg.rf.08ce48b9e1e33a0e6ea63062760f8852.jpg,0,1,0,0,0,0,0
34-Top-Down_jpg.rf.9322bf622d16a9675a6ef91c32b3a72a.jpg,0,0,0,1,0,0,0
31-Front_jpg.rf.214721d9346f7d98414f88ceed8a9450.jpg,0,0,1,0,0,0,0
37-Right_jpg.rf.c3d06796e2a6693563c213e1ce7bf486.jpg,0,0,0,1,0,0,0
17-Top-Down_jpg.rf.f37ef2c2a6c40bf840ff5f04740d1057.jpg,0,0,1,0,0,0,0
7-Top-Down_jpg.rf.5d0fd189cd313ece6c58e58f334b03f7.jpg,0,0,0,1,0,0,0
31-Top-Down_jpg.rf.a917a37fcdfa7d6c33ae3c0108f233f6.jpg,0,0,1,0,0,0,0
33-Back_jpg.rf.e3478713a25820f95b295389d32c8df2.jpg,0,1,0,0,0,0,0
35-Back_jpg.rf.0dbcc5f6d6464118589895acb1f53b71.jpg,0,0,0,0,0,0,1
2-Right_jpg.rf.94afadee4e3fbb0d9ef80226fb2cfc0f.jpg,0,0,1,0,0,0,0
23-Back_jpg.rf.06bb3aa7c76ebf870d162ad0f958d73c.jpg,0,0,1,0,0,0,0
33-Back_jpg.rf.c38002da6f7262ca77dde32f73ef3fa7.jpg,0,1,0,0,0,0,0
37-Top-Down_jpg.rf.3d8c4479998aaee9bff3ef3fb9096a98.jpg,0,0,0,1,0,0,0
3-Front_jpg.rf.f66cdb50861f06fe6c752e74e3070fed.jpg,0,0,0,1,0,0,0
12-Right_jpg.rf.bfd1e8d18e1366e38700f33454acdd6c.jpg,0,0,1,0,0,0,0
29-Top-Down_jpg.rf.23262eb576b9ad10c3c72ff8ef73555d.jpg,0,0,0,0,0,1,0
23-Top-Down_jpg.rf.3fd1250297f348e53c9f800646fa523b.jpg,0,0,1,0,0,0,0
35-Front_jpg.rf.136d92ce0c3865dc4046bad4979f6861.jpg,0,0,0,0,0,0,1
6-Front_jpg.rf.21c2e180f1b70dd445100f77a1f9035e.jpg,0,0,1,0,0,0,0
12-Top-Down_jpg.rf.fb0c232b242d93bb277022b0b3e76148.jpg,0,0,1,0,0,0,0
30-Right_jpg.rf.a2ae8de3bc40d03f7553327f34e7c631.jpg,0,0,0,0,0,1,0
33-Top-Down_jpg.rf.99e40429ca0e93d3f584c21d44873e47.jpg,0,0,1,0,0,0,0
37-Back_jpg.rf.a441dc29679ab0bb84ed80f457e580d1.jpg,0,0,0,1,0,0,0
1-Left_jpg.rf.fd346ebd47e5fc20641b68b3f1c31fbb.jpg,0,0,1,0,0,0,0
6-Left_jpg.rf.e3c6ab2004bf4f03f4702f2379241321.jpg,0,0,1,0,0,0,0
36-Front_jpg.rf.16678df793985c31831ed636e787e69e.jpg,0,0,0,1,0,0,0
33-Left_jpg.rf.cfaf20f31b0204adbfd5a5b5f261126c.jpg,1,0,0,0,0,0,0
39-Top-Down_jpg.rf.a528e557076970c7733a018463ec13bd.jpg,0,0,0,0,1,0,0
31-Back_jpg.rf.f7f2d2c124630f93eae6e67e91bc45d6.jpg,0,0,1,0,0,0,0
exhibition_202210_0000030_jpg.rf.c14e5c024bbb0579ce69f1f5ef88fa52.jpg,1,0,0,0,0,0,0
34-Back_jpg.rf.2159328619d66a594ebde2041693fbee.jpg,0,0,1,0,0,0,0
33-Front_jpg.rf.d4f0957fb0a5add0330a1c278562cbb6.jpg,0,0,1,0,0,0,0
30-Top-Down_jpg.rf.ea01c6a9fb907ba21acd95ab372568f5.jpg,0,1,0,0,0,0,0
1-Right_jpg.rf.38487581b3d47be11822c80147050a16.jpg,0,0,1,0,0,0,0
12-Back_jpg.rf.93fcff9c49291780feb0ec57e93f9373.jpg,0,0,1,0,0,0,0
36-Left_jpg.rf.004def4ca8e0eac741719f331f029042.jpg,0,0,0,1,0,0,0
4-Back_jpg.rf.f9007b89860bb9e5ba8262dc34266100.jpg,1,0,0,0,0,0,0
30-Left_jpg.rf.d335cb27ed26df181d2bf4d3ea2a1938.jpg,0,0,0,0,1,0,0
6-Right_jpg.rf.2c509b63b66d3bd3a7ef7257393e09e6.jpg,0,0,1,0,0,0,0
33-Left_jpg.rf.dd11b9a51b03c25e74254c5a44fb666d.jpg,0,0,1,0,0,0,0
24-Left_jpg.rf.e4ce2206c9190f3199b58dca53338af2.jpg,0,0,1,0,0,0,0
33-Back_jpg.rf.c508cf62c954bbcc00b55d83a49078d0.jpg,0,0,1,0,0,0,0
35-Front_jpg.rf.e01a844e76de011f546d1e967e7b655a.jpg,0,0,0,0,1,0,0
50-Front_jpg.rf.307616d5844d7221ee970ac5b611628f.jpg,0,0,0,0,1,0,0
4-Front_jpg.rf.710174376a5e04c0f41f25def2ee79a1.jpg,0,0,0,1,0,0,0
4-Left_jpg.rf.1126681a883bc8a221e2615757851417.jpg,0,0,0,0,0,0,1
29-Right_jpg.rf.d697b912787c980587779131e17c5ff3.jpg,0,0,1,0,0,0,0
14-Right_jpg.rf.00363c314d3fc419b1b3e1a4926d769e.jpg,0,1,0,0,0,0,0
34-Right_jpg.rf.7c7d31af18ac0c834ee9317a0e919eb9.jpg,0,0,0,1,0,0,0
18-Right_jpg.rf.54d937d8b2900d68d847e6359dd9bec1.jpg,0,1,0,0,0,0,0
33-Top-Down_jpg.rf.3ff9990260c155acb7b6752890704eb8.jpg,0,1,0,0,0,0,0
48-Back_jpg.rf.db2f22005e49c0b053c6c9c6f80a93b8.jpg,0,0,1,0,0,0,0
24-Front_jpg.rf.3ea99464f3785ca2dbea8d33e46f5eda.jpg,0,0,1,0,0,0,0
19-Back_jpg.rf.8ace56dbb8a6d3f5f88797f483921868.jpg,0,1,0,0,0,0,0
14-Top-Down_jpg.rf.ca3724dc7f2ec78af042b6f52c9cc55c.jpg,0,1,0,0,0,0,0
48-Left_jpg.rf.904e8ff935b4dce2a729b71bf6c70822.jpg,0,0,0,1,0,0,0
18-Front_jpg.rf.9148de38f219a6abcfbf112e755a7288.jpg,0,1,0,0,0,0,0
18-Left_jpg.rf.cd865d3bd091b12e636d55f8b8851a70.jpg,0,1,0,0,0,0,0
12-Left_jpg.rf.b5303772da8ae165865ee3141064f75e.jpg,0,0,1,0,0,0,0
48-Front_jpg.rf.504ccb8275386e8c408d3b3128c9daff.jpg,0,0,1,0,0,0,0
24-Right_jpg.rf.5aeea5b45900569f777338e822dd045e.jpg,0,0,1,0,0,0,0
5-Left_jpg.rf.bf000b883ae62d5fbfb9648ced505bb3.jpg,0,0,0,0,0,0,1
exhibition_202210_0000047_jpg.rf.9b46470196638b179c7801a7f8b7c32f.jpg,1,0,0,0,0,0,0
14-Back_jpg.rf.bdbb4a6ffde96911f09516bc76c1dc40.jpg,0,1,0,0,0,0,0
40-Left_jpg.rf.76310c9305023652497226b9c9fdca85.jpg,0,0,1,0,0,0,0
34-Left_jpg.rf.ce0d55469ec96ad7c6bc889bac8d13f8.jpg,0,0,0,1,0,0,0
31-Back_jpg.rf.e361bd1b6522d570d31bbe6e2bc2c34a.jpg,0,0,1,0,0,0,0
13-Top-Down_jpg.rf.e1036f687c297450bcaf0d49eb74f633.jpg,0,1,0,0,0,0,0
34-Front_jpg.rf.60954c3670cdb9bfa2c4b2e94d7ef89b.jpg,0,0,0,1,0,0,0
33-Right_jpg.rf.334d38e456e173f34b89a3a27e5c7864.jpg,1,0,0,0,0,0,0
17-Top-Down_jpg.rf.d3ac3ed0f61f851580fd7e92d13f803e.jpg,0,1,0,0,0,0,0
19-Front_jpg.rf.8cba93a55df87ad945a181769e957660.jpg,0,1,0,0,0,0,0
17-Left_jpg.rf.b6d6a2942db386dfd1bb3ca600694eb8.jpg,0,1,0,0,0,0,0
48-Top-Down_jpg.rf.f90d98a3c6b2f07f176c87f929113885.jpg,0,0,0,1,0,0,0
19-Left_jpg.rf.9ffdad1357f7b5c373a1e1fcc258c36e.jpg,0,1,0,0,0,0,0
17-Back_jpg.rf.d97f965c420b92672aaf110a1a90a80f.jpg,0,1,0,0,0,0,0
14-Left_jpg.rf.4cbb4dfccea1cd3d6a99ce52bf664788.jpg,0,1,0,0,0,0,0
29-Top-Down_jpg.rf.de2b333c7fe883919fc2352bbb8776c8.jpg,0,0,1,0,0,0,0
13-Left_jpg.rf.395bd9f364ffff745ecaf4c8414e0a45.jpg,0,1,0,0,0,0,0
13-Back_jpg.rf.0df30142f70daafcc1720869af373ae5.jpg,0,1,0,0,0,0,0
50-Left_jpg.rf.e06e9cc7c07670385dbce20c01fb223a.jpg,0,1,0,0,0,0,0
29-Front_jpg.rf.8629c15554516eec5093e36914cec2fe.jpg,0,0,1,0,0,0,0
13-Right_jpg.rf.4d6a296a679fb7bd4f74e82c7fab4099.jpg,0,1,0,0,0,0,0
33-Front_jpg.rf.678434ac63f14e88add09e3d26afcf8f.jpg,0,1,0,0,0,0,0
40-Right_jpg.rf.de18b4de762b7ccf309b0c2129cbb6d6.jpg,0,0,1,0,0,0,0
1-Front_jpg.rf.f9bac4acde24a4fd543e17ffe3693961.jpg,0,1,0,0,0,0,0
39-Right_jpg.rf.eed5fa39f49b5c1f67460ce380eb69e8.jpg,0,0,0,1,0,0,0
13-Front_jpg.rf.617ce8f989a8ba4a3c0715b9648ad66f.jpg,0,1,0,0,0,0,0
37-Right_jpg.rf.40abedecc80cfba28b340cf623eeb874.jpg,0,0,0,0,1,0,0
35-Back_jpg.rf.bb90ed630d2e3a24041c6f3e959789fc.jpg,0,1,0,0,0,0,0
40-Front_jpg.rf.4128429e02d430b224e3d86634b58e98.jpg,0,0,0,1,0,0,0
29-Left_jpg.rf.b7fb4555c657034fac89d29409a54f4b.jpg,0,0,1,0,0,0,0
32Top-Down_jpg.rf.eeb2b580d8532d22b9d87e5dac6174a9.jpg,0,1,0,0,0,0,0
1-Right_jpg.rf.5238f2c717de1eb27f05f3ceb9d03c88.jpg,0,1,0,0,0,0,0
exhibition_202210_0000051_jpg.rf.b9662f4b3041fd4eaacaf58fea925f2e.jpg,0,0,1,0,0,0,0
30-Front_jpg.rf.14a26a2e1d371def61ac7c6a7ee786cf.jpg,0,0,0,1,0,0,0
4-Right_jpg.rf.a7ac9d158800aa9f4dfc172e7c959b13.jpg,0,0,1,0,0,0,0
1-Right_jpg.rf.c2cb5498c8da11101a5e375ab4697195.jpg,0,0,1,0,0,0,0
14-Front_jpg.rf.d17505abba0b13c4037318529add1e6c.jpg,0,1,0,0,0,0,0
39-Back_jpg.rf.3828b2ceef47e8c9d49dc1ff51cbf1d3.jpg,0,0,0,1,0,0,0
31Front_jpg.rf.45e77947b6a0cb05da6f556d03a84d69.jpg,0,1,0,0,0,0,0
50-Top-Down_jpg.rf.ebb6decc6aab301d818a5e63a6f368c9.jpg,0,0,1,0,0,0,0
38-Top-Down_jpg.rf.45fd9e18c36dd7c8bcfd864dfa555f36.jpg,0,0,0,1,0,0,0
38-Right_jpg.rf.e193a35afad47223c363a4d83fd6ac86.jpg,0,0,0,1,0,0,0
31-Right_jpg.rf.4b8caea1ec65fa597d53cb6ae285a4d1.jpg,0,0,1,0,0,0,0
23-Top-Down_jpg.rf.320fa863e318511ea8c24787ab9d3a93.jpg,0,0,0,0,1,0,0
14-Back_jpg.rf.12039beba3df2218f72683f24b2ecc03.jpg,0,0,1,0,0,0,0
30-Back_jpg.rf.d1af489ce36cd1c68d1f80423e66779a.jpg,0,0,0,0,0,1,0
51-Right_jpg.rf.e7ba60609a5ea225e8822718a800e87e.jpg,0,0,1,0,0,0,0
31-Back_jpg.rf.49a10a1757db75580b28f62936e9e183.jpg,0,0,1,0,0,0,0
23-Back_jpg.rf.3462417f31fe85f757d21dff76c70351.jpg,0,0,1,0,0,0,0
1-Left_jpg.rf.89e23e04751a0927d39ad7588d420544.jpg,0,0,1,0,0,0,0
2-Left_jpg.rf.5f0039ee5f4dec39dac877bbf932af4e.jpg,0,1,0,0,0,0,0
17-Left_jpg.rf.dad2fd1d25476af81bde8fcae8a2dbf0.jpg,0,0,1,0,0,0,0
20-Back_jpg.rf.7394a564353dcfb54a6ca8390498d50f.jpg,0,1,0,0,0,0,0
37-Right_jpg.rf.5ff6cb4107d22704a2dcbcf561470fb1.jpg,0,0,1,0,0,0,0
30-Top-Down_jpg.rf.a149a1161576003c03936f2e2552014d.jpg,0,1,0,0,0,0,0
30-Front_jpg.rf.907f62087d8375ca37ea244966487198.jpg,0,0,0,0,0,0,1
35-Front_jpg.rf.4e73a66884f80a27d3484f08b3fee0a9.jpg,0,1,0,0,0,0,0
38-Left_jpg.rf.2ef427344f6f6420bdb71c0dbd9fc13e.jpg,0,0,0,0,0,1,0
51-Top-Down_jpg.rf.01145cd7ba2fac30b003113f31758972.jpg,0,0,1,0,0,0,0
23-Front_jpg.rf.46fbb329c3ca04f968169877210cbdc6.jpg,0,0,0,0,1,0,0
39-Right_jpg.rf.033b3c9cf29c764c0fe0fe535ea2f965.jpg,0,0,0,1,0,0,0
51-Top-Down_jpg.rf.45467443049bb8eb02e9d5830a3fe322.jpg,0,0,1,0,0,0,0
37-Right_jpg.rf.3bb655b70cd77e710c7bc63c266c1fca.jpg,0,0,0,0,1,0,0
32Left_jpg.rf.2e4f08bc85f1a2df621990e9a30ad8ce.jpg,0,1,0,0,0,0,0
12-Back_jpg.rf.1ae2f7ec1fa1d8b2bf29185cc83e8728.jpg,0,0,1,0,0,0,0
48-Left_jpg.rf.a05262fe79779bc9cbae903fc94fdf7f.jpg,0,0,1,0,0,0,0
48-Front_jpg.rf.03f1d58f1cfe114841e59ed2d761519b.jpg,0,0,1,0,0,0,0
31-Left_jpg.rf.20a9297130de77b3574acc8978014294.jpg,0,0,0,0,1,0,0
37-Left_jpg.rf.ea42a9d9548cc5b8903e78f0809c2c96.jpg,0,0,0,0,1,0,0
36-Front_jpg.rf.184631dee6c98693cc738ecc5ec52513.jpg,0,1,0,0,0,0,0
30-Left_jpg.rf.f3eb1602c54ec94dbbdafe1f4916b07c.jpg,0,0,0,1,0,0,0
39-Top-Down_jpg.rf.e3957d70a6517b69bc3d3b9ee210e85d.jpg,0,0,0,1,0,0,0
frame_0031-3_jpg.rf.9e0bddfde521c3afb38c3e40c14d9139.jpg,1,0,0,0,0,0,0
35-Left_jpg.rf.dfba6bb81d959a7a7cf86ea4a4f21978.jpg,0,1,0,0,0,0,0
38-Right_jpg.rf.c557b93333e4a3e6fb71248af23481d3.jpg,0,0,1,0,0,0,0
7-Front_jpg.rf.2c01af29f5392f3cd1bb04be495410d1.jpg,0,0,0,1,0,0,0
33-Back_jpg.rf.911cca7d58ea7d18692b7a3c3eedb12d.jpg,0,1,0,0,0,0,0
7-Back_jpg.rf.128c6f8b5a784547e99c53c44b6aa254.jpg,0,0,0,1,0,0,0
19-Right_jpg.rf.a86883252ccdb19846fd96b30274993c.jpg,0,1,0,0,0,0,0
24-Back_jpg.rf.ade6c9a6e67aed544c1f14924e8db8b5.jpg,0,0,0,0,1,0,0
30-Left_jpg.rf.259d037923b4ae1508eac8abd906affe.jpg,0,0,0,0,0,0,1
4-Top-Down_jpg.rf.15eb6312ddcb532aa362e355a7e60036.jpg,0,0,1,0,0,0,0
30-Left_jpg.rf.bcd2cb93fa89055a709dc986bfb93b10.jpg,0,0,0,0,1,0,0
7-Left_jpg.rf.4377db133394fa8fc553ad12000c0a53.jpg,0,0,0,1,0,0,0
20-Front_jpg.rf.8230c05ec90bce622d59a687d000b617.jpg,0,1,0,0,0,0,0
37-Top-Down_jpg.rf.82b02009f6822ec09ddf4218a39b3d0e.jpg,0,0,0,0,1,0,0
48-Right_jpg.rf.78630d130cabfbdd9c7434c7713df98d.jpg,0,0,1,0,0,0,0
40-Right_jpg.rf.ba08017493f833498ed38bba5cd130cd.jpg,0,0,1,0,0,0,0
39-Back_jpg.rf.a56cfdb6688f097c01b9f3baba6eacee.jpg,0,0,1,0,0,0,0
55-Front_jpg.rf.c519b1655f0c544ad76ed9f3e03a3ac6.jpg,0,0,1,0,0,0,0
2-Right_jpg.rf.2db70e62e7465ed77c6c19f8678c690a.jpg,0,1,0,0,0,0,0
39-Top-Down_jpg.rf.7893035f54790603fc8e5af10ce208b6.jpg,0,0,0,1,0,0,0
39-Front_jpg.rf.7d587c07ef618fb30c62a4ee52e58604.jpg,0,0,0,1,0,0,0
48-Top-Down_jpg.rf.2b03bafec5e040d772268f31dcacf5a4.jpg,0,0,1,0,0,0,0
31Left_jpg.rf.092ff47bc6b01286f715cd21419e5e8b.jpg,0,1,0,0,0,0,0
8-Back_jpg.rf.2e2e08a51419088ee192e711c3e3bc25.jpg,0,0,0,0,0,0,1
24-Top-Down_jpg.rf.cc46327f443eaa15c6896c9077dbb6e3.jpg,0,0,0,0,1,0,0
7-Left_jpg.rf.1f62ac67e46e92e4ec15fc8e8f4726be.jpg,0,0,0,1,0,0,0
36-Left_jpg.rf.e861162d6c06fc255eec1c1cff449765.jpg,0,1,0,0,0,0,0
38-Back_jpg.rf.23a1469517ffa7eacd489d8bc5dd9486.jpg,0,0,0,0,0,0,1
37-Top-Down_jpg.rf.8ee168bc57458e4b91a2ec9cf0907d80.jpg,0,0,0,1,0,0,0
24-Front_jpg.rf.d4df4bb22a925682d00a6e13eb47b631.jpg,0,0,0,0,1,0,0
14-Left_jpg.rf.1f3dfa392fc3955c27a3ab3b3e33fac6.jpg,0,0,1,0,0,0,0
50-Left_jpg.rf.3f7b47f9e08c6f97d7ecfc68889a0e46.jpg,0,0,1,0,0,0,0
30-Left_jpg.rf.2c6be6c0f94c784047cfe84c57993fd8.jpg,0,0,0,0,0,0,1
50-Right_jpg.rf.666708c6ddd1d79cec06c8f472ed5558.jpg,0,0,1,0,0,0,0
12-Left_jpg.rf.e97c9689d1ce392508f5dfbf6cdc08f1.jpg,0,0,1,0,0,0,0
39-Left_jpg.rf.9ffc0b5da8b5b7d1ce159a729d614961.jpg,0,0,0,1,0,0,0
exhibition_202210_0000030_jpg.rf.d6a08d0e3287eaca62531104e98d235c.jpg,1,0,0,0,0,0,0
54-Back_jpg.rf.4a77a180e194c4a1de8ab6eb608f5d73.jpg,0,0,1,0,0,0,0
50-Front_jpg.rf.e5cd19535111540f66eec11793879b42.jpg,0,0,1,0,0,0,0
exhibition_202210_0000038_jpg.rf.fbc483d71103955e60f50adb16e24912.jpg,1,0,0,0,0,0,0
35-Right_jpg.rf.a537f08808ee85fa859c45fdf8559cd1.jpg,0,1,0,0,0,0,0
7-Back_jpg.rf.491dd9280fad560650ef03a9b18aea2f.jpg,0,0,0,1,0,0,0
50-Back_jpg.rf.4060aa7ce57a726e1d6b867642c11682.jpg,0,0,1,0,0,0,0
23-Left_jpg.rf.628acc2e07d4489d6210617552fd42f6.jpg,0,0,0,0,1,0,0
33-Top-Down_jpg.rf.68ee74f78fea2b8ca33b51f7b7480f48.jpg,0,1,0,0,0,0,0
7-Top-Down_jpg.rf.c96d3eda1c059bc8a8dc6292470e08cd.jpg,0,0,0,1,0,0,0
30-Front_jpg.rf.26e2d1a706a166cca5ce639d69f9abdb.jpg,0,0,0,0,0,0,1
19-Top-Down_jpg.rf.b6a745e5a3590f77bcdfb338287311ae.jpg,0,1,0,0,0,0,0
54-Front_jpg.rf.180e3f109eb6c25f1ac7788de9e1de87.jpg,0,0,1,0,0,0,0
30-Left_jpg.rf.baa1608372567dce73b4b59bc1e64f6e.jpg,0,0,0,0,1,0,0
31-Front_jpg.rf.d4ca1973d6eb9e84393152eaff67a285.jpg,0,0,0,1,0,0,0
22-Top-Down_jpg.rf.9550ad06c3b19066a6c1e5603085754d.jpg,0,0,1,0,0,0,0
7-Front_jpg.rf.3fbba7ef5c166dd6782cbb18f788f001.jpg,0,0,0,1,0,0,0
23-Right_jpg.rf.ba6f69883ad982059c37d0b9584b73d8.jpg,0,0,0,0,1,0,0
23-Back_jpg.rf.3a839fabfc7c8cf86d7fcef9fad9fa1a.jpg,0,0,0,0,0,0,1
35-Top-Down_jpg.rf.9038e2320f604d76bc28e59c963a5695.jpg,0,1,0,0,0,0,0
24-Right_jpg.rf.a2b29ef88f5c31b00f7ec772f59f260e.jpg,0,0,0,0,1,0,0
51-Right_jpg.rf.d6f4b0b3d71d2d5d6fceb80ef2b3e3be.jpg,0,1,0,0,0,0,0
7-Top-Down_jpg.rf.2d3fe14969d5782ab3ccfff62f32e551.jpg,0,0,0,1,0,0,0
38-Top-Down_jpg.rf.c776102e119232344920b5aa807147b2.jpg,0,0,0,0,0,1,0
33-Right_jpg.rf.8456a2e747ebf76506093f44b1b426d3.jpg,0,1,0,0,0,0,0
14-Right_jpg.rf.0fe950bc7b4b659b60c8eb0cd8ea1d2e.jpg,0,0,1,0,0,0,0
22-Right_jpg.rf.72b725c554ec6dc93ff6880de7232702.jpg,0,1,0,0,0,0,0
25-Back_jpg.rf.3c6a9a8181c6cec3d0968b4346ddfff2.jpg,0,0,0,0,1,0,0
exhibition_202210_0000030_jpg.rf.6ed201c68994c7e9ca27646a1f8e1ab5.jpg,1,0,0,0,0,0,0
33-Back_jpg.rf.bd0beddc32b20824ae7b6a2c5dbd4b37.jpg,0,1,0,0,0,0,0
36-Front_jpg.rf.64d99c63a39daef885535ee8dc504ed7.jpg,0,0,1,0,0,0,0
54-Right_jpg.rf.70327b7696bbc5829f0fb666e06cf565.jpg,0,0,1,0,0,0,0
17-Right_jpg.rf.96360f4bd2ea1ee825a53cde181e01a6.jpg,0,0,1,0,0,0,0
50-Top-Down_jpg.rf.08442dabd1e7a70ba693d912b43802fc.jpg,0,0,1,0,0,0,0
50-Right_jpg.rf.f7fef0b1485c6d28e03d6a2cbba1ca63.jpg,0,0,1,0,0,0,0
23-Left_jpg.rf.49e37424108292ee67e47486053b3834.jpg,0,0,0,0,0,0,1
55-Right_jpg.rf.dad1124abf62c5d0b9e5dd9f669ded1c.jpg,0,0,1,0,0,0,0
22-Back_jpg.rf.e955f830eef105e295d63d4e2adb806e.jpg,0,1,0,0,0,0,0
31-Top-Down_jpg.rf.9cb88934c49680aa58e9df23fe093da4.jpg,0,0,0,0,1,0,0
22-Top-Down_jpg.rf.de4c536cd8f6ba86f51b0b0a00abde0e.jpg,0,0,0,0,0,0,1
30-Right_jpg.rf.c19e8018208e05585661ebe8942605bc.jpg,0,0,1,0,0,0,0
38-Front_jpg.rf.14ffc3c3a7d30957559aec19088ef25b.jpg,0,0,0,0,0,1,0
23-Right_jpg.rf.4e7cc9876da9edbae557a448145e2ea9.jpg,0,0,1,0,0,0,0
38-Left_jpg.rf.8f3c4b9011e0bc2f05d8622573d880c7.jpg,0,0,0,1,0,0,0
37-Top-Down_jpg.rf.c61ef140a28f6815be268bf7999b33cc.jpg,0,1,0,0,0,0,0
8-Top-Down_jpg.rf.678d04a039e946dfd9085acc279612a4.jpg,0,0,0,0,0,0,1
36-Back_jpg.rf.f8326b8825536558e591dfd92cc8161a.jpg,0,1,0,0,0,0,0
14-Back_jpg.rf.8a7d33cdd33de91eb5efb376721b813a.jpg,0,0,1,0,0,0,0
27-Front_jpg.rf.25dd2c3fdb23d9dce424fe085f41058c.jpg,0,0,0,0,1,0,0
30-Right_jpg.rf.ca7d4d708c985d74a18e97c3d49ee09b.jpg,0,0,0,0,0,1,0
30-Left_jpg.rf.4908caaf5a16cd48bb7cae99bc70631a.jpg,0,0,0,1,0,0,0
2-Back_jpg.rf.bc39b1f03905bc6cdab9d7c98cebc1d8.jpg,0,1,0,0,0,0,0
32Top-Down_jpg.rf.8c7360e6527d21133eced4fdc367b3c5.jpg,0,0,0,1,0,0,0
54-Front_jpg.rf.dda65c7d3008a8e17eded3b429a68c68.jpg,0,0,0,0,1,0,0
36-Left_jpg.rf.9432738694582a000c2c09e696b0cccf.jpg,0,0,1,0,0,0,0
30-Right_jpg.rf.47d165f3fd343c2f28adee1d023b2ca0.jpg,0,0,1,0,0,0,0
6-Right_jpg.rf.a5342f0b686410c5110c7023532a3119.jpg,0,1,0,0,0,0,0
51-Back_jpg.rf.4890837c9d0dc1228f62699c7789f454.jpg,0,0,1,0,0,0,0
35-Right_jpg.rf.9759b81f7adf911818bc4320fa82c2df.jpg,0,0,0,0,0,0,1
2-Right_jpg.rf.2c47483438230df6720d60f85067ddbb.jpg,0,0,1,0,0,0,0
51-Left_jpg.rf.38c16ca8d8e006803c0c641c113d475e.jpg,0,0,1,0,0,0,0
26-Back_jpg.rf.a86bc468293814361c43c0895f687784.jpg,0,0,0,0,1,0,0
32-Right_jpg.rf.3ed8cb5998dfb4e7ef7146114247ef9e.jpg,0,1,0,0,0,0,0
55-Left_jpg.rf.a89ed8174654a75a8d717a23fc4dec58.jpg,0,0,1,0,0,0,0
30-Right_jpg.rf.853a53bfefe0813ed294033ea82e89e1.jpg,0,0,0,0,0,1,0
20-Right_jpg.rf.a3fcc9b363aaa90c4ad090a2236b5b03.jpg,0,1,0,0,0,0,0
2-Top-Down_jpg.rf.4402f280290665d8eaf5a02a192a4bc5.jpg,0,1,0,0,0,0,0
27-Back_jpg.rf.095c020aa01d76fcb57c2e4113aafe06.jpg,0,1,0,0,0,0,0
36-Right_jpg.rf.dfed603f597e1f16baecffd02e38cf9b.jpg,0,1,0,0,0,0,0
37-Front_jpg.rf.625c2020bb8d84e45588195a6398a29f.jpg,0,0,1,0,0,0,0
26-Front_jpg.rf.a6e9b5fb837981d665b1cb2a97741972.jpg,0,0,0,0,1,0,0
27-Front_jpg.rf.8ea63bd1b10f2b61e56a4734eaa64751.jpg,0,1,0,0,0,0,0
6-Right_jpg.rf.f3eff064f51f92e7ed216640553b6410.jpg,0,0,1,0,0,0,0
23-Back_jpg.rf.f87a92ef3ef7ade4ee410927ba04f4ab.jpg,0,0,0,0,0,0,1
27-Right_jpg.rf.232aebb8fc06aedf74da41c03c52ae6a.jpg,0,1,0,0,0,0,0
25-Left_jpg.rf.6cd2e757cc63a5b069c223e249a779c0.jpg,0,0,0,0,1,0,0
55-Back_jpg.rf.9ddc2b345d567367a479d274729fe1f6.jpg,0,0,1,0,0,0,0
exhibition_202210_0000065_jpg.rf.f38e304a9f238d8cec2f6f62eb3ce86c.jpg,1,0,0,0,0,0,0
27-Top-Down_jpg.rf.8b73b3ee80abe6ca7bff0a31f1f149f9.jpg,0,1,0,0,0,0,0
23-Left_jpg.rf.d250399047f866248433ff3312a17d16.jpg,0,0,0,1,0,0,0
2-Top-Down_jpg.rf.68dd534d1670cb4ed388b94764c98050.jpg,0,0,1,0,0,0,0
25-Front_jpg.rf.d20b143b9c2cc1029d59b0822cfce43a.jpg,0,0,0,0,1,0,0
23-Front_jpg.rf.7b7a1f12caabc1b7bad4aab104be9047.jpg,0,0,0,0,0,0,1
28-Back_jpg.rf.3389f40886e64e04b6d5bfceb946d588.jpg,0,1,0,0,0,0,0
6-Top-Down_jpg.rf.b07c5b0a4b9cba474a60f093cb2d434f.jpg,0,0,0,1,0,0,0
6-Left_jpg.rf.516dd86048527d384a481ebb2f52380b.jpg,0,0,0,0,1,0,0
2-Back_jpg.rf.756ec97488d682caad01a4990423531d.jpg,0,0,1,0,0,0,0
31-Right_jpg.rf.34b75ec42291b352b1fe824f4ce169c9.jpg,0,0,1,0,0,0,0
31-Back_jpg.rf.a28a5de1aa596144401cbac404702660.jpg,0,0,1,0,0,0,0
26-Left_jpg.rf.34208db3c6a2d7c9b2b3402cd3fb5c94.jpg,0,0,0,0,1,0,0
23-Front_jpg.rf.d029654e380d847d50a6623507e67180.jpg,0,0,0,1,0,0,0
17-Top-Down_jpg.rf.71ca3431f12b5f579799124ab78299f4.jpg,0,0,1,0,0,0,0
9-Back_jpg.rf.74d55778e5a1afdcc350187b5c85ed16.jpg,0,0,0,0,0,0,1
37-Right_jpg.rf.c532eaaa07324b1d11d27a346a5c16cc.jpg,0,1,0,0,0,0,0
34-Right_jpg.rf.3fbebf081c3274ec29d6724afdbb7210.jpg,0,0,1,0,0,0,0
12-Right_jpg.rf.be7cea65d94173bf922b98857ee01711.jpg,0,0,1,0,0,0,0
21-Right_jpg.rf.329554d83568f3544a3706fee8f7e5cf.jpg,0,1,0,0,0,0,0
33-Back_jpg.rf.16d1dea23f38b9dd929c186cd6c84e21.jpg,0,1,0,0,0,0,0
6-Left_jpg.rf.77e9f81a6c939a7df7a004185bfe9b4e.jpg,0,0,0,0,1,0,0
exhibition_202210_0000036_jpg.rf.2534b88951c730a9670d73f27b81a60b.jpg,1,0,0,0,0,0,0
37-Back_jpg.rf.4778d72c9bb40802e03ed61d6ec02827.jpg,0,0,1,0,0,0,0
37-Back_jpg.rf.32df961f0057ed63daf7cdc217913e32.jpg,0,1,0,0,0,0,0
6-Back_jpg.rf.6cc7e19a3b94508b8beb56a53875a665.jpg,0,1,0,0,0,0,0
24-Left_jpg.rf.927e9948ec02370e67df9b5c71fb3fc5.jpg,0,1,0,0,0,0,0
3-Back_jpg.rf.14b357db535edd63226441dd943b676d.jpg,0,1,0,0,0,0,0
31-Front_jpg.rf.42db18b8ec1b941605a90d2f9c395796.jpg,0,0,0,1,0,0,0
22-Left_jpg.rf.4d8c445d32c0f590174f59b265fac8aa.jpg,0,1,0,0,0,0,0
35-Top-Down_jpg.rf.969581ca06fd75b598a0d91b33cef7b9.jpg,0,0,0,1,0,0,0
MM-top-customerImg-lybgu4w9lokg_jpg.rf.ee1fa8ae550f71bb0db3f4580d80f5a7.jpg,1,0,0,0,0,0,0
1-Right_jpg.rf.1a88ff53b65b77da706b2dcd9ce5ad20.jpg,0,0,1,0,0,0,0
23-Top-Down_jpg.rf.a6fcc851c313503bce0739e62d5cdbb8.jpg,0,0,1,0,0,0,0
1-Left_jpg.rf.0d3e3f230b9306c1480ce4c839e0629a.jpg,0,0,1,0,0,0,0
12-Right_jpg.rf.74f6dc108ee26c482791f9d601b50bfa.jpg,0,0,1,0,0,0,0
6Left_jpg.rf.6e1a95b16e5033e34f035f680fc07884.jpg,0,0,0,1,0,0,0
20-Top-Down_jpg.rf.cc654b24a64dd3c22ad8dfb8363cc440.jpg,0,1,0,0,0,0,0
22-Top-Down_jpg.rf.7a58ad5cdacaf298aee8075b7d599760.jpg,0,1,0,0,0,0,0
9-Back_jpg.rf.8fd70d12e7aa386d3510c167817210b4.jpg,1,0,0,0,0,0,0
37-Front_jpg.rf.fec6d202e5e88909dc42f8f3ec8d9bec.jpg,0,1,0,0,0,0,0
33-Left_jpg.rf.87b96d33aa2faa676ab070780abe6ed5.jpg,1,0,0,0,0,0,0
24-Front_jpg.rf.8ebae77727c60dfd7a0bd3222f42280e.jpg,0,1,0,0,0,0,0
6-Back_jpg.rf.e11ef5ce784cb1164cc2994f70066c51.jpg,0,0,0,0,1,0,0
34-Top-Down_jpg.rf.21ee54a5b5e119ed923912188ba02ef4.jpg,0,0,1,0,0,0,0
23-Back_jpg.rf.0d149cbf5e8bbe7beb847d6b15ef1293.jpg,0,0,1,0,0,0,0
28-Front_jpg.rf.e980a4a7c086a57bb59935d3f2821a19.jpg,0,1,0,0,0,0,0
23-Front_jpg.rf.bb210606800830364735260556182b41.jpg,0,1,0,0,0,0,0
23-Top-Down_jpg.rf.f6f627c47334cb4a9faeeae16510750f.jpg,0,1,0,0,0,0,0
32Left_jpg.rf.48c63576dda3e6ac8128e8c5466a765f.jpg,0,1,0,0,0,0,0
24-Front_jpg.rf.bbd4f24370021adbda8644cdfdbf513b.jpg,0,0,1,0,0,0,0
55-Top-Down_jpg.rf.36209cf3d847629124920359ecf58db1.jpg,0,0,0,0,1,0,0
9-Left_jpg.rf.2ed295085814ad5a5cc8b9c7d5e7a5aa.jpg,0,0,0,1,0,0,0
27-Back_jpg.rf.3bb610c32a997853a53a21ed5151d4c8.jpg,0,0,0,0,1,0,0
28-Right_jpg.rf.82e8515cfaf3355ddcbb0187eb643c81.jpg,0,1,0,0,0,0,0
26-Top-Down_jpg.rf.cc4928437b8ccf74252750726109db3c.jpg,0,0,0,0,1,0,0
36-Front_jpg.rf.d97209356d386483dc874a4fd05de23c.jpg,0,1,0,0,0,0,0
24-Left_jpg.rf.761a83a27e648f405582d7ca26fb6fa0.jpg,0,0,1,0,0,0,0
28-Top-Down_jpg.rf.77bc39e7fbef528d676204d4d12f4d03.jpg,0,1,0,0,0,0,0
55-Front_jpg.rf.8d4960a7443f032dc7fb5691292685fd.jpg,0,0,0,0,1,0,0
33-Back_jpg.rf.7a6efbae44fba4988b6a632da8a40940.jpg,0,1,0,0,0,0,0
23-Right_jpg.rf.3933c0c7fb00fc76d5a1b63894997f97.jpg,0,1,0,0,0,0,0
57-Front_jpg.rf.73cb33dad8c3cc934d43812b6083f747.jpg,0,0,0,1,0,0,0
29-Front_jpg.rf.947f0f29823be07d3f3966adc0700436.jpg,0,0,1,0,0,0,0
23-Right_jpg.rf.dc6d089a91a79ad0fdb18f208db8db97.jpg,0,0,1,0,0,0,0
54-Top-Down_jpg.rf.7749ef998ec9faacfd62704d713795c7.jpg,0,0,0,0,1,0,0
33-Right_jpg.rf.9ab6824eae3805e955da67804b34fce4.jpg,1,0,0,0,0,0,0
36-Left_jpg.rf.5232a491dbaa33bb364089698d08be46.jpg,0,0,1,0,0,0,0
12-Top-Down_jpg.rf.8ce0c3ee9adfe89b36b8c57370d5cf5d.jpg,0,0,1,0,0,0,0
30-Top-Down_jpg.rf.a27442d270b3a78aefdd4bae923bc251.jpg,0,1,0,0,0,0,0
31-Left_jpg.rf.085a1553b15e8f1aadb9fe913dd74a0f.jpg,0,0,0,0,1,0,0
33-Front_jpg.rf.b5e1d49186adc73b43a735171023192f.jpg,0,0,0,0,1,0,0
33-Top-Down_jpg.rf.130424573763083cce70060beae67f2b.jpg,0,1,0,0,0,0,0
23-Left_jpg.rf.7f61555ae26cf967d489ece8cea4048d.jpg,0,1,0,0,0,0,0
34-Back_jpg.rf.349fda7f9f9938761a7cc078611cb76d.jpg,0,0,1,0,0,0,0
27-Left_jpg.rf.b7eee00a628902bd273dc90109bd5343.jpg,0,0,0,0,1,0,0
14-Left_jpg.rf.d9c73b21c15cc5f28247058ba593daa5.jpg,0,0,1,0,0,0,0
23-Back_jpg.rf.240ecec6b0050775fee6bb839e9018c8.jpg,0,0,0,0,1,0,0
23-Top-Down_jpg.rf.2c234d430cfc6ac5c866682b60174ba1.jpg,0,0,1,0,0,0,0
23-Left_jpg.rf.c49b6737e16690a1f9ddb2071ce7c286.jpg,0,0,1,0,0,0,0
9-Right_jpg.rf.9c76fcf3fae6a481d4bdb3fae7561a1d.jpg,0,0,0,1,0,0,0
2-Back_jpg.rf.dbbac30c7cd4b109b3bf39e0a2b27b90.jpg,0,0,1,0,0,0,0
32Left_jpg.rf.e4f7ff5c8aeb59421d27d87640c4862e.jpg,0,1,0,0,0,0,0
6-Top-Down_jpg.rf.5ed809f7a249fe61b1c0e84705d92b29.jpg,0,1,0,0,0,0,0
34-Front_jpg.rf.5744052506c23d5833a4523e6db5cbc9.jpg,0,0,0,1,0,0,0
2-Top-Down_jpg.rf.f3e5ad3673bd05718ce2af205388e43c.jpg,0,0,1,0,0,0,0
33-Front_jpg.rf.a191c58a992f8d787c00dbeb6643556f.jpg,0,0,0,0,1,0,0
35-Left_jpg.rf.fc50969904eca6353af9b930c1b6076c.jpg,0,0,0,0,1,0,0
33-Back_jpg.rf.a2ca8f801ce92a9e0124374875f8b1b0.jpg,0,1,0,0,0,0,0
32Top-Down_jpg.rf.f35edebf7eb57e74b41116c35bc4a649.jpg,0,0,0,1,0,0,0
33-Left_jpg.rf.200f6609863ef7c337628302f744a5fa.jpg,1,0,0,0,0,0,0
31-Front_jpg.rf.3480d7929e4ba56e29cd39760c09c85a.jpg,0,0,1,0,0,0,0
2-Right_jpg.rf.e49551660842123497635e49219baffd.jpg,0,0,1,0,0,0,0
34-Left_jpg.rf.e15067867d078e0db65c45e1b35ab9a3.jpg,0,0,1,0,0,0,0
32-Right_jpg.rf.dcd6375b03449854e709738f7eb99733.jpg,0,1,0,0,0,0,0
27-Top-Down_jpg.rf.b797d7bb9d78250eda28de78e55a3b94.jpg,0,0,0,0,1,0,0
24-Right_jpg.rf.bb053dfb66e32af5fec888054de39f01.jpg,0,0,1,0,0,0,0
34-Left_jpg.rf.efdd8fe5724596a6864c3beeea9c553e.jpg,0,0,0,1,0,0,0
12-Back_jpg.rf.ce836dac226abd71b42697a976a2fd4f.jpg,0,0,1,0,0,0,0
17-Top-Down_jpg.rf.a7dcc7727b1b8b01faa8e3b4c8dfa29d.jpg,0,0,1,0,0,0,0
14-Right_jpg.rf.af19cfb8ba6ec93043df35ccc25eda73.jpg,0,0,1,0,0,0,0
34-Left_jpg.rf.eb0ff88cfe6fa1b89211df3d520015ea.jpg,0,0,1,0,0,0,0
12-Left_jpg.rf.7aa598dd20e578ec41637b980d8757fd.jpg,0,0,1,0,0,0,0
29-Left_jpg.rf.d5492d07421b67313480f27b182ac09b.jpg,0,0,1,0,0,0,0
29-Right_jpg.rf.8ba9584c0a521abad2b6d14a6ce96482.jpg,0,0,1,0,0,0,0
31Left_jpg.rf.07ed8dfca7242ee607aacb84722d01bc.jpg,0,1,0,0,0,0,0
34-Top-Down_jpg.rf.3fd70def15fa342144f217007140b37e.jpg,0,0,0,0,1,0,0
24-Left_jpg.rf.994f7e8a5875138a27318093d858dab1.jpg,0,0,1,0,0,0,0
24-Left_jpg.rf.24b44449d96ad6de13944762909613f1.jpg,0,0,0,1,0,0,0
exhibition_202210_0000003_jpg.rf.8389feaff38c11e65810a4a74bfa6e3e.jpg,1,0,0,0,0,0,0
35-Left_jpg.rf.78009aa41c39ce46025756031b66418c.jpg,0,0,0,0,0,1,0
6-Front_jpg.rf.0d3b566a0418f17360d979fe69c6a8c8.jpg,0,0,0,0,1,0,0
10-Left_jpg.rf.d73c51ffe18662626707df66a6cd747f.jpg,0,0,0,1,0,0,0
33-Front_jpg.rf.25005e7901c21076d59f816dda1a5a82.jpg,0,0,1,0,0,0,0
34-Top-Down_jpg.rf.71d6f971000e285d2b673e770ac1ec9c.jpg,0,0,0,1,0,0,0
34-Left_jpg.rf.399db62d0ab5524e8ff84bef5a2c1aa6.jpg,0,0,0,1,0,0,0
17-Left_jpg.rf.e9f7f25553ce7b6df0ed8b88fd719f10.jpg,0,0,1,0,0,0,0
24-Front_jpg.rf.ee681367bf0983d348bdf01e6f4bea95.jpg,0,0,1,0,0,0,0
10-Right_jpg.rf.fe51f5e90676cd6195d6012310633128.jpg,0,0,0,1,0,0,0
34-Right_jpg.rf.a59daa528e776d1221d288f2e28f61ac.jpg,0,0,0,1,0,0,0
33-Left_jpg.rf.7080775475c83abb7df788bc257b1ab6.jpg,0,0,1,0,0,0,0
31-Top-Down_jpg.rf.88087ae1ca99e0cd457277b0b8c75bd3.jpg,0,0,1,0,0,0,0
35-Back_jpg.rf.af2782ec8a7c566db3ea0b23a6c86292.jpg,0,0,0,0,0,0,1
29-Right_jpg.rf.cd75641e5653c69cc64881d28f2e073f.jpg,0,0,1,0,0,0,0
34-Top-Down_jpg.rf.8e0730b09298f516a94d146d9ad18700.jpg,0,0,0,1,0,0,0
17-Right_jpg.rf.138504b730db63bfa70a68abe5657796.jpg,0,0,1,0,0,0,0
31-Top-Down_jpg.rf.70a38225532f0900bd0a0373960d998b.jpg,0,0,0,0,1,0,0
33-Back_jpg.rf.c030b5de3ff5c819fde1d8702fb07280.jpg,0,0,1,0,0,0,0
31-Front_jpg.rf.1ae4a31dd29f98caa8f14fc6dbaef0a3.jpg,0,0,1,0,0,0,0
35-Front_jpg.rf.1caa21e0b53a559ffc44ac944b0dec6d.jpg,0,0,0,0,1,0,0
29-Top-Down_jpg.rf.60b6b60be1a37a4d62dd46ec10a61562.jpg,0,0,1,0,0,0,0
35-Front_jpg.rf.887a9fd02e327bc74a3cd4c74d6287a7.jpg,0,0,0,0,0,0,1
31Front_jpg.rf.036b2711253e4d8fd5689f933ad135b4.jpg,0,1,0,0,0,0,0
33-Top-Down_jpg.rf.faea0a5aee6cde56b67ab43f15df40e6.jpg,0,0,1,0,0,0,0
31-Right_jpg.rf.ca7fcf29125724bec8fda84e291cbd63.jpg,0,0,1,0,0,0,0
34-Back_jpg.rf.62f387ed636b218d94935748dea86a32.jpg,0,0,1,0,0,0,0
23-Front_jpg.rf.661b0d30e0f1b543ad59cd8aa232b87e.jpg,0,0,0,0,1,0,0
31-Back_jpg.rf.d8f2abf8b867b11a8bb4130a9a35c49e.jpg,0,0,1,0,0,0,0
24-Left_jpg.rf.d692e9ea2a66197f659a5475200305c0.jpg,0,1,0,0,0,0,0
23-Left_jpg.rf.a337675c359c1bd4235d5804ab76b952.jpg,0,1,0,0,0,0,0
12-Top-Down_jpg.rf.16381bb22eab04c870ef74c581ca8600.jpg,0,0,1,0,0,0,0
29-Top-Down_jpg.rf.f99c960949f6d96ee6e20c1fb1d0ca81.jpg,0,0,1,0,0,0,0
34-Right_jpg.rf.dbbe41587e3fac3cc11a94e47658c829.jpg,0,0,0,1,0,0,0
33-Left_jpg.rf.2a8547c1cdbb6df57f93b05b305a9d59.jpg,0,0,1,0,0,0,0
31-Right_jpg.rf.ebdd683e2992ff8248cce0c1ed7fdd0a.jpg,0,0,1,0,0,0,0
23-Right_jpg.rf.8be28cecad86922067b1305ce8266d41.jpg,0,0,1,0,0,0,0
34-Top-Down_jpg.rf.499bd90f2ced8de40fe315628c630b2c.jpg,0,0,0,0,1,0,0
24-Left_jpg.rf.4eb4f55ad57d5f7acb3a32575f0916a4.jpg,0,0,0,1,0,0,0
24-Right_jpg.rf.197e7237e0b801a2a1cf9fca0f4f3066.jpg,0,1,0,0,0,0,0
14-Front_jpg.rf.ce6de86ee701f9ada2691481711fb025.jpg,0,0,0,1,0,0,0
12-Back_jpg.rf.21631beb57a791c40d625068e9aafae4.jpg,0,0,0,1,0,0,0
23-Right_jpg.rf.1949ba5edd18fe5ea904245197e7a8f0.jpg,0,0,0,1,0,0,0
12-Left_jpg.rf.63dd7372b8ebb9d936c2285a0700ac76.jpg,0,0,0,1,0,0,0
23-Top-Down_jpg.rf.43ed48b8d952b86a83d9bdaa21833441.jpg,0,0,0,1,0,0,0
33-Front_jpg.rf.059264fd10815c8fd3e08e3d1228c4a6.jpg,0,0,1,0,0,0,0
8-Back_jpg.rf.b2e68dea9bcf95a9f44144fe980ce87f.jpg,0,0,0,0,1,0,0
6-Left_jpg.rf.ee54157d509097dca6e93338ebd2a2c3.jpg,0,0,0,0,1,0,0
35-Left_jpg.rf.eff480e24ee4e210883d33b66dc306a0.jpg,0,0,0,0,0,1,0
14-Back_jpg.rf.1eeefc61841c4ce79d0cc6de88b8d6b7.jpg,0,0,0,1,0,0,0
35-Front_jpg.rf.f350fec57e8586e92895ad82ac776001.jpg,0,0,0,0,0,0,1
12-Front_jpg.rf.13c5d56b818ec79c5ec74d8df1795eb6.jpg,0,0,0,1,0,0,0
24-Right_jpg.rf.5cf57ab2e035ea901fcb8df97f1e5e65.jpg,0,0,0,0,1,0,0
33-Back_jpg.rf.4febcb8b7d7f37608d5cdc2db8c149f7.jpg,0,0,1,0,0,0,0
35-Back_jpg.rf.e3e43a06312aa6dee67dd6a67aaffeb1.jpg,0,0,0,0,0,0,1
11-Back_jpg.rf.659543981ffbfc8d147fa7e30480c7f0.jpg,0,0,0,1,0,0,0
8-Front_jpg.rf.7dd64f0e47a68b08119aed0121a3fda4.jpg,0,0,0,0,1,0,0
11-Left_jpg.rf.5f16ce3affb3df81eb13d59ad3a8a834.jpg,0,0,0,1,0,0,0
12-Right_jpg.rf.d75412cf040623de2a44e318dc8af30b.jpg,0,0,0,1,0,0,0
7-Top-Down_jpg.rf.869fe1c8baf6fd207332bae68e34b470.jpg,0,0,0,0,1,0,0
11-Front_jpg.rf.f7a16f7e00bfdd6e5971f2c198bcf889.jpg,0,0,0,1,0,0,0
MM-prod-doctorImg-9274b7acdaaa_jpg.rf.6325fe929380e222f632ecfd6033387a.jpg,1,0,0,0,0,0,0
22-Right_jpg.rf.659d03602f33fbb60e689e5a916cd1e7.jpg,1,0,0,0,0,0,0
2-Front_jpg.rf.0833b1987a1553dcdb8b11c5b0534b08.jpg,0,0,0,0,1,0,0
22-Left_jpg.rf.804547f005a238343d65996a9a5be66a.jpg,1,0,0,0,0,0,0
21-Top-Down_jpg.rf.5e6a497d2cb552a87c31af17ea0c32bd.jpg,0,0,1,0,0,0,0
20-Back_jpg.rf.2552f4d526637922804f6d61830dc5a7.jpg,0,0,0,0,1,0,0
17-Back_jpg.rf.8be71c8a812d237145214afbd9fa3806.jpg,0,0,0,0,1,0,0
2-Right_jpg.rf.e1cf608b65684a690962ddfcb2f36dcc.jpg,0,0,0,0,1,0,0
2-Top-Down_jpg.rf.89512705c82d3f6086192e8b11c3f53a.jpg,0,0,0,0,1,0,0
22-Front_jpg.rf.3988bbb947a15d5f3ba62660f8118f5e.jpg,0,0,0,0,1,0,0
21-Front_jpg.rf.7c16c3356c0e0172882d770b7ac21544.jpg,0,0,0,0,1,0,0
20-Front_jpg.rf.5683eb1787659f810ec4cd0d342be91f.jpg,0,0,0,1,0,0,0
22-Left_jpg.rf.b85bae2471789fae15e6601832d64ae2.jpg,1,0,0,0,0,0,0
16-Right_jpg.rf.794273728291707d7d72faa738c794bc.jpg,0,0,0,0,1,0,0
2-Back_jpg.rf.589037fe70a030c253f6b8b08ba05cc2.jpg,0,0,0,0,1,0,0
21-Top-Down_jpg.rf.8dc712d90db3b6ba45e2a247e7e75803.jpg,0,0,0,0,1,0,0
20-Left_jpg.rf.d53315f304b18b6bc42dd623beac4bbf.jpg,0,0,0,0,1,0,0
18-Top-Down_jpg.rf.3c5aa8a8952ee64a6a1184eaf79a402b.jpg,0,0,0,0,1,0,0
2-Front_jpg.rf.11f51df892e7ece8d302f7ff048aab92.jpg,0,0,0,0,1,0,0
18-Front_jpg.rf.fac4f2f707f3d6488f5c6fffd905e8fa.jpg,0,0,0,0,1,0,0
21-Right_jpg.rf.c655b2c9d4fa36f324f8adc820163780.jpg,0,0,0,0,0,0,1
20-Right_jpg.rf.3b7792d88863ea37babcc56ab8851f9b.jpg,0,0,0,0,0,0,1
21-Left_jpg.rf.1c913277fc140cc1d78c3b0f6848defc.jpg,0,0,0,0,0,1,0
20-Front_jpg.rf.c6603e5ecd418f9492d438e2f17f5460.jpg,0,0,0,0,1,0,0
21-Front_jpg.rf.08289243b92ffa0d024def390ee2de23.jpg,0,0,0,0,0,1,0
20-Left_jpg.rf.6b11ce5032d97eb1381e20a4d2305537.jpg,0,0,0,1,0,0,0
21-Left_jpg.rf.726394df9a325eaa5bee5294309e900a.jpg,0,0,1,0,0,0,0
13-Left_jpg.rf.e6b7b102fd6ae48535357ba359f69520.jpg,0,0,0,0,1,0,0
21-Top-Down_jpg.rf.12e2d9716f104a000eb55a7f65099e23.jpg,0,0,1,0,0,0,0
14-Back_jpg.rf.69f250ebf3bf8d86b9cfea0b36607215.jpg,0,0,0,0,1,0,0
21-Back_jpg.rf.56e30227b23be7237b000aaadee2f887.jpg,0,0,0,0,1,0,0
20-Left_jpg.rf.d05e445b441604067cf694a97c7a5688.jpg,0,0,0,0,1,0,0
22-Back_jpg.rf.0bb762c84e3d9b66dfa7def18a90ed16.jpg,0,0,0,0,0,0,1
13-Front_jpg.rf.832ab6bc862aa8621c4cf721c876968b.jpg,0,0,0,0,1,0,0
21-Right_jpg.rf.9ca632d183039454beba1cb3d9bd8880.jpg,0,0,1,0,0,0,0
20-Front_jpg.rf.447823aeabddeeeb9e6009e9f967d862.jpg,0,0,0,0,1,0,0
15-Right_jpg.rf.c0cf35472eaa902e8632685d2cda4215.jpg,0,0,0,0,1,0,0
18-Left_jpg.rf.9c8a6440b2b5361fb7798b6af8b174f5.jpg,0,0,0,0,1,0,0
22-Back_jpg.rf.571c6f01baeb69f8b8f9bf128e519398.jpg,0,0,0,0,0,0,1
2-Top-Down_jpg.rf.cd437c6f990b04335e754ca3636c6f75.jpg,0,0,1,0,0,0,0
MM-top-customerImg-lxa9ujv39m47_jpg.rf.b8dfa9f2c56e9bdaa29c356ac9e2260a.jpg,1,0,0,0,0,0,0
13-Back_jpg.rf.65ca5d5942522ffca5cc09695780806b.jpg,0,0,0,0,1,0,0
23-Back_jpg.rf.1f7c58cf496c6d89fa676b4221e3e07c.jpg,0,0,0,0,1,0,0
22-Front_jpg.rf.13683234f337509798be4649d70cdc8d.jpg,0,0,0,0,0,0,1
13-Right_jpg.rf.62547edae20927e3bfd031b5b8665337.jpg,0,0,0,0,1,0,0
16-Back_jpg.rf.3b132455be51fe1f1a582a96609030dc.jpg,0,0,0,0,1,0,0
21-Front_jpg.rf.4d67df621b299a9533f78a6a5ab2b466.jpg,0,0,1,0,0,0,0
21-Back_jpg.rf.619ab237d7df5813a8c9d768db44cb39.jpg,0,0,0,0,0,0,1
21-Right_jpg.rf.9c61d310f767eb98a1bce54800a70501.jpg,0,0,0,0,1,0,0
22-Left_jpg.rf.34842a6c0933fd4b7bedafed93a7e668.jpg,0,0,0,0,1,0,0
22-Left_jpg.rf.48d29b8bd3efe76857376410820f25a1.jpg,0,0,0,0,1,0,0
17-Back_jpg.rf.066f46d0f71f105ce58750e175378250.jpg,0,0,0,0,1,0,0
21-Right_jpg.rf.6309a13d7ba68fa648431419db40937f.jpg,0,0,0,0,1,0,0
22-Left_jpg.rf.099e520815f9ca2f920529e30a76bcb6.jpg,0,0,0,0,0,0,1
22-Left_jpg.rf.c8b3b54be64052d27ea3c633d937f203.jpg,0,0,0,0,1,0,0
17-Top-Down_jpg.rf.078cc7996201672388178d2c70d87453.jpg,0,0,0,0,1,0,0
21-Back_jpg.rf.978fd19d1221c5960d3c2d3050338a6d.jpg,0,0,0,0,1,0,0
22-Left_jpg.rf.8b510ddf64ffbcf346692cdfe6ef7a6d.jpg,1,0,0,0,0,0,0
22-Left_jpg.rf.41c80e8f32c11cacc38f9fe7860ad833.jpg,0,0,0,0,0,0,1
18-Back_jpg.rf.aa01894cb1b52c268ae1c0a09cfbeaca.jpg,0,0,0,0,1,0,0
20-Top-Down_jpg.rf.a52770005877510c418b1ccd973ae0f1.jpg,0,0,0,0,0,1,0
21-Right_jpg.rf.ff27a2bb46142560279d36e89c5d9c65.jpg,0,0,1,0,0,0,0
12-Top-Down_jpg.rf.5a13eb5fb0c7d6f9275dcae4a953f28d.jpg,0,0,0,0,1,0,0
18-Right_jpg.rf.3ca8fdc6d3e607d1c827c7fe87f5edab.jpg,0,0,0,0,1,0,0
MM-top-customerImg-lxa9ujv39m47_jpg.rf.fbc942d0ef7300f8fba6f00ebd2bc2fd.jpg,1,0,0,0,0,0,0
22-Front_jpg.rf.50dbf8ccca8fc00195d6dbf77bebb3ae.jpg,0,0,0,0,1,0,0
2-Right_jpg.rf.7307c63d5a1c85f247cf73fd6aab4b8c.jpg,0,0,0,0,1,0,0
MM-prod-doctorImg-9274b7acdaaa_jpg.rf.daa5838f8516dcb6ebc2fee5ae2e1e15.jpg,1,0,0,0,0,0,0
23-Back_jpg.rf.815941503de743002722274bc01960f8.jpg,0,0,0,0,1,0,0
22-Front_jpg.rf.8e08f88c9ca858a77601336f7af19b43.jpg,0,0,0,0,0,0,1
20-Back_jpg.rf.0671884fc2f1e10dcc3bb3d57c4d7021.jpg,0,0,0,0,1,0,0
20-Right_jpg.rf.de925833958999bb7b3f65ad6ae8417a.jpg,0,0,1,0,0,0,0
2-Top-Down_jpg.rf.da5b79c2c6a42a1dd9f3b65dd2f6dbef.jpg,0,0,0,0,1,0,0
14-Left_jpg.rf.fed7ede7b1bef788a63eb682f02fe32f.jpg,0,0,0,0,1,0,0
2-Top-Down_jpg.rf.bbe8c073d198b8b94bba3a43028d7ce1.jpg,0,0,0,0,1,0,0
21-Top-Down_jpg.rf.21d0399b96c0a4081fc39c5d5a37580b.jpg,0,0,1,0,0,0,0
22-Left_jpg.rf.548c01c7abfb495c1e10b59483fb6a70.jpg,0,0,0,0,0,0,1
21-Top-Down_jpg.rf.a34bcaa20e0445ce998a6bfad0d40922.jpg,0,0,0,0,1,0,0
14-Right_jpg.rf.5be046fb9b6f000d83d3770d5cc443c2.jpg,0,0,0,0,1,0,0
21-Top-Down_jpg.rf.b73c4eb69f01d8f234441064f3f52259.jpg,0,0,0,0,1,0,0
20-Front_jpg.rf.e0a326b3f7a6e0300f60ff32593aa230.jpg,0,0,0,0,1,0,0
20-Back_jpg.rf.078ffa232d1666333f2d36be8d5f38a1.jpg,0,0,0,0,1,0,0
21-Right_jpg.rf.998798f1a50e371bdff965d540b3ba6b.jpg,0,0,0,0,1,0,0
22-Left_jpg.rf.93ec25daca44545306b753d0e165f823.jpg,0,0,0,0,1,0,0
20-Left_jpg.rf.90d47b99f50363a80215bea5abcbb788.jpg,0,0,0,0,1,0,0
20-Right_jpg.rf.87bf1c10410abf0925b6939145983010.jpg,0,0,0,1,0,0,0
22-Right_jpg.rf.34fb69e5ad33fe9bbf27d7a942890ddb.jpg,1,0,0,0,0,0,0
16-Left_jpg.rf.cd37501652e26a2529dc6a1f9b1b3a09.jpg,0,0,0,0,1,0,0
20-Left_jpg.rf.ea83fe6931b9f51636c997c753fc637e.jpg,0,0,0,0,0,0,1
20-Right_jpg.rf.438c1d87519c671253d89e3f7862ecdc.jpg,0,0,0,0,0,0,1
21-Back_jpg.rf.e2b46af5476a8499552ab94a04034bd6.jpg,0,0,0,0,1,0,0
22-Front_jpg.rf.fdfded75064b1febe7a580eafc2dbcab.jpg,0,0,0,0,1,0,0
2-Right_jpg.rf.6f486ec48c0eff40a85c2eb77dc82701.jpg,0,0,0,0,1,0,0
21-Right_jpg.rf.d090e5456cbb3bf9dcb7680ad23e3c21.jpg,0,0,0,0,0,0,1
2-Front_jpg.rf.19e31d5ce0159d3898cacdb0beda0d8a.jpg,0,0,0,0,1,0,0
22-Front_jpg.rf.58cca8ed018a2bde27893c9caea1cb2c.jpg,0,0,0,0,0,0,1
22-Left_jpg.rf.fca3c11f35c17ec406dce32186f8db25.jpg,0,0,0,0,0,0,1
20-Top-Down_jpg.rf.acadf6a190816a2ed5d637accfcd2f06.jpg,0,0,1,0,0,0,0
23-Back_jpg.rf.dde3d8d37417da1589376a4476e595ff.jpg,0,0,0,0,1,0,0
22-Left_jpg.rf.46e8163bb71a0bf2796537620078a0ab.jpg,1,0,0,0,0,0,0
21-Back_jpg.rf.fb597cf6a632f23e807e24b7007f4e19.jpg,0,0,0,0,0,0,1
22-Front_jpg.rf.7586a35fd8147c83b472d0b8ac891629.jpg,1,0,0,0,0,0,0
18-Top-Down_jpg.rf.f328a22e1d093748399f2a696436de8d.jpg,0,0,0,0,1,0,0
16-Right_jpg.rf.e2390b5b2265e1a1c2375eea258c8bbd.jpg,0,0,0,0,1,0,0
22-Back_jpg.rf.9f521c6ef8aa36a9b473bee9eb2d1fc3.jpg,0,0,0,0,0,0,1
15-Right_jpg.rf.dc4ba3bc9b3c308541a80694d248d51c.jpg,0,0,0,0,1,0,0
21-Back_jpg.rf.57825a3b47547f591971c5b9c32314c5.jpg,0,0,0,0,1,0,0
16-Back_jpg.rf.e8899ab9cce79d39e3e9c71103ac4881.jpg,0,0,0,0,1,0,0
14-Front_jpg.rf.5dae9a3846a2b9bd62deaaa9bbceb9d6.jpg,0,0,0,0,1,0,0
22-Back_jpg.rf.1aa91004159d102621c63e609aa16594.jpg,0,0,0,0,0,0,1
22-Right_jpg.rf.52ae370ec031603c9e8d26c939ab3bd3.jpg,1,0,0,0,0,0,0
16-Left_jpg.rf.2aa1a65a761739307f68f80644e6a512.jpg,0,0,0,0,1,0,0
21-Right_jpg.rf.e75eb5a8e8f19ab59d722423ab27ee8e.jpg,0,0,0,0,1,0,0
21-Left_jpg.rf.738cc28d50b6ad62ca750535f587ba95.jpg,0,0,0,0,1,0,0
21-Front_jpg.rf.b03fee94b822e83c9a5022c6bd64b628.jpg,0,0,0,0,1,0,0
MM-top-customerImg-lxa9ujv39m47_jpg.rf.55e95025e579e313f12e6818b145b27f.jpg,1,0,0,0,0,0,0
2-Back_jpg.rf.f3260c0919e21b576e5ebae75b5dad65.jpg,0,0,0,0,1,0,0
21-Left_jpg.rf.0f4c95d9f2e7658d67616a087bf55198.jpg,0,0,0,0,1,0,0
22-Left_jpg.rf.fe289de499091f96fba94d970abca1ed.jpg,0,0,0,0,0,0,1
17-Back_jpg.rf.66fc4019092458cb96816fae86fe4032.jpg,0,0,0,0,1,0,0
22-Front_jpg.rf.0123c3efb2ea8de69c3c3d4d8a12c32e.jpg,0,0,0,0,1,0,0
21-Right_jpg.rf.9ee5bc5f063d7a7fa557287233f4395e.jpg,0,0,0,0,0,0,1
21-Front_jpg.rf.55a1956d90aeee609d08f5b5e15a0bc2.jpg,0,0,1,0,0,0,0
22-Front_jpg.rf.4c78940edc5e86388e4987972b13745a.jpg,0,0,0,0,0,0,1
21-Right_jpg.rf.397e9780947b96fbdaee414d3bc19d29.jpg,0,0,0,0,1,0,0
21-Front_jpg.rf.11ed56d4bda51551159da540e5fd49c7.jpg,0,0,0,0,1,0,0
17-Top-Down_jpg.rf.aa5de5a47e616b29d27497087243d4c5.jpg,0,0,0,0,1,0,0
18-Left_jpg.rf.b25faa079e8ff85b404d4f7c802b47da.jpg,0,0,0,0,1,0,0
22-Front_jpg.rf.fc2e1c6f07755b656dae7e5adc6c4a20.jpg,0,0,0,0,1,0,0
20-Left_jpg.rf.c0a528eadbe8581476b0ad5f50f2373a.jpg,0,0,0,0,1,0,0
20-Top-Down_jpg.rf.0061f14f4eea69e58b3e21df436769c7.jpg,0,0,0,0,0,1,0
22-Front_jpg.rf.9fb3a9d6e0cc72356e57508e3f124ddd.jpg,1,0,0,0,0,0,0
21-Left_jpg.rf.9fc1e00b0fada42b10b2d23140d9225f.jpg,0,0,0,0,0,1,0
22-Front_jpg.rf.49c9de3513677e9574e37cc6a64195d3.jpg,1,0,0,0,0,0,0
22-Left_jpg.rf.090c7edb7cd2d66b1a233303f8821cc8.jpg,0,0,0,0,0,0,1
22-Left_jpg.rf.e32df2d486f445aac00afa4711de2b95.jpg,0,0,0,0,1,0,0
18-Front_jpg.rf.bae0c51af49c47ce06fe02382d0faf16.jpg,0,0,0,0,1,0,0
18-Right_jpg.rf.18b09bd3055a14870ae3b2da17b9995b.jpg,0,0,0,0,1,0,0
21-Front_jpg.rf.149f1213e7de6b526b031ad0c9448272.jpg,0,0,0,0,0,1,0
21-Left_jpg.rf.3edecfbfb54de234b239a3bad34d438c.jpg,0,0,1,0,0,0,0
22-Right_jpg.rf.30a20888066d3d00d327aba8d1da6cc4.jpg,1,0,0,0,0,0,0
18-Back_jpg.rf.538bf75e15c21b71dbd1b520d39357a9.jpg,0,0,0,0,1,0,0
22-Left_jpg.rf.1271bc084fe03c651abc3dd287a5df2a.jpg,1,0,0,0,0,0,0
MM-prod-doctorImg-9274b7acdaaa_jpg.rf.3fabb3d3ed5407393ac8f4c4b7aa6e42.jpg,1,0,0,0,0,0,0
exhibition_202210_0000039_jpg.rf.b96c5e6a6b8ef59b77001f31fcf8bdc9.jpg,1,0,0,0,0,0,0
55-Left_jpg.rf.1ff7d781650e0c4fce2d8b996be35a82.jpg,0,0,1,0,0,0,0
57-Back_jpg.rf.1d910dea2f1a6910f6a7533721ec195a.jpg,0,0,1,0,0,0,0
39-Front_jpg.rf.49e9a443b95a8a2e5f3d265dbc34f39b.jpg,0,0,1,0,0,0,0
57-Front_jpg.rf.11432ebd0c46bf79a090e830381c4ad0.jpg,0,0,1,0,0,0,0
21-Left_jpg.rf.5e1f2cb152dc82b6c3cf9cfcf108485a.jpg,0,0,0,0,1,0,0
13-Right_jpg.rf.60fe0a50759f6edd5522b09747767649.jpg,0,1,0,0,0,0,0
50-Front_jpg.rf.4afeab938f552b98ab11ceca8511dfd9.jpg,0,0,0,0,1,0,0
23-Back_jpg.rf.9f2c2bbe50c715c6f876bb31d663d17d.jpg,0,0,0,0,1,0,0
39-Right_jpg.rf.b2390b691fe2d924d8d29e82b6f63411.jpg,0,0,1,0,0,0,0
40-Front_jpg.rf.f49ab868479ac89349e16bdcdeda5788.jpg,0,0,0,1,0,0,0
4-Left_jpg.rf.137c6420b1f0bee9c12c4fa8cb5291cd.jpg,0,0,0,0,0,0,1
4-Right_jpg.rf.fc0f4fdfc138475c5eca86cd6a59e784.jpg,0,0,1,0,0,0,0
exhibition_202210_0000047_jpg.rf.f0f53977dcb7fc0a98fbbc80004e63ef.jpg,1,0,0,0,0,0,0
5-Left_jpg.rf.a90c96c4c915d44235d5ee6f891d5682.jpg,0,0,0,0,0,0,1
4-Front_jpg.rf.fa71c4a12af3efa04ab027e8265274e0.jpg,0,0,0,1,0,0,0
13-Top-Down_jpg.rf.b8aacba1ea749f60857f03cb7886c1b6.jpg,0,1,0,0,0,0,0
57-Right_jpg.rf.1e0dd06bbbb5895768bf5374c04c439c.jpg,0,0,1,0,0,0,0
19-Back_jpg.rf.774749fc05fd6f5a4a47c55ff1fc75a4.jpg,0,1,0,0,0,0,0
6-Right_jpg.rf.e9b1d95b32701977272db672590b761e.jpg,0,0,1,0,0,0,0
14-Back_jpg.rf.dedac38b46e6a2a1d8ee2efdcd5459bf.jpg,0,1,0,0,0,0,0
4-Back_jpg.rf.0a0d92d83da6a055ab656d95d64c757a.jpg,1,0,0,0,0,0,0
18-Right_jpg.rf.c5ae23974e2a1f6f8cd7afd6c90d9de5.jpg,0,1,0,0,0,0,0
20-Front_jpg.rf.460aeba290bba646a8c48e3979fec97b.jpg,0,1,0,0,0,0,0
40-Left_jpg.rf.c3c2661a7a112493857ccd559e29b2e6.jpg,0,0,1,0,0,0,0
13-Front_jpg.rf.fd87a14fb7fc9cc970c1bdb7c9cd1119.jpg,0,1,0,0,0,0,0
6-Left_jpg.rf.754fc3f35d6207c3a5d8bac323cd3d86.jpg,0,0,1,0,0,0,0
50-Left_jpg.rf.4b24692d2216b7b3c36bdad4de3b5c07.jpg,0,1,0,0,0,0,0
39-Top-Down_jpg.rf.7ee46dbded6d445119c20cfaf652399b.jpg,0,0,0,0,1,0,0
48-Top-Down_jpg.rf.6cb2eb73981edc09262c0d1024dc05c2.jpg,0,0,0,1,0,0,0
1-Front_jpg.rf.bf908e99eae5332a2f32ccc596f209b5.jpg,0,1,0,0,0,0,0
19-Front_jpg.rf.eafa82bd82d0d9f11c0d42817562c6ea.jpg,0,1,0,0,0,0,0
13-Left_jpg.rf.6e0d9caf56828805a80f2b25c90bc0d9.jpg,0,1,0,0,0,0,0
6-Front_jpg.rf.804d31cac932fedea44053468a4787a6.jpg,0,0,1,0,0,0,0
13-Back_jpg.rf.dea608b6fe86cfd5fe41de874c184e7f.jpg,0,1,0,0,0,0,0
40-Right_jpg.rf.040797176e4fbfad4370b0a78abaa788.jpg,0,0,1,0,0,0,0
exhibition_202210_0000051_jpg.rf.aebd9f9680ca27c2e6d2b6f32875e8ad.jpg,0,0,1,0,0,0,0
1-Right_jpg.rf.a8e98ea6e878829d4dd643dddb34bf57.jpg,0,1,0,0,0,0,0
18-Left_jpg.rf.bf8b973b67b307f0032597767395d3ba.jpg,0,1,0,0,0,0,0
14-Right_jpg.rf.7c8c4bdb750d3ec31b535c23bf662b64.jpg,0,1,0,0,0,0,0
17-Top-Down_jpg.rf.be3aad32fab5961654dc0fa29849ed1d.jpg,0,1,0,0,0,0,0
19-Left_jpg.rf.621291c76994805f815583d66a1cf570.jpg,0,1,0,0,0,0,0
14-Front_jpg.rf.bad3699525d5e0878d11164208db0dd5.jpg,0,1,0,0,0,0,0
13-Right_jpg.rf.64f21551df9e745b25a5dac9dac51700.jpg,0,1,0,0,0,0,0
55-Left_jpg.rf.3f0ffd2889a24bd92ec7fb94d26e9e1a.jpg,0,0,1,0,0,0,0
13-Top-Down_jpg.rf.fedebb60b71daf0ba116b1b0fd8184de.jpg,0,1,0,0,0,0,0
55-Right_jpg.rf.4387ea5505ce84594c80166cd14124a5.jpg,0,0,1,0,0,0,0
17-Back_jpg.rf.5fe7e9f9450dd06408338866e46aad53.jpg,0,1,0,0,0,0,0
55-Left_jpg.rf.69b1be4036a9a5233a673332fc5f2cc8.jpg,0,0,1,0,0,0,0
20-Right_jpg.rf.0e7f1183d612e90a3b73b4986eb07ef0.jpg,0,1,0,0,0,0,0
48-Front_jpg.rf.3eb18a6c786fe4c9c730d1e68ae41af6.jpg,0,0,1,0,0,0,0
48-Back_jpg.rf.2725ebba2a05e7fe25c48395683d65ae.jpg,0,0,1,0,0,0,0
14-Top-Down_jpg.rf.26a486b1d725d0a7779b352fbc0d3416.jpg,0,1,0,0,0,0,0
40-Front_jpg.rf.d6a3227f74cd7e0dd1e22b9b80c5210d.jpg,0,0,0,1,0,0,0
exhibition_202210_0000047_jpg.rf.06b7b081526695af2847378637a20093.jpg,1,0,0,0,0,0,0
14-Left_jpg.rf.9e0bff774f73a0321ca03c5c76a4b28c.jpg,0,1,0,0,0,0,0
21-Right_jpg.rf.34309f8613094206f817743f5f30e8f6.jpg,0,1,0,0,0,0,0
50-Top-Down_jpg.rf.7f64f4f373dbcc07051b12f6e0a1daea.jpg,0,0,1,0,0,0,0
18-Front_jpg.rf.9994fe331704d305d6470357a6b3dece.jpg,0,1,0,0,0,0,0
17-Left_jpg.rf.60c91e0f9d8e29946cdee4927d5adcff.jpg,0,1,0,0,0,0,0
14-Left_jpg.rf.0c22775a979ee59480d41e5088a59258.jpg,0,1,0,0,0,0,0
14-Right_jpg.rf.d7599ec5d9ced95c0d0abda53aa1ae2f.jpg,0,1,0,0,0,0,0
57-Back_jpg.rf.75a984051dd7f2104a68b12edafafc8d.jpg,0,0,1,0,0,0,0
14-Front_jpg.rf.bd7ccf76b027a4ebffda56151aae2025.jpg,0,1,0,0,0,0,0
39-Front_jpg.rf.8b1110423e7c483cedf8102d7b204a93.jpg,0,0,1,0,0,0,0
39-Right_jpg.rf.336f5f4e981f6e1724a63e4926fc0976.jpg,0,0,1,0,0,0,0
54-Front_jpg.rf.13062d267c003bacf514efd35def8f10.jpg,0,0,0,0,1,0,0
48-Left_jpg.rf.602a1189638dcd28bd5e108743d216d7.jpg,0,0,0,1,0,0,0
14-Back_jpg.rf.93210c600f0efdceda788dd14bb0e96e.jpg,0,1,0,0,0,0,0
57-Front_jpg.rf.96f4ab859c9d94d8d831251f67b0e5e8.jpg,0,0,1,0,0,0,0
48-Back_jpg.rf.6cec968fffef2bc7c9fd808f03bbc55e.jpg,0,0,1,0,0,0,0
40-Left_jpg.rf.57281f08c587838f012cbb268844347d.jpg,0,0,1,0,0,0,0
exhibition_202210_0000039_jpg.rf.17641eb7c856c452412620ea13ffe2e0.jpg,1,0,0,0,0,0,0
51-Right_jpg.rf.7199198c878bfab622f426d0815445f5.jpg,0,1,0,0,0,0,0
57-Right_jpg.rf.0e2f92e83797b7976395e4e1d2b2d775.jpg,0,0,1,0,0,0,0
20-Top-Down_jpg.rf.17582572a8afe5f0f50fe60f5e472aed.jpg,0,1,0,0,0,0,0
2-Top-Down_jpg.rf.315a064679959be743d85a139e1a5cd5.jpg,0,1,0,0,0,0,0
14-Top-Down_jpg.rf.f5efe9b55b477676e003c726ad487da7.jpg,0,1,0,0,0,0,0
40-Right_jpg.rf.98dac1cb6d204fb7dd49c7f1330e1e77.jpg,0,0,1,0,0,0,0
55-Front_jpg.rf.d96bee233e0a210c0f06811abe18cc6a.jpg,0,0,0,0,1,0,0
48-Left_jpg.rf.4f11fd36db1c27813b55a68de6f3daa5.jpg,0,0,0,1,0,0,0
2-Back_jpg.rf.e556e1d532c49aacc7b700dee05f6e67.jpg,0,1,0,0,0,0,0
17-Left_jpg.rf.e62819ea527dc286047739641a72ac3f.jpg,0,1,0,0,0,0,0
54-Top-Down_jpg.rf.20e805f93b1e44b16978286b840b32be.jpg,0,0,0,0,1,0,0
20-Back_jpg.rf.9ada54505ee9defc4707abf72dd475a6.jpg,0,1,0,0,0,0,0
4-Left_jpg.rf.e0a5422d4c1e116427c4f1fcdd073c58.jpg,0,0,0,0,0,0,1
19-Top-Down_jpg.rf.91f9f988219dffc4d13bfb57fbf9a773.jpg,0,1,0,0,0,0,0
4-Right_jpg.rf.c1f926727e5534d3e58fbd0acfe45d1c.jpg,0,0,1,0,0,0,0
6-Right_jpg.rf.2408ee03f53339262ad31b2ec6ebfa90.jpg,0,0,1,0,0,0,0
6-Front_jpg.rf.6a3dd851181492b91642b7a6d7ef9863.jpg,0,0,1,0,0,0,0
2-Right_jpg.rf.54970340220fed4c6d00998c30bc64d4.jpg,0,1,0,0,0,0,0
50-Right_jpg.rf.844e74113869725c76853eea93bcceec.jpg,0,0,1,0,0,0,0
50-Right_jpg.rf.a994dca3dae1d1a539f802ba85ea3169.jpg,0,0,1,0,0,0,0
2-Left_jpg.rf.0ad0043dd1f429127976c478ed9bccc0.jpg,0,1,0,0,0,0,0
19-Right_jpg.rf.d7219e7146e574d5f7360717ea09bdff.jpg,0,1,0,0,0,0,0
4-Back_jpg.rf.c960fa3a317ebe2d405b50fcab374493.jpg,1,0,0,0,0,0,0
51-Right_jpg.rf.f07c4ec2e736032e875d16cba7cb3fc0.jpg,0,1,0,0,0,0,0
17-Back_jpg.rf.8bde0545684ec4be3a160f3508c4a84f.jpg,0,1,0,0,0,0,0
13-Left_jpg.rf.a47fb70c74c4b5a1e333ce2bd9bf751b.jpg,0,1,0,0,0,0,0
5-Left_jpg.rf.630fca7c1bbb1cd8aa73bea50f6c82c4.jpg,0,0,0,0,0,0,1
19-Top-Down_jpg.rf.a31852125763078b30a7cc9fee8d9da4.jpg,0,1,0,0,0,0,0
51-Top-Down_jpg.rf.2b28157dbcee50557329cb93f99cbdac.jpg,0,0,1,0,0,0,0
2-Top-Down_jpg.rf.fa119030d205375d7e7b4afc49365943.jpg,0,1,0,0,0,0,0
19-Right_jpg.rf.c1f40edb2a1ed35eb5300feeb92e6d9b.jpg,0,1,0,0,0,0,0
48-Front_jpg.rf.7a86ccb084c2eb18280425369e4e6339.jpg,0,0,1,0,0,0,0
2-Left_jpg.rf.804b9f2db615f3da1c9d9cf944322ae6.jpg,0,1,0,0,0,0,0
13-Front_jpg.rf.4dc5ab0c3e1dc869e740066136d1feb8.jpg,0,1,0,0,0,0,0
50-Top-Down_jpg.rf.7174131a170d972af36ddab8a15240e7.jpg,0,0,1,0,0,0,0
2-Back_jpg.rf.fd83ba8b1931db68b702a7ca06dec393.jpg,0,1,0,0,0,0,0
2-Right_jpg.rf.3da0e56afe5694ea5d16e787af22a309.jpg,0,1,0,0,0,0,0
20-Back_jpg.rf.fd0968a3ba623053afde13db66e3232d.jpg,0,1,0,0,0,0,0
19-Back_jpg.rf.a20b1e1f3e5b51e4836782b0278975ce.jpg,0,1,0,0,0,0,0
28-Front_jpg.rf.ab00cd01a55e87c13c0d852a59894a64.jpg,0,1,0,0,0,0,0
19-Left_jpg.rf.38f128e0ae08af3fcd905ed2cfa80257.jpg,0,1,0,0,0,0,0
13-Back_jpg.rf.9f18c3814210a2d848d5d5d7d4728717.jpg,0,1,0,0,0,0,0
39-Top-Down_jpg.rf.f1b49f8a523b9f953ace415d2eedae55.jpg,0,0,0,0,1,0,0
55-Right_jpg.rf.0b2e0fe02157502127aad56621fcc9c3.jpg,0,0,1,0,0,0,0
18-Left_jpg.rf.576d370d782e9376b7ab62eba5116531.jpg,0,1,0,0,0,0,0
51-Top-Down_jpg.rf.1fb3817607722297b2bcde4d77319620.jpg,0,0,1,0,0,0,0
50-Left_jpg.rf.ff64b3c85e5e51ac6786e0234c553f00.jpg,0,1,0,0,0,0,0
exhibition_202210_0000051_jpg.rf.955d0461c64fd00c5c063b6cecf8d95e.jpg,0,0,1,0,0,0,0
4-Front_jpg.rf.cbfa4279edc4484c3470323cc9a79005.jpg,0,0,0,1,0,0,0
54-Top-Down_jpg.rf.24d16abe91ed872c9fd35c5a09bd68a8.jpg,0,0,0,0,1,0,0
22-Top-Down_jpg.rf.e871fb044f41a8ba7f38c244b2d60b45.jpg,0,0,1,0,0,0,0
18-Right_jpg.rf.1620475119c15fd4b8c1f9d39c8c29ac.jpg,0,1,0,0,0,0,0
48-Top-Down_jpg.rf.4e5894f2b0389d0bf8fd4c59845c55b3.jpg,0,0,0,1,0,0,0
28-Right_jpg.rf.cd8318923c8e2f794614353d416e67b8.jpg,0,1,0,0,0,0,0
23-Left_jpg.rf.d26009219678b33193f6f85dfeb1b98a.jpg,0,0,0,0,1,0,0
55-Left_jpg.rf.9194a3bcbb517198f3a1e355f060484b.jpg,0,0,1,0,0,0,0
19-Front_jpg.rf.f4587a673a7bc71a06b97ab497045834.jpg,0,1,0,0,0,0,0
17-Top-Down_jpg.rf.3146daf31451a9612fa272de2217e53c.jpg,0,1,0,0,0,0,0
20-Right_jpg.rf.fd5b3f9a2c45fe5268f87a6c4bf2d395.jpg,0,1,0,0,0,0,0
1-Front_jpg.rf.4184e8a36a0ada5624e34160f18b2830.jpg,0,1,0,0,0,0,0
55-Front_jpg.rf.8264b4186722a02fe270fda618efbed4.jpg,0,0,0,0,1,0,0
22-Back_jpg.rf.e61c9b53bef5ecd43e127c78805e294f.jpg,0,1,0,0,0,0,0
55-Top-Down_jpg.rf.788b21b44fe1e3fa0b84c6b1e7f02b2d.jpg,0,0,0,0,1,0,0
21-Right_jpg.rf.ffd0d5b1a2adbb9bad61e6674a36ba05.jpg,0,1,0,0,0,0,0
1-Right_jpg.rf.1675ed1fc0d43f3c2d8f01a92d6dc1a5.jpg,0,1,0,0,0,0,0
6-Back_jpg.rf.3f7bb0e46f36d19a63a0d5c333db593a.jpg,0,0,0,0,1,0,0
18-Front_jpg.rf.121d59c9dc2be2c556d06f0cec5d7c1e.jpg,0,1,0,0,0,0,0
6Left_jpg.rf.a5e1c36df2f0ac43efbf0ff844464213.jpg,0,0,0,1,0,0,0
6-Left_jpg.rf.d25db038832f66cbe23f8e14fe677f5f.jpg,0,0,1,0,0,0,0
3-Back_jpg.rf.28b585a1180b1c235237404a2cee4066.jpg,0,1,0,0,0,0,0
22-Left_jpg.rf.722926202854e21ce45cd2c91205fabb.jpg,0,1,0,0,0,0,0
20-Top-Down_jpg.rf.f6934c5c031989c07c50d57fa906992d.jpg,0,1,0,0,0,0,0
50-Front_jpg.rf.455178a70b12a57866e24e4a8d493332.jpg,0,0,0,0,1,0,0
20-Front_jpg.rf.f6d1389da1c5fb89557f8ce789aeb394.jpg,0,1,0,0,0,0,0
28-Top-Down_jpg.rf.7d80c8cfb20ed20b9af1d35070260529.jpg,0,1,0,0,0,0,0
6-Top-Down_jpg.rf.47953c00543d67185de1c66ec7b43a23.jpg,0,0,0,1,0,0,0
23-Top-Down_jpg.rf.11af22ba8abfccfbebdf0672bf5bf5b8.jpg,0,0,0,0,1,0,0
27-Back_jpg.rf.71e3c679dd616a0d4ceb3f3dec489af9.jpg,0,1,0,0,0,0,0
7-Back_jpg.rf.d115d4dcfc240ce7d9587fa976d89e33.jpg,0,0,0,0,0,0,1
6-Left_jpg.rf.bb4381756cef8cb1f9b9878f23bbc750.jpg,0,0,0,0,1,0,0
23-Right_jpg.rf.ae39319e492265850ed34e9098d6640b.jpg,0,1,0,0,0,0,0
23-Left_jpg.rf.76b88e5978d40dddb88d55485130954f.jpg,0,1,0,0,0,0,0
3-Front_jpg.rf.55c9cdd17ee3e2bb7d9008f1d40a4a05.jpg,0,1,0,0,0,0,0
24-Front_jpg.rf.1c7f2729a6188dad3e7fd901e6f77479.jpg,0,1,0,0,0,0,0
23-Back_jpg.rf.ca9a2943c980c1c8297a0380d9cc585d.jpg,0,0,1,0,0,0,0
22-Top-Down_jpg.rf.b85caad282bbae62e07479b6ae177024.jpg,0,0,0,0,0,0,1
24-Left_jpg.rf.4744acf43290aa7d8c62aa901b459230.jpg,0,1,0,0,0,0,0
23-Right_jpg.rf.6cf96ec6933fcaa745cfb79cfa223400.jpg,0,0,0,0,1,0,0
57-Front_jpg.rf.9622fcb1abab6e9750b0ead030eb60c2.jpg,0,0,0,1,0,0,0
6-Left_jpg.rf.f7054876fbe361eca13d0167efae76da.jpg,0,0,0,0,1,0,0
22-Right_jpg.rf.80e869cae8502a51fa4b87e4fc916e96.jpg,0,1,0,0,0,0,0
8-Left_jpg.rf.f5942f87a1293b980c7180d0cdf286bc.jpg,0,0,0,0,1,0,0
27-Front_jpg.rf.d43bbf3e3c1a49c3028b3137419f1cdf.jpg,0,1,0,0,0,0,0
27-Right_jpg.rf.8b5267897ae9a7c680296f2c9a13be8e.jpg,0,1,0,0,0,0,0
24-Back_jpg.rf.b2694ebf9b23e87aa50dcf8a641e0665.jpg,0,0,0,0,1,0,0
MM-top-customerImg-lybgu4w9lokg_jpg.rf.b401c2114d3ede861047fea9796d92ca.jpg,1,0,0,0,0,0,0
23-Top-Down_jpg.rf.b8dc12084c7e0058ebf683d282eb4dbc.jpg,0,0,0,1,0,0,0
26-Back_jpg.rf.175d5f7fa58640f8ff7c1863e36be06a.jpg,0,0,0,0,1,0,0
23-Front_jpg.rf.7fc22b4827b1ef3499cd568f57323f99.jpg,0,0,0,0,1,0,0
23-Top-Down_jpg.rf.1eeef0324af85ab1fdf214de21bd5e81.jpg,0,1,0,0,0,0,0
24-Front_jpg.rf.08e0f2446241614f89ae978863203695.jpg,0,0,0,0,1,0,0
25-Left_jpg.rf.a0d8c50ff9f794549e3786c904662b3e.jpg,0,0,0,0,1,0,0
7-Left_jpg.rf.0b74b02961b39b2a3a13354108d81ce0.jpg,0,0,0,0,1,0,0
23-Right_jpg.rf.b8138e7ef7b502a0d3d0731e48ef6df1.jpg,0,0,0,1,0,0,0
exhibition_202210_0000003_jpg.rf.5cdb30f6d5482b925e0684566eb1756a.jpg,1,0,0,0,0,0,0
8-Front_jpg.rf.5c365f1fa90ca58bfaf40b16ca19f2b7.jpg,0,0,0,0,1,0,0
23-Back_jpg.rf.ac624bf8f890c52e7cc5f6456591d485.jpg,0,0,0,0,0,0,1
24-Top-Down_jpg.rf.02c6ced042a045e47e0ed3deebd7de66.jpg,0,0,0,0,1,0,0
23-Right_jpg.rf.afe5ec4b18ea65aa33ec1ebcfddeda8b.jpg,0,0,1,0,0,0,0
8-Back_jpg.rf.acbf237042a6d517989d7101aa987a1d.jpg,0,0,0,0,1,0,0
23-Front_jpg.rf.d4221e4a45617ecee76be322a47e8016.jpg,0,0,0,1,0,0,0
25-Front_jpg.rf.326a83a67757f6f094af8276365f42c9.jpg,0,0,0,0,1,0,0
54-Front_jpg.rf.ce82f2411dddae8f5c1c4ff7c56ff29f.jpg,0,0,0,0,1,0,0
22-Top-Down_jpg.rf.8210ffcb3f8f28bf7f0622001166ca41.jpg,0,1,0,0,0,0,0
25-Back_jpg.rf.2838d1ea9f28dcba4d5c2ad1557a5d11.jpg,0,0,0,0,1,0,0
23-Front_jpg.rf.ef30551ec4f1de097ccb1efaaf3caeb7.jpg,0,1,0,0,0,0,0
7-Top-Down_jpg.rf.26f3224f3303446b9a15f900e8ca955d.jpg,0,0,0,0,1,0,0
6-Right_jpg.rf.fc40a5810038fe954a17c0aa2a56d3a6.jpg,0,0,1,0,0,0,0
24-Right_jpg.rf.f9ad6dbf5f682621bf8161a7028cc7a6.jpg,0,0,0,1,0,0,0
24-Back_jpg.rf.5ba921e8350ecfedfc35375a1663a77f.jpg,0,0,0,0,0,1,0
24-Left_jpg.rf.f38cc9719f3cb20d84d5305de84b52d9.jpg,0,0,0,1,0,0,0
23-Back_jpg.rf.fefd3fe2fc72d118e484fd69249740ab.jpg,0,0,0,0,0,0,1
27-Left_jpg.rf.f541a728ccbd55d29a1ee50ac8b4bf94.jpg,0,1,0,0,0,0,0
24-Left_jpg.rf.45aefc0b6733da580ceebd7eb57728e8.jpg,0,0,0,1,0,0,0
27-Top-Down_jpg.rf.c2a03861e431583802e012dbdc33df54.jpg,0,1,0,0,0,0,0
23-Left_jpg.rf.7a5577a37bd6afb40848da6007784de3.jpg,0,0,0,0,0,0,1
23-Top-Down_jpg.rf.4a0c433e6965184dfbdd353e3091acda.jpg,0,1,0,0,0,0,0
26-Top-Down_jpg.rf.a64acd8c085b483a45719c1601d0dcaa.jpg,0,0,0,0,1,0,0
24-Right_jpg.rf.58e347100d31eb15e89439316562ca1c.jpg,0,0,0,0,1,0,0
exhibition_202210_0000065_jpg.rf.27aacb169db46284aba43e19c6bf6b1e.jpg,1,0,0,0,0,0,0
14-Back_jpg.rf.cba4c8f5ffc22339abb6d709456914c8.jpg,0,0,0,1,0,0,0
23-Top-Down_jpg.rf.9f7ef4a690ead2feb43a3355fb25ebf1.jpg,0,0,0,0,0,0,1
10-Right_jpg.rf.2a91007f204ee182165f7b839ae5dbdc.jpg,0,0,0,1,0,0,0
1-Back_jpg.rf.7cbb12091a6eabc7a52f6694824ef254.jpg,0,0,0,1,0,0,0
27-Back_jpg.rf.377472101b5839341000d52fdd6b69a6.jpg,0,0,0,0,1,0,0
1-Front_jpg.rf.c819de2fb8a7a828180ee905e36dd4e8.jpg,0,0,0,1,0,0,0
12-Front_jpg.rf.51a30e0949ec9814b4af8fba2f2b3f3f.jpg,0,0,0,1,0,0,0
26-Left_jpg.rf.f0afb68583e67c205d7628b757b5554e.jpg,0,0,0,0,1,0,0
24-Front_jpg.rf.b0fb4bc2b2ea546e2d18c0189b4394fd.jpg,0,0,0,1,0,0,0
12-Left_jpg.rf.b2804ed3bb147cc975203eb038d70942.jpg,0,0,0,1,0,0,0
28-Back_jpg.rf.87fe070e17762db06cf1edfb89cb4beb.jpg,0,1,0,0,0,0,0
24-Right_jpg.rf.9432118c23aa42073082e749991ddbd8.jpg,0,0,0,0,1,0,0
10-Back_jpg.rf.633e8f59c92c3c343a2caa2eb8d934f7.jpg,0,0,0,1,0,0,0
27-Left_jpg.rf.f47418d40e750b721a1b88e35e7f6125.jpg,0,0,0,0,1,0,0
10-Left_jpg.rf.1120509b339d88c7e78e374d7748b5a0.jpg,0,0,0,1,0,0,0
12-Top-Down_jpg.rf.6f4e421adbf63b911e6019cdde0a9086.jpg,0,0,0,1,0,0,0
24-Left_jpg.rf.fff3d5848ef6e8a43c7f7b95c8059cc6.jpg,0,1,0,0,0,0,0
27-Front_jpg.rf.a425b30d0544d31e373dda79f2bc8c47.jpg,0,0,0,0,1,0,0
23-Right_jpg.rf.a7c611063e710a56a6f5327d04f84901.jpg,1,0,0,0,0,0,0
23-Left_jpg.rf.416e7b54895cb4d04ee32214feda986f.jpg,0,1,0,0,0,0,0
11-Front_jpg.rf.c2e6a69ce22c8a8cb6a27cc63b53b33f.jpg,0,0,0,1,0,0,0
11-Left_jpg.rf.e29fcf3739d62d6af0701e67fe9d5c35.jpg,0,0,0,1,0,0,0
6-Front_jpg.rf.b23b4a15cf6b4ee8cbb036910e91a892.jpg,0,0,0,0,1,0,0
23-Front_jpg.rf.6111e3353f6e0a15d4b784e9cba1fa33.jpg,0,0,0,0,0,0,1
27-Top-Down_jpg.rf.969aaa8fe1f0ba72ae45f482ced386d9.jpg,0,0,0,0,1,0,0
12-Right_jpg.rf.233a3351e1aed4b7d68fb9352c19d03e.jpg,0,0,0,1,0,0,0
23-Front_jpg.rf.f5ee5d8de20e037a14f567a7a0e56740.jpg,0,0,0,0,1,0,0
12-Back_jpg.rf.f57a7ab7a5e16b4151e37711aa8a8b2b.jpg,0,0,0,1,0,0,0
11-Back_jpg.rf.a10fd29546240c9d2c0d80daefc84ca3.jpg,0,0,0,1,0,0,0
23-Left_jpg.rf.60f4cf7ca5dd4d5dc44bab98a95e3f07.jpg,0,0,1,0,0,0,0
23-Back_jpg.rf.e1d449af3446c5cef527ce3edbbbb837.jpg,0,0,0,0,1,0,0
26-Front_jpg.rf.48be9c12faa4fca0d42de3b03501c7d8.jpg,0,0,0,0,1,0,0
23-Right_jpg.rf.e270e5c7b810303e155a61eb97f4211e.jpg,0,0,1,0,0,0,0
24-Back_jpg.rf.117fd6415a41a3d0781d64a1dbd291da.jpg,0,0,0,0,1,0,0
7-Front_jpg.rf.f70155e85a985bf88f63f33c1d2315d5.jpg,0,0,0,0,1,0,0
6-Left_jpg.rf.b425f361f11d64b1dd8e6ec10e15c598.jpg,0,0,0,0,1,0,0
23-Left_jpg.rf.88f9a23de2cd674084dce8e2864e1192.jpg,0,0,0,1,0,0,0
6-Left_jpg.rf.0493c861d3a2ab5270c458879305e76c.jpg,0,0,0,0,1,0,0
29-Top-Down_jpg.rf.446d669a37d8b8336f0d45623143cf41.jpg,0,0,0,1,0,0,0
exhibition_202210_0000001_jpg.rf.d2fadc9df152f20c554381f474c5ded2.jpg,0,1,0,0,0,0,0
23-Right_jpg.rf.3be99389e4678d0cfc6302c12a59205e.jpg,1,0,0,0,0,0,0
3-Back_jpg.rf.5ba74a483478ef0f3dc7b25a909d56fd.jpg,0,1,0,0,0,0,0
27-Left_jpg.rf.11d4b7b7bb92e17a01b2b016e5c07143.jpg,0,0,0,1,0,0,0
21-Top-Down_jpg.rf.550acf036d49cb9dbbba2006ecd77dd5.jpg,0,0,0,1,0,0,0
29-Top-Down_jpg.rf.0e2e2bd3413e55eaae916e9ef78f47de.jpg,0,0,0,1,0,0,0
7-Back_jpg.rf.dca89c69b1f663d28d68d5f197bf2ca5.jpg,0,0,0,0,0,0,1
24-Right_jpg.rf.ddbce638905c31267d884439ce13e602.jpg,0,1,0,0,0,0,0
3-Front_jpg.rf.f33703f2b70d29c3a9f3713ac7133ec6.jpg,0,1,0,0,0,0,0
28-Top-Down_jpg.rf.b28c2fcb1d1aef5760f58b35d28acddd.jpg,0,1,0,0,0,0,0
33-Right_jpg.rf.4f260892d934eedabab6f0cc00ce2e32.jpg,0,1,0,0,0,0,0
23-Top-Down_jpg.rf.51499f74a2be4ed61d7e1da88ab6867c.jpg,0,0,0,0,1,0,0
35-Left_jpg.rf.426ef5233fc9d5e3a7e5e43127d35b12.jpg,0,0,0,1,0,0,0
35-Right_jpg.rf.519c2298bc75d46560506b1fd7d8351c.jpg,0,0,0,1,0,0,0
8-Back_jpg.rf.2b00a2b1fe927294670b6cdc537734f2.jpg,0,0,0,0,0,0,1
24-Right_jpg.rf.d059fc2660335d14077ec65bb861b48f.jpg,0,0,0,1,0,0,0
29-Right_jpg.rf.b7f795d4dc7b49d040fea0cba2c19581.jpg,0,0,0,0,1,0,0
27-Front_jpg.rf.c26d8f5b801e0a00b4848be244313b48.jpg,0,0,0,0,1,0,0
33-Front_jpg.rf.b6938723aa1d310cc617d3995085a950.jpg,0,1,0,0,0,0,0
29-Top-Down_jpg.rf.470118ed1f2b081e1d32e4361b9fa0e6.jpg,0,0,0,1,0,0,0
27-Left_jpg.rf.dc64389806e71402ee20d096c68e249a.jpg,0,0,0,0,0,0,1
27-Top-Down_jpg.rf.9b946139a5037a797e83d5ab9c30ac86.jpg,1,0,0,0,0,0,0
35-Left_jpg.rf.6c06bef4a0c1610a76d94436e706e66b.jpg,0,0,0,1,0,0,0
31-Right_jpg.rf.4780f3078b937c5aaa2f14fc58802be1.jpg,0,1,0,0,0,0,0
33-Top-Down_jpg.rf.09d387728166b330c905550b922d47a0.jpg,0,1,0,0,0,0,0
35-Right_jpg.rf.4209440645ea375307cd2beee1abb9dc.jpg,0,0,0,1,0,0,0
30-Right_jpg.rf.ed3d9f709690076c9d77b567835cdcf1.jpg,0,0,0,1,0,0,0
27-Left_jpg.rf.76f5cb8eaac83456e7481e8a569286d9.jpg,0,0,0,1,0,0,0
24-Top-Down_jpg.rf.15827f340d40e85529891251f7c12425.jpg,0,0,0,1,0,0,0
29-Right_jpg.rf.a623725fffaee7d0a997e2e2810fbf05.jpg,0,0,0,0,1,0,0
23-Back_jpg.rf.218dbbd32501883adbf82a84f701622f.jpg,0,0,1,0,0,0,0
29-Left_jpg.rf.034082362dfd941bb4e64bc1fbb56dad.jpg,0,0,0,0,1,0,0
3-Top-Down_jpg.rf.24fa250ca0b5e265e0c75f9721f62d1c.jpg,0,1,0,0,0,0,0
35-Back_jpg.rf.4310ade061295dd808870a4b98765776.jpg,0,0,0,1,0,0,0
3-Right_jpg.rf.691fce92b22d8e63b3d573a113b4bf55.jpg,0,1,0,0,0,0,0
25-Back_jpg.rf.9c77fbba1db53b63646307eda5ab2af9.jpg,0,0,0,0,1,0,0
35-Top-Down_jpg.rf.47aca694a2b8f7a8503898852fc1c1a0.jpg,0,1,0,0,0,0,0
27-Top-Down_jpg.rf.e34af50b1789979c36a6017cd1ddbcdb.jpg,0,0,0,0,1,0,0
27-Left_jpg.rf.68d7731c9bb6ecae1fce725997b3474f.jpg,0,0,0,0,1,0,0
34-Front_jpg.rf.21e59d71e263ffc481cdb1d3b91b0d1a.jpg,0,0,0,1,0,0,0
30-Front_jpg.rf.6bc0ddc08387668586184b02f7fca70a.jpg,0,1,0,0,0,0,0
27-Front_jpg.rf.f4058e1c435d9ef8c51540dbaadd1476.jpg,0,0,0,0,1,0,0
35-Front_jpg.rf.a1b4d231040d9909a3f2d1e4ee6aecf4.jpg,0,0,0,1,0,0,0
30-Back_jpg.rf.8e4c268bf4059a564b583953b1b89f2e.jpg,0,1,0,0,0,0,0
27-Right_jpg.rf.c8c07eae275855052f9d7d6670d72658.jpg,0,0,0,1,0,0,0
23-Back_jpg.rf.41969822ae8f9cec048f765aa7289e13.jpg,0,0,0,0,0,0,1
36-Back_jpg.rf.4f3f53a973fcf65ceb87a21f5bc3f246.jpg,0,1,0,0,0,0,0
27-Left_jpg.rf.08fc777bd8540ca68cd3cc821a40169f.jpg,0,0,0,0,1,0,0
28-Right_jpg.rf.636fa4bef5ecd6efe73c140532c57195.jpg,0,1,0,0,0,0,0
27-Front_jpg.rf.d45ea189e738afdfdf479606fc06c92c.jpg,0,0,0,0,1,0,0
35-Front_jpg.rf.75cf9030433f8173d2f6f221d4fc5b95.jpg,0,0,0,1,0,0,0
27-Back_jpg.rf.ef19a09e13f70adf5bcbb9b820496677.jpg,0,0,0,1,0,0,0
31-Back_jpg.rf.334c84a4af17106dc64b6463591285c8.jpg,0,0,0,1,0,0,0
31Front_jpg.rf.ce87c6cb6ccc610acb5748676ff6cb12.jpg,0,1,0,0,0,0,0
31-Left_jpg.rf.0fdac024d1176fa78c8e1629e3d4e37c.jpg,0,0,0,1,0,0,0
6-Top-Down_jpg.rf.ae813adaf30724429d2607a78d89796e.jpg,0,1,0,0,0,0,0
36-Front_jpg.rf.573a7e37b2a921596d72bb164f571d82.jpg,0,1,0,0,0,0,0
30-Top-Down_jpg.rf.db5931ee00be6c67c675b2f6d2fab029.jpg,0,0,0,1,0,0,0
27-Front_jpg.rf.b1f579f3605b027460d17a1c4b0cc63d.jpg,0,0,0,1,0,0,0
7-Back_jpg.rf.5a7442eea39a01612bdaa8f988b094a0.jpg,0,0,0,0,0,0,1
27-Front_jpg.rf.de16122a11e073bad8071905f2c6c4bd.jpg,1,0,0,0,0,0,0
32-Back_jpg.rf.65c042b348dc98a9fe5067aec582de96.jpg,0,1,0,0,0,0,0
31-Back_jpg.rf.2840748da13ee742ed651171910a45a5.jpg,0,0,0,1,0,0,0
23-Left_jpg.rf.984d6cf88a7b9138baaedc19b627c4c0.jpg,0,0,1,0,0,0,0
7-Front_jpg.rf.272d69be3c5fcf23f85ac4accf92c63b.jpg,0,0,0,0,0,0,1
25-Front_jpg.rf.deaaa5a2231ea43428ebb455523b2598.jpg,0,0,0,0,1,0,0
31-Top-Down_jpg.rf.cb3d36070a8fde6711d60302693cc173.jpg,0,1,0,0,0,0,0
27-Right_jpg.rf.5ef35a87fd85d5f79e06fd9db8da8f28.jpg,0,0,0,1,0,0,0
27-Top-Down_jpg.rf.eb0a1b72c6f7fc20cb0ecc4cc5001b67.jpg,0,0,0,1,0,0,0
27-Left_jpg.rf.65fa8cb725995dac9b7023c05294182b.jpg,0,0,0,1,0,0,0
9-Right_jpg.rf.9d458c25cc0f2b0e6c58511f7a62b436.jpg,0,0,0,1,0,0,0
3-Front_jpg.rf.66008da9e69b4e8d28dfb35008861222.jpg,0,1,0,0,0,0,0
31Left_jpg.rf.6d41c60ac936344eadb0c4aea808182f.jpg,0,1,0,0,0,0,0
23-Right_jpg.rf.9c2d98d0a63472c99c531cd69d30e5cd.jpg,0,0,0,1,0,0,0
6-Top-Down_jpg.rf.813cf96d2f24d431fb04e440c464a9b5.jpg,0,0,0,1,0,0,0
27-Right_jpg.rf.6bc3068a5ccf88f07415c19ed9bc4197.jpg,0,0,0,0,0,0,1
29-Front_jpg.rf.28f2c985232940045ed25ce798e335d3.jpg,0,0,0,1,0,0,0
29-Back_jpg.rf.cd43bb337d7954b82edbefd3597ff129.jpg,0,0,0,1,0,0,0
23-Front_jpg.rf.d98dd9be3e2aa9aa15dd9c2b85b58e7f.jpg,0,0,0,0,1,0,0
27-Right_jpg.rf.dd698fc8371e10b315961e1a8e4dbe18.jpg,0,0,0,0,1,0,0
exhibition_202210_0000066_jpg.rf.385bdacacd2650a0ac7f97d8d09bb445.jpg,1,0,0,0,0,0,0
29-Left_jpg.rf.36ff69a4b726c71463cf989827af86ec.jpg,0,0,0,0,1,0,0
28-Front_jpg.rf.5b53011d02fec1d3d3a7cff0834d9347.jpg,0,1,0,0,0,0,0
frame_0031-3_jpg.rf.edfd0f5adf9c648033749a6c540724a9.jpg,1,0,0,0,0,0,0
MM-top-customerImg-lybgu4w9lokg_jpg.rf.f1932b1b54527780fae74ed564ffa5c3.jpg,1,0,0,0,0,0,0
26-Left_jpg.rf.adf6593c6a1bdc3ddefcb6fa1cc2e367.jpg,0,0,0,0,1,0,0
27-Top-Down_jpg.rf.9b6c3246fcb5c19107b97beaee4a142e.jpg,0,0,0,0,1,0,0
24-Top-Down_jpg.rf.db2b6b3b8215c0bfc39ef23130df0cf4.jpg,0,0,0,0,1,0,0
23-Front_jpg.rf.c9ac3d8bd28e0bb4f71fa03ce9f417b9.jpg,0,0,0,1,0,0,0
25-Left_jpg.rf.e6b830947061ad072926a50c799ee6e7.jpg,0,0,0,0,1,0,0
32-Front_jpg.rf.66770b80d861abf75429f8c8855d4564.jpg,0,1,0,0,0,0,0
29-Top-Down_jpg.rf.e2440632ced7414dbc4bd65773d1ee7a.jpg,0,0,0,1,0,0,0
27-Left_jpg.rf.3ec54a1dcc2d05c93c6e8be648d1576b.jpg,0,0,0,0,0,0,1
34-Left_jpg.rf.fadaf63293b1a8e5373a6b3daf29ad35.jpg,0,0,0,1,0,0,0
31-Left_jpg.rf.103156d2dafc08a7369060c9959824a2.jpg,0,0,0,1,0,0,0
27-Right_jpg.rf.a577ac2e764e2c79502503bbfa4824e9.jpg,0,0,0,1,0,0,0
7-Right_jpg.rf.d1378b5298849b1a97d28d589522875a.jpg,0,0,0,0,0,0,1
36-Left_jpg.rf.e0509c6645d80645c52ecde794636bc8.jpg,0,1,0,0,0,0,0
8-Top-Down_jpg.rf.7679e457b97156422a0d3b4871eae955.jpg,0,0,0,0,0,0,1
36-Right_jpg.rf.ce97b97f81c0e8ba722624b74c9e7ef7.jpg,0,1,0,0,0,0,0
6Left_jpg.rf.5fc484542bee70533d552fd7d06877eb.jpg,0,0,0,1,0,0,0
24-Front_jpg.rf.0b8e581859fbdbb95611d41932847bc0.jpg,0,0,0,1,0,0,0
9-Back_jpg.rf.98038282dbb7f2bfc6f229971530d1df.jpg,0,1,0,0,0,0,0
28-Back_jpg.rf.088d31884ab0a46db03da1c0e186a22c.jpg,0,1,0,0,0,0,0
31-Right_jpg.rf.e890cafd7e75b1b0b7acaab8b43f850a.jpg,0,0,0,1,0,0,0
7-Front_jpg.rf.a88e59fad2146d7c1b7063875988a8bc.jpg,0,0,0,0,0,1,0
29-Front_jpg.rf.e74afc81b45a380b1ab8f81a8bb8be3d.jpg,0,0,0,1,0,0,0
23-Right_jpg.rf.46150ac66c1236bba291f3f2d76acace.jpg,0,0,0,1,0,0,0
28-Front_jpg.rf.ab41d1ea7b9437ccb734aeef7b18894c.jpg,0,1,0,0,0,0,0
24-Front_jpg.rf.d0553defac22841fb89990bc605b226f.jpg,0,0,0,0,1,0,0
27-Left_jpg.rf.e30720d2872e5d39a4cba59993670f28.jpg,0,1,0,0,0,0,0
exhibition_202210_0000023_jpg.rf.7388ad56737662b6d324af0a839449fd.jpg,1,0,0,0,0,0,0
30-Back_jpg.rf.a79cdb873f1e35418b70c3c417e6cbf8.jpg,0,1,0,0,0,0,0
30-Left_jpg.rf.95e9ffb07a0683551722aa257cc80213.jpg,0,0,0,1,0,0,0
27-Left_jpg.rf.3eb1db8417e2aa2f8094ce0f9723cc48.jpg,0,0,0,0,1,0,0
35-Back_jpg.rf.29c0b7d1d3607bdb62ebfab28fbd7784.jpg,0,1,0,0,0,0,0
27-Top-Down_jpg.rf.dda7a60fa8409f73407f6f6a94fdd305.jpg,0,0,0,0,1,0,0
23-Front_jpg.rf.2b21bc4b00b75fca498e7198e83b6e95.jpg,0,0,0,1,0,0,0
7-Front_jpg.rf.df272cef1cb112dfc02ee51299132d88.jpg,0,0,0,0,0,0,1
30-Right_jpg.rf.63bcaf2a95f000fd51bcded234c23151.jpg,0,0,0,1,0,0,0
30-Right_jpg.rf.d38d43fd0c3ad995a5f104db8a086a6f.jpg,0,1,0,0,0,0,0
6-Back_jpg.rf.348c47631bfdac3d12bdf1328cba292a.jpg,0,1,0,0,0,0,0
24-Left_jpg.rf.efee7e91d2e67e9aa56e2711c0604618.jpg,0,0,0,1,0,0,0
30-Front_jpg.rf.930b89ac7f257f211aed19ea150bd463.jpg,0,1,0,0,0,0,0
37-Top-Down_jpg.rf.8191eceeed6717af53c335bbc652f63b.jpg,0,1,0,0,0,0,0
26-Top-Down_jpg.rf.cfc8cc832b896fbf9b1ad4b00762c9b0.jpg,0,0,0,0,1,0,0
3-Left_jpg.rf.9cedcc4cd2e72c964ed5348d5c61aa9d.jpg,0,0,0,1,0,0,0
23-Back_jpg.rf.93444ff822d6a740f8379b39074537e6.jpg,0,0,0,0,0,0,1
3-Right_jpg.rf.0f52087175dca13669e611f0dfb1196e.jpg,0,0,0,1,0,0,0
exhibition_202210_0000023_jpg.rf.66fc76f9c7a9062de69efdcf5233bf2d.jpg,1,0,0,0,0,0,0
23-Front_jpg.rf.4b11d62cd198394eb59919387760a9f7.jpg,0,0,0,1,0,0,0
29-Left_jpg.rf.9e45fa9b6de7f7f229cfb953651b24d5.jpg,0,0,0,1,0,0,0
27-Front_jpg.rf.7ba53fc759321a164858471f138596db.jpg,0,0,0,0,1,0,0
27-Back_jpg.rf.ddfb30630b7752804b6afaa467bd6b3c.jpg,0,0,0,1,0,0,0
27-Left_jpg.rf.3681f57e6caf94151a22872095a1c195.jpg,0,0,0,1,0,0,0
9-Back_jpg.rf.f11a13840d6def0ff4549b1c289c68ec.jpg,1,0,0,0,0,0,0
23-Left_jpg.rf.85bb69b20b7651d884ca052216485711.jpg,0,1,0,0,0,0,0
30-Top-Down_jpg.rf.fe056b1a1f573df6db717ad6a6b1e17c.jpg,0,1,0,0,0,0,0
23-Left_jpg.rf.bfd0a139d20e82846923797110fca100.jpg,0,0,0,1,0,0,0
31-Top-Down_jpg.rf.b645f9019db0cab8b9c740911abce11e.jpg,0,0,0,1,0,0,0
3-Right_jpg.rf.605cf6420956f58e21b4050b81e380c2.jpg,0,1,0,0,0,0,0
7-Left_jpg.rf.dcc5c72f791c7d06c7bfbca3199b0ece.jpg,0,0,0,0,0,0,1
24-Right_jpg.rf.387e5556ae48b8991e93df9a8784a94f.jpg,0,0,0,1,0,0,0
35-Left_jpg.rf.97464085f923ce494117ccf10f98192d.jpg,0,1,0,0,0,0,0
35-Right_jpg.rf.0850cb21d0e038eb83ea53fb8dfec802.jpg,0,1,0,0,0,0,0
9-Left_jpg.rf.2419b5f26566feb99d644b4eea02bcdb.jpg,0,0,0,1,0,0,0
27-Top-Down_jpg.rf.b8492dab231b0b9ea0a619565e5f6cd3.jpg,0,0,0,0,1,0,0
27-Right_jpg.rf.1384d7531a3075ebe0b65633a57a3944.jpg,0,0,0,0,0,0,1
27-Right_jpg.rf.d25d6fb79f861eb7aba679b80a51abb8.jpg,0,0,0,1,0,0,0
7-Front_jpg.rf.3f237e6c3b6f00281709eeeda959a975.jpg,0,0,0,0,0,0,1
24-Right_jpg.rf.ba0fc67c45bdf1d7865c549c3eee55fa.jpg,0,0,0,0,1,0,0
7-Top-Down_jpg.rf.5f0a781740f1a5976cef6bd49f4f495d.jpg,0,0,0,0,1,0,0
22-Top-Down_jpg.rf.fc7b6b9d22d159e6e7c34e514afb6e06.jpg,0,0,1,0,0,0,0
3-Top-Down_jpg.rf.c429d42944261afde42d2fb8bd270ed5.jpg,0,1,0,0,0,0,0
28-Front_jpg.rf.72f8e637ef3c01cb9fe3244123579721.jpg,0,1,0,0,0,0,0
27-Front_jpg.rf.cf629c8388fc0301ea3161fd4fa50bcc.jpg,0,0,0,1,0,0,0
7-Left_jpg.rf.ace34343b22dd82abf3c88b1719b2073.jpg,0,0,0,0,0,0,1
35-Front_jpg.rf.321d98b0272cc8deed6168ab8675e2f2.jpg,0,1,0,0,0,0,0
23-Back_jpg.rf.e6873c2fb012b7ad24df6b0b394d1210.jpg,0,0,0,1,0,0,0
23-Top-Down_jpg.rf.d80e104bf80b4a2e4a6d3b276c293b4d.jpg,0,0,0,0,0,0,1
33-Top-Down_jpg.rf.2076dd25e340ee406e1303e78f20081a.jpg,0,0,1,0,0,0,0
24-Front_jpg.rf.2695e3fcff27fd1d4e388706256b8e99.jpg,0,0,0,1,0,0,0
7-Left_jpg.rf.57277b3a500e864abf02e8f9bba49cba.jpg,0,0,0,0,1,0,0
exhibition_202210_0000005_jpg.rf.4312df42e8131ae99f0ad889c2884872.jpg,1,0,0,0,0,0,0
23-Back_jpg.rf.78803281e1bd0102382da4841dd0fccd.jpg,0,0,1,0,0,0,0
15-Top-Down_jpg.rf.08ed48bf227d4dd66d7fc6992d14f8d1.jpg,0,0,0,1,0,0,0
24-Right_jpg.rf.ee8d7b2e3828beef4cd760fa991cdca3.jpg,0,0,1,0,0,0,0
21-Back_jpg.rf.2a19c363d877f70b57dd850487eb2e6a.jpg,0,0,0,1,0,0,0
34-Front_jpg.rf.0c3b6db00afb5e12133edb0dc2b767e4.jpg,0,0,0,1,0,0,0
20-Left_jpg.rf.514b5313888c6cccaf388c3191f4a034.jpg,0,0,0,1,0,0,0
34-Right_jpg.rf.d909988600ebce42e05ed798d50169a1.jpg,0,0,0,1,0,0,0
10-Back_jpg.rf.a8c1d0140fe3f726200b1ea796545412.jpg,0,0,0,1,0,0,0
Zayn-Malik-low-hairline_webp.rf.4a2183f13e4dff3190534938852a2015.jpg,1,0,0,0,0,0,0
29-Front_jpg.rf.7732ac5562231e5559926889519a878e.jpg,0,0,1,0,0,0,0
16-Back_jpg.rf.3ccfed63f4214dbefa62d44be174a33f.jpg,0,0,0,1,0,0,0
1-Front_jpg.rf.d281673d8a5d0207494bb7030962e19f.jpg,0,0,0,1,0,0,0
18-Left_jpg.rf.07705c19bcd9a1f12a4d2cf1faaa8a73.jpg,0,0,0,1,0,0,0
7-Front_jpg.rf.a2289866a9b1dd8387eb283de110d61f.jpg,0,0,0,0,1,0,0
exhibition_202210_0000007_jpg.rf.ba935a2a071881ae32ac9b8b85af02e3.jpg,1,0,0,0,0,0,0
21-Front_jpg.rf.9ef9fa83dde3b31b1f6ad4e63e4c87f2.jpg,0,0,0,1,0,0,0
16-Right_jpg.rf.4c412b994dfd0529a68261108d72a3fd.jpg,0,0,0,1,0,0,0
20-Top-Down_jpg.rf.4154ad0e28ff7341f45d09c5bb2c0095.jpg,0,0,0,1,0,0,0
16-Left_jpg.rf.5072c6ce12a03d29bfb3c6922fbf2c7b.jpg,0,0,0,1,0,0,0
14-Right_jpg.rf.eabe602684eb7456d41412b9cbe95365.jpg,0,0,0,1,0,0,0
15-Left_jpg.rf.62bdcfc4436df7b17baa635f6c19e164.jpg,0,0,0,1,0,0,0
34-Top-Down_jpg.rf.4548316bfec858e08f48daaab0e81198.jpg,0,0,0,1,0,0,0
31-Front_jpg.rf.75be3558c1d6489ce1a8f8f3272b54be.jpg,0,0,1,0,0,0,0
33-Top-Down_jpg.rf.b92584d2fba1e67dea08c8fd39399315.jpg,0,1,0,0,0,0,0
31-Back_jpg.rf.5ef2e41827a41d123b0ae6b5a292bee7.jpg,0,0,1,0,0,0,0
31-Top-Down_jpg.rf.12c37b54751109616235cf08ca7a5142.jpg,0,0,1,0,0,0,0
34-Top-Down_jpg.rf.df0f9e0b754ecda92943a50533ee83c4.jpg,0,0,1,0,0,0,0
16-Front_jpg.rf.95bb40f72f243dcd8b884ad69bb420c2.jpg,0,0,0,1,0,0,0
23-Top-Down_jpg.rf.abe688f787b6ad177328d6978c4e4485.jpg,0,0,1,0,0,0,0
23-Top-Down_jpg.rf.fb813d9930eebde41f96be2f9310c123.jpg,0,1,0,0,0,0,0
18-Front_jpg.rf.c0f061e109947d6453a1037c5c40be2f.jpg,0,0,0,1,0,0,0
exhibition_202210_0000001_jpg.rf.ed5706ad850a1c497e25457123d06d0b.jpg,0,1,0,0,0,0,0
15-Back_jpg.rf.97e94befea8983e00cd3f8e90df17396.jpg,0,0,0,1,0,0,0
29-Left_jpg.rf.e3a18ee11b9b1a410ea1a6f9e97c866f.jpg,0,0,1,0,0,0,0
33-Left_jpg.rf.4d6fe0e9a2e737d4e789d657448ce166.jpg,1,0,0,0,0,0,0
24-Top-Down_jpg.rf.795256a916e99e31535404709e7fcddc.jpg,0,0,0,1,0,0,0
35-Right_jpg.rf.ef453bd76bf5893a16fe3ca5f33b1cf3.jpg,0,0,0,0,0,0,1
34-Left_jpg.rf.84f34602d14de3d8858a4c81c18817f7.jpg,0,0,0,1,0,0,0
21-Left_jpg.rf.c07c6e428e0e4f5d0c7b393430247df7.jpg,0,0,0,1,0,0,0
20-Back_jpg.rf.83b579cefc2676deb7a468d767362f13.jpg,0,0,0,1,0,0,0
35-Front_jpg.rf.ad1660a40a89d203a38fc8f3d977ab76.jpg,0,0,0,0,0,0,1
29-Top-Down_jpg.rf.c76351a86752e990abc205faae664e45.jpg,0,0,1,0,0,0,0
37-Back_jpg.rf.cc5e6276ce562072afe2ba3ba4da3040.jpg,0,0,1,0,0,0,0
37-Front_jpg.rf.391c4ad7081e5172b573d2fc76584c6c.jpg,0,0,1,0,0,0,0
29-Right_jpg.rf.e80527afc8e21cfb78acccaa4c978df3.jpg,0,0,1,0,0,0,0
34-Top-Down_jpg.rf.7d1145d06523521e4b587d884c326f54.jpg,0,0,0,0,1,0,0
39-Back_jpg.rf.ba94ebeb17765f0e382d5ea82e40b24b.jpg,0,0,1,0,0,0,0
4-Top-Down_jpg.rf.89909782e4f9fdf12af9e287d97141f3.jpg,0,0,1,0,0,0,0
37-Left_jpg.rf.5b5e77d7dbbf269245a5d0b6ba6ec55c.jpg,0,0,0,0,1,0,0
33-Top-Down_jpg.rf.271e61eb3e5fa468c0a8de0e952a34e6.jpg,0,1,0,0,0,0,0
4-Front_jpg.rf.bd0cd3e0faad7a0b01b7b053937549ae.jpg,0,0,1,0,0,0,0
24-Right_jpg.rf.acb205b9b98b1fc064ee71ad8c08cc54.jpg,0,0,1,0,0,0,0
24-Right_jpg.rf.21e03a8ae7ca837fc9594c0119218df8.jpg,0,0,0,1,0,0,0
35-Back_jpg.rf.c6368a3bc91e89edcfeda8bfebbdab9a.jpg,0,0,0,0,0,0,1
34-Left_jpg.rf.ca502d9e70fa1690733002657cb10619.jpg,0,0,1,0,0,0,0
24-Left_jpg.rf.b1adb5951105f31da090f5ce5a81bd0b.jpg,0,0,1,0,0,0,0
39-Left_jpg.rf.50622eb4d0d704d5a0f1bc302414dd46.jpg,0,0,1,0,0,0,0
29-Left_jpg.rf.dbd98f6a1c61ff6b690c5fa1e4d6f0e1.jpg,0,0,1,0,0,0,0
33-Back_jpg.rf.d097d891792aa5783bce41c4c4fa2816.jpg,0,0,1,0,0,0,0
34-Front_jpg.rf.410e8d52a76301500a32452608e1f8d9.jpg,0,0,0,1,0,0,0
23-Right_jpg.rf.a7dd2dc46747b4b4eff20935622f1625.jpg,1,0,0,0,0,0,0
33-Top-Down_jpg.rf.6b2c3937bcc9eda5f9376983d3519c72.jpg,0,0,1,0,0,0,0
39-Front_jpg.rf.2e04608b7a9eb5c9fcbe523d9ae38e20.jpg,0,0,1,0,0,0,0
31-Right_jpg.rf.cac1647dfba0dea3e69379c4e80cd204.jpg,0,0,1,0,0,0,0
35-Left_jpg.rf.f1b8191ff2e09f645003f221da7e6940.jpg,0,0,0,0,1,0,0
34-Right_jpg.rf.93461636bdde5da80020a8883b071c33.jpg,0,0,1,0,0,0,0
31-Top-Down_jpg.rf.f9573a9f51e15e0a54b7342c1931074c.jpg,0,0,1,0,0,0,0
18-Top-Down_jpg.rf.d17ecde69dd54b65d28f351d2c857b41.jpg,0,0,0,1,0,0,0
29-Front_jpg.rf.c45a32eb53196cfe8eeeb21efa3f1d21.jpg,0,0,1,0,0,0,0
8-Left_jpg.rf.b0759c5bc1dddd512a0ce83625f92dac.jpg,0,0,0,0,1,0,0
24-Front_jpg.rf.b64e4b0f9af38b4777276f350e586dc2.jpg,0,0,1,0,0,0,0
37-Right_jpg.rf.0da4bf246e875405613ddbd61efed7a7.jpg,0,0,1,0,0,0,0
37-Top-Down_jpg.rf.21dc9ea1960d898deb5f8eb9b1e9ad7a.jpg,0,0,1,0,0,0,0
48-Front_jpg.rf.acd0f74e9a96e82b44baabdecf8c494b.jpg,0,0,1,0,0,0,0
33-Left_jpg.rf.8a2a70e91ad4782ca142a3d5fe6a57a1.jpg,0,0,1,0,0,0,0
33-Right_jpg.rf.84866885ef837a5f4b5140f740613bef.jpg,1,0,0,0,0,0,0
34-Back_jpg.rf.121cf42ea75a3c1862393251efa6f81f.jpg,0,0,1,0,0,0,0
39-Right_jpg.rf.641d967daf171e314630564acaa3fcaf.jpg,0,0,1,0,0,0,0
35-Front_jpg.rf.5f110e6b925bb44912dc0c72fdf73c77.jpg,0,0,0,0,1,0,0
1-Back_jpg.rf.f5540b908b524c422d4b580761301641.jpg,0,0,0,1,0,0,0
36-Right_jpg.rf.e1bc23856edf3dc5083b8076d65c1d97.jpg,0,0,1,0,0,0,0
35-Left_jpg.rf.275bc754f93d8cdb450e79c995cc3813.jpg,0,0,0,0,0,1,0
38-Left_jpg.rf.7d263578491f0f9fe18d1827a4bb5adf.jpg,0,0,1,0,0,0,0
36-Right_jpg.rf.8f88ef74c187ee78980dd823cb8554a5.jpg,0,0,1,0,0,0,0
36-Right_jpg.rf.8103021e976783203ae14fa9d00f3d66.jpg,0,0,0,0,0,1,0
33-Front_jpg.rf.077b7ca9169ed349637c266a69f0c0d4.jpg,0,0,1,0,0,0,0
36-Right_jpg.rf.db416412bace71398e86f114958c205d.jpg,0,0,0,0,0,1,0
23-Right_jpg.rf.b221a46bc0dd3e812fcaeac0c4ef5488.jpg,0,0,1,0,0,0,0
37-Right_jpg.rf.d762ac3c0039a63ac0c6adf4791b590a.jpg,0,0,1,0,0,0,0
exhibition_202210_0000037_jpg.rf.79b92f57d4013b674898da7b079ed450.jpg,1,0,0,0,0,0,0
37-Top-Down_jpg.rf.ca8cd060dd90e2f29992a0d325124551.jpg,0,0,0,1,0,0,0
38-Right_jpg.rf.e7537afbd486c49e9d737da597edfe6a.jpg,0,0,1,0,0,0,0
20-Front_jpg.rf.c522cd20ecb246642941233e5f125663.jpg,0,0,0,1,0,0,0
35-Top-Down_jpg.rf.336dc630384e7a7ef01b2f31c4aff010.jpg,0,0,0,1,0,0,0
37-Back_jpg.rf.95c9017c42634895aa37464605802b99.jpg,0,1,0,0,0,0,0
37-Right_jpg.rf.43ed8bf31f5ae019c6754cd26b3f01ac.jpg,0,0,0,0,1,0,0
24-Back_jpg.rf.7b2d16b32298e6c55b26054dfa81a44e.jpg,0,0,0,0,0,1,0
33-Right_jpg.rf.9817aaa8973b061e6468e2e20d2d7976.jpg,1,0,0,0,0,0,0
exhibition_202210_0000036_jpg.rf.4dac1df2be6937bfc3866add1a5cf3b9.jpg,1,0,0,0,0,0,0
37-Front_jpg.rf.36a265e54e1c818e6a58128660fdc300.jpg,0,0,1,0,0,0,0
36-Front_jpg.rf.149a6ae682c8b3b7c08771ab896d1e29.jpg,0,0,1,0,0,0,0
48-Left_jpg.rf.3c87fa31d9f117a03b27c7354f8a293f.jpg,0,0,1,0,0,0,0
4-Front_jpg.rf.7fa28b6e1deadf27be52e2d2c86e5a7e.jpg,0,0,1,0,0,0,0
36-Front_jpg.rf.b4f63a760cb1607d933095caa25772c3.jpg,0,1,0,0,0,0,0
39-Top-Down_jpg.rf.3cf62d88da0d8849269288ca6c8d94b3.jpg,0,0,1,0,0,0,0
36-Top-Down_jpg.rf.64d61c5703737b879dc529816d3da474.jpg,0,0,0,0,0,1,0
37-Right_jpg.rf.dd87a83a7b4238fcb1fee54533ddfb87.jpg,0,0,0,0,1,0,0
37-Right_jpg.rf.16ec2ca10922f50a3be3f1daff208e20.jpg,0,0,0,0,1,0,0
40-Right_jpg.rf.6a8cf09f5408161be35bc5b071869340.jpg,0,0,1,0,0,0,0
37-Right_jpg.rf.25bf786d58d3f2be1fb7f403377545be.jpg,0,0,1,0,0,0,0
37-Front_jpg.rf.d836899919a084d0d4260c0e8354339a.jpg,0,0,1,0,0,0,0
36-Left_jpg.rf.dc673d40f7c2fcd2ee6b939c5451e1bb.jpg,0,0,1,0,0,0,0
12-Top-Down_jpg.rf.16e2843b7e1e18ba789b3adc5d599daa.jpg,0,0,0,1,0,0,0
40-Right_jpg.rf.93deb141f07c62a503a2029b8c61cbf1.jpg,0,0,1,0,0,0,0
50-Right_jpg.rf.a493332291e35d77e74bd2460bf9589d.jpg,0,0,1,0,0,0,0
14-Left_jpg.rf.255a5b10aa8f0040028a22cd68a141be.jpg,0,0,0,1,0,0,0
best_hairstyles_for_receding_hairline_jpg.rf.76b33d332b64390cf9e7f18fac1ebd07.jpg,1,0,0,0,0,0,0
37-Right_jpg.rf.4eeca6c0b28388ef04764f78e5911754.jpg,0,0,0,0,1,0,0
36-Left_jpg.rf.7ca01b45687b62fe5e082b47d073636d.jpg,0,0,1,0,0,0,0
37-Front_jpg.rf.c3e2a84b6e665a026c712e23a3b5c5a6.jpg,0,0,1,0,0,0,0
50-Top-Down_jpg.rf.108cf0515e28f5e20f6d89f52391e145.jpg,0,0,1,0,0,0,0
37-Front_jpg.rf.d44f492b0beb62382d2944fbedf61aa3.jpg,0,0,1,0,0,0,0
37-Left_jpg.rf.8c33125c205a0e7642754ca0501ac263.jpg,0,0,0,0,1,0,0
37-Back_jpg.rf.8270a1f1908f4fc82c98bd967ad853df.jpg,0,0,1,0,0,0,0
37-Right_jpg.rf.bb6e212c4e17a209ba9649a7d19d5ee9.jpg,0,0,1,0,0,0,0
exhibition_202210_0000037_jpg.rf.cc00f85092e01a8d7f3db3cdbf279190.jpg,1,0,0,0,0,0,0
35-Front_jpg.rf.f8fe50368b70c5268a7fb40b308ebd60.jpg,0,0,0,0,1,0,0
38-Front_jpg.rf.65a27b0c71539b71bd8fed905598f6d5.jpg,0,0,0,0,0,1,0
36-Left_jpg.rf.fdf1cb6610884e386345f874f62617d1.jpg,0,0,1,0,0,0,0
36-Top-Down_jpg.rf.d90094c1ac587732cac0d77a706111aa.jpg,0,0,0,0,0,1,0
48-Right_jpg.rf.d7579576352e7d86ff1d814f1b07cf44.jpg,0,0,1,0,0,0,0
51-Back_jpg.rf.0611514c90e9022b5b45c5c1d540751c.jpg,0,0,1,0,0,0,0
48-Front_jpg.rf.21dd1d21e942f8604f6c8b2e5a373482.jpg,0,0,1,0,0,0,0
best_hairstyles_for_receding_hairline_jpg.rf.d5da1551003027fa5d8db878d799e284.jpg,1,0,0,0,0,0,0
37-Top-Down_jpg.rf.b48a35fd60c9a2d84755669b7e3f1f97.jpg,0,0,1,0,0,0,0
37-Back_jpg.rf.2a70be6d2b670d46d1d97ec2049fb330.jpg,0,1,0,0,0,0,0
36-Top-Down_jpg.rf.44f27e8257bb3fede53660ff4f590112.jpg,0,0,0,0,0,1,0
38-Right_jpg.rf.efaccf963834838c7a8a90ff0c620780.jpg,0,0,1,0,0,0,0
38-Left_jpg.rf.b25362301665067b430c06cd70dff87c.jpg,0,0,1,0,0,0,0
37-Top-Down_jpg.rf.18a375c9861a496aa1fc41a8adde74f5.jpg,0,0,0,1,0,0,0
31-Back_jpg.rf.8bd919b46bdfc658f5586c5d745990c4.jpg,0,0,1,0,0,0,0
48-Top-Down_jpg.rf.00821020156ed2aef9af1598bd54066f.jpg,0,0,1,0,0,0,0
39-Back_jpg.rf.e8797d39408ac3a1b831f4d48485d5cf.jpg,0,0,1,0,0,0,0
39-Front_jpg.rf.311931bb599d9d70568aefe2d269c944.jpg,0,0,1,0,0,0,0
48-Right_jpg.rf.afc0b1e8f829781e4d3b0a57f1929e2c.jpg,0,0,1,0,0,0,0
48-Left_jpg.rf.9cffb9ea158698edc4d967c634e1a45c.jpg,0,0,1,0,0,0,0
50-Front_jpg.rf.69f1ffcc96e73e6d21a028859ea42a83.jpg,0,0,1,0,0,0,0
4-Top-Down_jpg.rf.959143de42128fb3709239b9cf96b4d1.jpg,0,0,1,0,0,0,0
39-Left_jpg.rf.8b1a647486496eec0032598884c82087.jpg,0,0,1,0,0,0,0
37-Top-Down_jpg.rf.28675ffa5ac9300948f766239ca3add7.jpg,0,0,0,0,1,0,0
39-Top-Down_jpg.rf.ca2eabce5fd1d1887ff1e519cf6cbf15.jpg,0,0,1,0,0,0,0
37-Right_jpg.rf.7c224b8fd0779a6a7d2ee0cb11580103.jpg,0,0,1,0,0,0,0
37-Top-Down_jpg.rf.a55fa70a2abdc499c234eef9f7d3dd71.jpg,0,0,0,0,1,0,0
50-Back_jpg.rf.a0cd5513073043afd32e5ca2feab99c0.jpg,0,0,1,0,0,0,0
48-Top-Down_jpg.rf.e2195d17438de5accd0d123434569076.jpg,0,0,1,0,0,0,0
37-Front_jpg.rf.53d818f619232d263a722140e1be696d.jpg,0,0,1,0,0,0,0
50-Left_jpg.rf.494c281235dba69906ed5e1fda26a33a.jpg,0,0,1,0,0,0,0
38-Back_jpg.rf.eff1bc0268d46078f6c3fa1b0d3adec6.jpg,0,0,0,0,0,0,1
exhibition_202210_0000038_jpg.rf.8838ae469b6184c6866231e991e36235.jpg,1,0,0,0,0,0,0
9-Top-Down_jpg.rf.4595ac69f3f3b8b42c37559e63a46db2.jpg,0,1,0,0,0,0,0
9-Top-Down_jpg.rf.faf6dc9f6928baaccf271775823957e3.jpg,0,0,0,1,0,0,0
37-Top-Down_jpg.rf.657e29ca85184af047a169c0e9cd2810.jpg,0,0,0,0,1,0,0
38-Left_jpg.rf.3386ea3814328dd746b997a72cbde411.jpg,0,0,0,1,0,0,0
37-Back_jpg.rf.07bec360d59f3f9ee4dc777a183ab75d.jpg,0,0,1,0,0,0,0
37-Front_jpg.rf.0707c90748ad9089af116d25a8b233e8.jpg,0,0,1,0,0,0,0
39-Back_jpg.rf.2a2eb8cf79b9576a5580e1405c2d82bb.jpg,0,0,1,0,0,0,0
50-Back_jpg.rf.c70a4e95f2154bad3087f2f8194911e9.jpg,0,0,1,0,0,0,0
39-Right_jpg.rf.23bb99a4baa28939999a02066a7b060a.jpg,0,0,1,0,0,0,0
36-Left_jpg.rf.564b2dee645622c9cd66d46f7bc07530.jpg,0,0,1,0,0,0,0
39-Front_jpg.rf.cdc24d32dc97eece013102fc8fe6796f.jpg,0,0,1,0,0,0,0
38-Back_jpg.rf.c3ba89ee6fef8a936fd8ecddee4bb0c4.jpg,0,0,0,0,0,0,1
37-Left_jpg.rf.00743470f84722c500cf01b7c8e4f369.jpg,0,0,0,0,1,0,0
4-Top-Down_jpg.rf.01a708c81075d9036e3f4d751271a518.jpg,0,0,1,0,0,0,0
36-Right_jpg.rf.cfb97bf69f8b5dd1dfc25ef3e7e85244.jpg,0,0,0,0,0,1,0
37-Right_jpg.rf.c309e0a9cbbd08f1abf72e1117269972.jpg,0,0,0,0,1,0,0
36-Right_jpg.rf.6393ea445d61615cfa3b8cb78ee42785.jpg,0,0,1,0,0,0,0
38-Right_jpg.rf.281d48ef3fc04dbd940d1e4c444ac67b.jpg,0,0,1,0,0,0,0
38-Left_jpg.rf.a71d202ee6c9ff5e7dfabfdd6080e229.jpg,0,0,1,0,0,0,0
37-Top-Down_jpg.rf.3d54ff3ef2a7b23c4f01b040fb0b411f.jpg,0,0,0,0,1,0,0
48-Right_jpg.rf.6cea928d887e6300c5c11ae56507404c.jpg,0,0,1,0,0,0,0
51-Top-Down_jpg.rf.65ff889d0efbd78d00668fe24f19baa5.jpg,0,0,1,0,0,0,0
37-Top-Down_jpg.rf.b169879f83c7af22bb2ea66e5158058e.jpg,0,0,1,0,0,0,0
51-Right_jpg.rf.a432c773d4e78a639bacca1bab656f74.jpg,0,0,1,0,0,0,0
51-Left_jpg.rf.ac0e560f642f399ccd95e7247055fa97.jpg,0,0,1,0,0,0,0
39-Right_jpg.rf.83b4e3a86b07dc4e7134574140a36cb4.jpg,0,0,1,0,0,0,0
37-Right_jpg.rf.49c770dfd885298f00d1ad522aa6f2f3.jpg,0,0,0,0,1,0,0
37-Right_jpg.rf.97417e8169e4dd72d4aa3d4fe8080544.jpg,0,0,1,0,0,0,0
38-Top-Down_jpg.rf.63138fea93d9641d8a9b13efc99faade.jpg,0,0,0,0,0,1,0
40-Right_jpg.rf.764949a9019f01da71f0d3da3b1bfe94.jpg,0,0,1,0,0,0,0
48-Top-Down_jpg.rf.425ffbd8bee5b7bed1895d52e4c47558.jpg,0,0,1,0,0,0,0
38-Back_jpg.rf.2a11a8cfc1b65a61cc322bdcab490026.jpg,0,0,0,0,0,0,1
55-Back_jpg.rf.2c8b6e13365839a04552a29becdf009a.jpg,0,0,1,0,0,0,0
38-Left_jpg.rf.76b152a717a6a8e5206868ed3c93e771.jpg,0,0,0,0,0,1,0
48-Left_jpg.rf.31f36ad4e97e5b2a65e82ab9db9f7455.jpg,0,0,1,0,0,0,0
39-Back_jpg.rf.48d77301c11495dc4aec9c3980af6e92.jpg,0,0,1,0,0,0,0
50-Front_jpg.rf.26a6d884db91ae46e51b1b3f64c4865f.jpg,0,0,1,0,0,0,0
exhibition_202210_0000038_jpg.rf.e66c1fca59ddaeb17820d0856dbd2424.jpg,1,0,0,0,0,0,0
48-Front_jpg.rf.c47055abfc53c9d9b7e834023f1a4537.jpg,0,0,1,0,0,0,0
48-Right_jpg.rf.b0081a42e71d4db337238bed3d253a0d.jpg,0,0,1,0,0,0,0
38-Right_jpg.rf.7c1de7e9ab1daa38a6efcc2c16609185.jpg,0,0,1,0,0,0,0
37-Top-Down_jpg.rf.fce0b96866b695b2e8a5a3ee029f8ddd.jpg,0,0,0,1,0,0,0
39-Left_jpg.rf.1050d66b87700f77484e90a4be17a54c.jpg,0,0,1,0,0,0,0
4-Top-Down_jpg.rf.f029f4ab178d14a87b454bd23c9cbf3f.jpg,0,0,1,0,0,0,0
38-Top-Down_jpg.rf.53fc387e4b44185fb770693910957b0c.jpg,0,0,0,0,0,1,0
exhibition_202210_0000037_jpg.rf.757fa4059b7599fe8ac2b7eccc4d0006.jpg,1,0,0,0,0,0,0
50-Left_jpg.rf.b5ddb8a7d4ff8ecd182516390ef04eeb.jpg,0,0,1,0,0,0,0
55-Front_jpg.rf.f8e4d954be043d1b6769910de73976a6.jpg,0,0,1,0,0,0,0
50-Back_jpg.rf.a2aed1fb84c7b410e08aa6f36f454b6a.jpg,0,0,1,0,0,0,0
37-Right_jpg.rf.690658c1a8ed8ee70a870ee4b8f27ef3.jpg,0,0,0,0,1,0,0
54-Right_jpg.rf.8e5dbebd29ff11187bf07629d93bdb0a.jpg,0,0,1,0,0,0,0
39-Top-Down_jpg.rf.b2cc8650511384a817be85bc0f7d078f.jpg,0,0,1,0,0,0,0
37-Back_jpg.rf.d60d0b0de211297bf9ce2dedcf688bfa.jpg,0,1,0,0,0,0,0
9-Left_jpg.rf.e82edc51451b5108d6aa3dbf2de6a800.jpg,0,1,0,0,0,0,0
9-Back_jpg.rf.fe1f7f64bc349d50dee8405224f15606.jpg,0,1,0,0,0,0,0
9-Right_jpg.rf.f62fe0ae4047bc4a98b246dbaebc7101.jpg,0,1,0,0,0,0,0
38-Right_jpg.rf.ee51acbbb9068685ee8e0cf9f6f18909.jpg,0,0,1,0,0,0,0
37-Left_jpg.rf.a55c04b3321020049e7d838192b85c6d.jpg,0,0,0,0,1,0,0
37-Front_jpg.rf.a2e1fab7268eaf9a92c917bbc443d7b2.jpg,0,0,1,0,0,0,0
38-Left_jpg.rf.7e207fa4765a4aa3f28f39882970ba58.jpg,0,0,0,1,0,0,0
37-Back_jpg.rf.00702d1aec5463beeb14c784a3c674ab.jpg,0,0,1,0,0,0,0
51-Right_jpg.rf.804e69ae9524ca0a070a4e7a9e873c4b.jpg,0,0,1,0,0,0,0
best_hairstyles_for_receding_hairline_jpg.rf.48dd2b9f7cbd7e6a1aa8d22b3d362740.jpg,1,0,0,0,0,0,0
51-Top-Down_jpg.rf.34ad3947e29032cde6ab2758a4d0fa9b.jpg,0,0,1,0,0,0,0
39-Right_jpg.rf.e7f93accc10073f2b6c8adc0f5931897.jpg,0,0,1,0,0,0,0
54-Right_jpg.rf.94bbfe2159701d5415026446b26363a9.jpg,0,0,1,0,0,0,0
51-Right_jpg.rf.7184c8a6ee45f5e8835c73e8da235bce.jpg,0,0,1,0,0,0,0
51-Left_jpg.rf.34d6fbeda24e12fd12eb6e003d3d7b7e.jpg,0,0,1,0,0,0,0
38-Left_jpg.rf.13d324401ef9b57b39d69fa66700dcf4.jpg,0,0,0,1,0,0,0
50-Top-Down_jpg.rf.d1f07300b59737d37074d1d14827ea9e.jpg,0,0,1,0,0,0,0
38-Left_jpg.rf.3e98bc2218a51cca56e9e6399729de91.jpg,0,0,0,0,0,1,0
55-Front_jpg.rf.eb16e08255d969030f6d2bdb0b2d68e6.jpg,0,0,1,0,0,0,0
37-Back_jpg.rf.bb69d2412e9e8412f01aeafbcd7c9cab.jpg,0,1,0,0,0,0,0
38-Left_jpg.rf.4ec1962c06df40bb1cfec990065f06a7.jpg,0,0,0,0,0,1,0
55-Back_jpg.rf.eef6be7c8cd74daef6b02c65ae7e36c7.jpg,0,0,1,0,0,0,0
37-Right_jpg.rf.c249c97174eb55860b57b8212fcffc2e.jpg,0,0,0,0,1,0,0
37-Front_jpg.rf.c63f6b393051cf1ff5b4b6861d9361e0.jpg,0,0,1,0,0,0,0
best_hairstyles_for_receding_hairline_jpg.rf.195ae461f6b3d51a0a65c5592c957fe3.jpg,1,0,0,0,0,0,0
50-Front_jpg.rf.de766e42ddf3c69d922d952d5f6930d2.jpg,0,0,1,0,0,0,0
exhibition_202210_0000038_jpg.rf.3d9bc555daec6d5a7e00f6036781e553.jpg,1,0,0,0,0,0,0
50-Front_jpg.rf.c29680ff5d4c4478b2c5b86ae869b0c6.jpg,0,0,1,0,0,0,0
39-Back_jpg.rf.94106f031cb67a652f2253febb1e937c.jpg,0,0,1,0,0,0,0
40-Right_jpg.rf.a78d76f75c6c8e6a3fdee0ded4de02da.jpg,0,0,1,0,0,0,0
50-Right_jpg.rf.f5b2935dce23aca3cc1e83f43cef0747.jpg,0,0,1,0,0,0,0
48-Top-Down_jpg.rf.6c097f85181e79aa7695dc048fa58a9a.jpg,0,0,1,0,0,0,0
50-Left_jpg.rf.e853f22ef6033a8f8e57d346e98a10d0.jpg,0,0,1,0,0,0,0
50-Left_jpg.rf.62449785287b71e4fe3dea7ff14dc718.jpg,0,0,1,0,0,0,0
37-Front_jpg.rf.b155b2b7a4820af0cdcea3794d1241a6.jpg,0,0,1,0,0,0,0
38-Front_jpg.rf.21ed6e8dafac608088db728c4ec43f86.jpg,0,0,0,0,0,1,0
exhibition_202210_0000037_jpg.rf.aa6ef5ac9610ba9740a38be5e5db72b0.jpg,1,0,0,0,0,0,0
51-Back_jpg.rf.a70cded74e1a8a2207d6c28f91f00e11.jpg,0,0,1,0,0,0,0
54-Back_jpg.rf.574e47f2d45019aa896196b501b8402b.jpg,0,0,1,0,0,0,0
4-Front_jpg.rf.23cb8fcd7005bdcc0bddc20ab5a6b591.jpg,0,0,1,0,0,0,0
39-Top-Down_jpg.rf.d1d27bd14ccecca38d0a11a92e2579d4.jpg,0,0,1,0,0,0,0
50-Right_jpg.rf.9391266a312129a53f75379bdf42c358.jpg,0,0,1,0,0,0,0
51-Left_jpg.rf.38f7432f9ef33b8d37a73a32801a59a0.jpg,0,0,1,0,0,0,0
38-Back_jpg.rf.0b986478363455cd4eb6ebfa63bb871d.jpg,0,0,0,0,0,0,1
38-Left_jpg.rf.952661dcd6076f88e2e175cfc6ca17aa.jpg,0,0,0,1,0,0,0
38-Front_jpg.rf.93750abfde9517c643c2dcab1335484d.jpg,0,0,0,0,0,1,0
38-Top-Down_jpg.rf.fd35ed041ac151637e48b3cb52dde5fc.jpg,0,0,0,0,0,1,0
39-Back_jpg.rf.c95ca5afdb81d2b0fec50ad62aeb0b00.jpg,0,0,1,0,0,0,0
50-Top-Down_jpg.rf.662722abe87afd720c7d6304210b0b11.jpg,0,0,1,0,0,0,0
55-Back_jpg.rf.a32a40e2a8e3d658c937bf1cd759d4fe.jpg,0,0,1,0,0,0,0
55-Front_jpg.rf.d89b2095a4d36be47ca67c39887d7324.jpg,0,0,1,0,0,0,0
exhibition_202210_0000038_jpg.rf.183778ca81dd4ddc76e0a190a6e5c7bf.jpg,1,0,0,0,0,0,0
48-Left_jpg.rf.1fae8ca9cc6bea554ba1622a04a4a019.jpg,0,0,1,0,0,0,0
51-Back_jpg.rf.d45b6a0d44070206c7a13cc6206f068f.jpg,0,0,1,0,0,0,0
50-Back_jpg.rf.fe4655f21c00da18cdb9645ccb4c8932.jpg,0,0,1,0,0,0,0
50-Right_jpg.rf.b3f9f704a331375f7857dabee7300c1b.jpg,0,0,1,0,0,0,0
37-Right_jpg.rf.33e4ef72073f4faecb3f3a842e5c7c2c.jpg,0,0,1,0,0,0,0
48-Front_jpg.rf.9f0405c7eb14a9785894334ab8f6c2e4.jpg,0,0,1,0,0,0,0
38-Right_jpg.rf.179b6d4f2e94bdb5d7e87e0bd4433e02.jpg,0,0,1,0,0,0,0
55-Front_jpg.rf.06a896c332518ca68a1f8f266d99713f.jpg,0,0,1,0,0,0,0
51-Left_jpg.rf.148c3618b01a04dff45d05d5bd9664c3.jpg,0,0,1,0,0,0,0
38-Front_jpg.rf.635dea78e91eea47cdd8893969f51e3b.jpg,0,0,0,0,0,1,0
51-Back_jpg.rf.3066251731357b8dc00bcd26c5448935.jpg,0,0,1,0,0,0,0
51-Top-Down_jpg.rf.679c51481da715f73347cf7b40657aa8.jpg,0,0,1,0,0,0,0
50-Top-Down_jpg.rf.2df49266cd03d221ebb5823bec76aa67.jpg,0,0,1,0,0,0,0
51-Right_jpg.rf.b074c91f8710cd80a1d1ecd98587eefc.jpg,0,0,1,0,0,0,0
38-Left_jpg.rf.cef04c8122496feceb3436d95a851224.jpg,0,0,0,0,0,1,0
37-Top-Down_jpg.rf.5937f1723567fe896e42f28cef7682d1.jpg,0,0,0,1,0,0,0
54-Back_jpg.rf.3f6982c56f4dcabf47700054dae57a98.jpg,0,0,1,0,0,0,0
54-Right_jpg.rf.1b93d26f85e9bf463b3f297d66c660e5.jpg,0,0,1,0,0,0,0
54-Front_jpg.rf.47d8daf1ecf2fd910763ea7727ee4e6e.jpg,0,0,1,0,0,0,0
55-Back_jpg.rf.5f99520f53466feb1cb6827da119f7e9.jpg,0,0,1,0,0,0,0
51-Top-Down_jpg.rf.5a5f67afa67d69ad1a2822842418a3c9.jpg,0,0,1,0,0,0,0
54-Back_jpg.rf.8e8543c32e54d6ad7c5efd9f50f2b459.jpg,0,0,1,0,0,0,0
38-Top-Down_jpg.rf.566031a991ab5378c9326a3779975afe.jpg,0,0,0,0,0,1,0
38-Right_jpg.rf.e2b0fdc7af55bc5d82978565fbbca950.jpg,0,0,1,0,0,0,0
54-Right_jpg.rf.1b1ed526ca0c301c58033862a5574822.jpg,0,0,1,0,0,0,0
54-Front_jpg.rf.93248c50c807f0f32ae48b822d97e92e.jpg,0,0,1,0,0,0,0
54-Front_jpg.rf.f1d9b62390e7ba851d09ed396434937c.jpg,0,0,1,0,0,0,0
54-Front_jpg.rf.75717676cee2eab9d6adaed9a981eb74.jpg,0,0,1,0,0,0,0
27-Left_jpg.rf.bd080995687b39e264287ef7eec46f83.jpg,0,1,0,0,0,0,0
4-Front_jpg.rf.303520856aa212039c72e49be1490ebb.jpg,0,0,1,0,0,0,0
39-Back_jpg.rf.126733039dffdc6c8f737d6ffbd4ae55.jpg,0,0,1,0,0,0,0
54-Back_jpg.rf.33ed692439fdee864e46f5c3ac144763.jpg,0,0,1,0,0,0,0
12-Back_jpg.rf.7ff71c7be361f1a454147052b97c5223.jpg,0,0,0,0,0,0,1
11-Back_jpg.rf.3c43f0a0ba789f84d3fce7009b9920f2.jpg,0,0,0,0,0,0,1
1-Back_jpg.rf.2308c86bf02db658cc27adfc6491eef9.jpg,0,0,0,0,0,0,1
1-Long-Textured-Flowing-Hair_webp.rf.e0211a334b660f307d83dda2046a9b1a.jpg,1,0,0,0,0,0,0
1-Left_jpg.rf.b62904050567d05ee3bc12e0e89f72b1.jpg,0,0,0,0,1,0,0
10-Right_jpg.rf.3c547a23e37e1f1172f52bc1cd1c49c3.jpg,0,0,0,0,0,0,1
11-Right_jpg.rf.0692194a5d0c284940c30c373ab917b2.jpg,0,0,0,0,0,0,1
11-Back_jpg.rf.726278a2e6e504624504c08fa8263318.jpg,0,0,0,0,0,0,1
1-Front_jpg.rf.f61007b8baf8cf91319a7511e3324a8e.jpg,0,0,0,0,1,0,0
1-Left_jpg.rf.33087aca63631214b06512c723b4da40.jpg,1,0,0,0,0,0,0
1-Back_jpg.rf.3f53c107c432fd8c41feb11b50ccba25.jpg,0,0,0,0,0,0,1
1-Back_jpg.rf.7492b59b809277a1bad0b10f64ea562f.jpg,0,0,0,0,1,0,0
13-Back_jpg.rf.5159fb456b745af7db81f6ead03c8851.jpg,0,0,0,0,0,0,1
17-Back_jpg.rf.6b314f5bdc11db110156f65ae48e839b.jpg,0,0,0,0,0,0,1
1-Top-Down_jpg.rf.f42dfbb11d40fac55c027645caebb017.jpg,0,0,0,0,0,0,1
1-Left_jpg.rf.840d5b763c0441df5c9928f1a2f4caa6.jpg,1,0,0,0,0,0,0
17-Front_jpg.rf.e47d2f80976d375016fe607866cbbc77.jpg,0,0,0,0,0,0,1
1-Back_jpg.rf.9d666fab899803ce95cc3807d040b613.jpg,0,0,0,0,0,1,0
1-Right_jpg.rf.f3c4881ed6e4f57944b6f041817d61ff.jpg,0,0,0,0,0,1,1
13-Front_jpg.rf.afe24d20620249949ba93ff04178de98.jpg,0,0,0,0,0,0,1
11-Back_jpg.rf.30237b9e7debbf5335d152db1e83e904.jpg,0,0,0,0,0,0,1
10-Top-Down_jpg.rf.cc70e4638ae265578cc170ccb9b9b26d.jpg,0,0,0,0,0,1,0
1-Top-Down_jpg.rf.fce043c6be4028052e19d8d62b427a18.jpg,0,0,0,0,0,0,1
10-Right_jpg.rf.f570c554b6819eca201129710d558faa.jpg,0,0,0,0,0,0,1
1-Left_jpg.rf.ae15c2ea585d87dc60d841fc4a597efd.jpg,0,0,0,0,1,0,0
1-Back_jpg.rf.a78b972b51a4fb67ad279b85236b8a8b.jpg,0,0,0,0,0,0,1
12-Right_jpg.rf.1d4618887882299825d3440584dd5ec7.jpg,0,0,0,0,0,0,1
1-Right_jpg.rf.45a1cabccd8f55268c9f720ba246c070.jpg,0,0,0,0,0,0,1
14-Back_jpg.rf.6ab2264d6e01f18b37cebb4f67704d9b.jpg,0,0,0,0,0,0,1
13-Left_jpg.rf.267d9e33fbcdf3e2638e048ffb2f5402.jpg,0,0,0,0,0,0,1
11-Top-Down_jpg.rf.91ded1f8c94bf5495a9cde2c9d3914bf.jpg,0,0,0,0,0,0,1
1-Back_jpg.rf.bbae71ff8996ebbdde3e81ee4e93b670.jpg,0,0,0,0,0,1,0
11-Back_jpg.rf.f7e344042e510039e9cae8109c1ddfdc.jpg,0,0,0,0,0,0,1
14-Front_jpg.rf.68248942d32a56ab0c9e1d084d4e05aa.jpg,0,0,0,0,0,0,1
1710842725210_IMG_20240201_182530_jpg.rf.97054eaadadb5f9ea40825462fcda7b5.jpg,0,1,0,0,0,0,0
10-Left_jpg.rf.c428be8827f25bc609a9960d75c838c7.jpg,0,0,0,0,1,0,0
16-Right_jpg.rf.9e489b601dfa20a041582a4dd4fb48e8.jpg,0,0,0,0,0,0,1
1710842725210_IMG_20240201_182530_jpg.rf.cd40eeb2ad05803f6831bc188dabd230.jpg,0,1,0,0,0,0,0
17-Left_jpg.rf.773aa186052e6f1e81bd4a18e1acc39e.jpg,0,0,0,0,0,0,1
1-Top-Down_jpg.rf.99c1ee8a64412359e2fc40f742f6d812.jpg,0,0,0,0,0,1,0
14-Top-Down_jpg.rf.64fc674f044e14490da146307ca27610.jpg,0,0,0,0,0,0,1
1710845178303_17108451601833133574875457877557_jpg.rf.1a606a98e98009d8382783f838306db8.jpg,1,0,0,0,0,0,0
1-Left_jpg.rf.5b75d53bae0ff738b384cbb59d1b613c.jpg,0,0,0,0,0,0,1
12-Right_jpg.rf.244ca8fe43a6d8dedde4e89fe6878c1c.jpg,0,0,0,0,0,0,1
14-Right_jpg.rf.8e0de2c9be0f6d8ef3898f3c9982c199.jpg,0,0,0,0,0,0,1
14-Right_jpg.rf.1198045d4fdc30f833496a182551025e.jpg,0,0,0,0,0,0,1
1-Back_jpg.rf.a8fcf803319151ac7b0d1632e70436de.jpg,0,0,0,0,1,0,0
11-Right_jpg.rf.3d4061e3a3b14a224cb8b87e72338804.jpg,0,0,0,0,0,0,1
11-Back_jpg.rf.8ff33193d17e4ded121f72b93be5f986.jpg,0,0,0,1,0,0,0
15-Front_jpg.rf.a9c924883145f85f96598a28f962b961.jpg,0,0,0,0,0,0,1
10-Front_jpg.rf.010199af639a0eef67260778112bc4eb.jpg,0,0,0,0,0,1,0
3-Left_jpg.rf.ad699cd3edb1688584c005e6bd657c70.jpg,0,0,0,0,0,0,1
12-Top-Down_jpg.rf.f50867b1c35fe951287016888e5b8cbe.jpg,0,0,0,0,0,0,1
1-Long-Textured-Flowing-Hair_webp.rf.a5697fc1331652f660531b042c5dbf05.jpg,1,0,0,0,0,0,0
1710845178303_17108451601833133574875457877557_jpg.rf.37ee74b1cbfb10140abea76e77ae6eda.jpg,1,0,0,0,0,0,0
12-Top-Down_jpg.rf.07361e8ae04312dc151bb4850dde99fa.jpg,0,0,0,0,0,0,1
11-Right_jpg.rf.6a7dfeb6f71d78a132f2b1421836660f.jpg,0,0,0,0,0,0,1
11-Left_jpg.rf.5d0760d66acc2a16f2b1a5603b8bb701.jpg,0,0,0,0,0,0,1
10-Front_jpg.rf.ea270589643ece972efbb55fa96da2fc.jpg,0,0,0,0,0,1,0
1-Left_jpg.rf.5471a73e26c50e2dd77fbdf602f2d2ec.jpg,0,0,0,0,0,0,1
13-Front_jpg.rf.b54d06e0ab4d91172bcf501d19733adc.jpg,0,0,0,0,0,0,1
14-Top-Down_jpg.rf.829106e1ed7feb61ae72080f06baaf04.jpg,0,0,0,0,0,0,1
3-Right_jpg.rf.dd8575f1f664a065cb02ae091e7159e7.jpg,0,0,0,0,0,0,1
1-Top-Down_jpg.rf.b73fb27f78fc9af2fa68d72af1590824.jpg,0,0,0,0,0,0,1
1-Top-Down_jpg.rf.027cf483b8e9c1a6211813c6c434cc2c.jpg,0,0,0,0,0,0,1
1-Front_jpg.rf.d2a0a6d8d67326b80a1644628c08a273.jpg,0,0,0,0,0,0,1
12-Back_jpg.rf.ba46dd0c648bbaa0b8a699786eb02b6c.jpg,0,0,0,0,0,0,1
11-Front_jpg.rf.f216f6f6a3b3f3e5e5957e726a310a46.jpg,0,0,0,0,1,0,0
14-Front_jpg.rf.f1e8d00f1f41af2bb94b2c320e7e5632.jpg,0,0,0,0,0,0,1
1-Back_jpg.rf.907fcf55b72136ac534020f4cc217ff2.jpg,0,0,0,0,0,0,1
13-Back_jpg.rf.3687d37ec7ecaf37cba1efa93525e2d3.jpg,0,0,0,0,0,0,1
10-Right_jpg.rf.789fda09a7a8f902c4e0cd1eb45fe790.jpg,0,0,0,0,1,0,0
2-Right_jpg.rf.c0cc4b09c653b2fa22a535d17ea0b80a.jpg,0,0,0,0,0,0,1
14-Back_jpg.rf.245fa34db170dfbfe929e87a9bf9808e.jpg,0,0,0,0,0,0,1
1-Top-Down_jpg.rf.f4ab0a6802ab5f16d472271be62f85e0.jpg,0,0,0,0,0,1,0
1-Top-Down_jpg.rf.67e1ac0a4c207b51aace3714811b99cb.jpg,0,0,0,0,0,0,1
1-Left_jpg.rf.399583265ff0026b1004d4c4c963a0cc.jpg,1,0,0,0,0,0,0
13-Left_jpg.rf.f5649ee3c4f7d53629a40d00bea8092e.jpg,0,0,0,0,0,0,1
1-Front_jpg.rf.c8381f8c7a13d83aff6573f6507f9702.jpg,0,0,0,0,1,0,0
11-Top-Down_jpg.rf.a80720e82ba36209c0570a8bcbff885f.jpg,0,0,0,0,0,0,1
15-Right_jpg.rf.b5295be5abda669943c74e128bc8e01e.jpg,0,0,0,0,0,0,1
10-Right_jpg.rf.4c196bb6bcf5f817df41aa2bf0536ffb.jpg,0,0,0,0,0,0,1
10-Left_jpg.rf.73b578c0fffdf82ef47be34d298eab10.jpg,0,0,0,0,1,0,0
15-Top-Down_jpg.rf.4876212fbb4405df4b893735a7201833.jpg,0,0,0,0,0,0,1
10-Top-Down_jpg.rf.1097b02f70655aa0734133656a59d8b8.jpg,0,0,0,0,0,0,1
1-Right_jpg.rf.fcebe897e969468a4641cf1847be7874.jpg,0,0,0,0,0,0,1
10-Right_jpg.rf.cec0589a47195b446eab8fd366fb0b67.jpg,0,0,0,0,1,0,0
2-Front_jpg.rf.8b86154af52f8d2eef72a4850db35b76.jpg,0,0,0,0,0,0,1
1-Back_jpg.rf.b4854889ee9086016263e8a66f35e5ef.jpg,0,0,0,0,0,0,1
10-Top-Down_jpg.rf.e8baca0b566510fc0534fbcd1b5e6053.jpg,0,0,0,0,0,0,1
11-Left_jpg.rf.4e58a00c6f8c813d41680acef6afb340.jpg,0,0,0,0,0,0,1
15-Top-Down_jpg.rf.05b0d2a87cacdbb06bdec7488d9f32a1.jpg,0,0,0,0,0,0,1
3-Top-Down_jpg.rf.0699dccb829b7e9080405e0a1efc0c71.jpg,0,0,0,0,0,0,1
3-Back_jpg.rf.7fc2774d55adf77a331c0446c2230e17.jpg,0,0,0,0,0,0,1
10-Right_jpg.rf.5ab85d50a3e3a4eadbfdd775d98d5ded.jpg,0,0,0,0,0,0,1
15-Right_jpg.rf.59e73d50c1aefd480f898597f9444758.jpg,0,0,0,0,0,0,1
1-Right_jpg.rf.d212a78aaa0bcf5f5ebf162a8666a611.jpg,0,0,0,0,0,1,1
1-Top-Down_jpg.rf.6521b3a7588eac645b2c5b267c2b490e.jpg,0,0,0,0,0,0,1
16-Back_jpg.rf.84ec5384dc6c15f1f52dd035836add63.jpg,0,0,0,0,0,0,1
20230607_084742_jpg.rf.b31cf0aa7fd3d8a453b6d007262b3f64.jpg,1,0,0,0,0,0,0
16-Left_jpg.rf.4c15bf2e82aec5ec4aae11d59f73e54d.jpg,0,0,0,0,0,0,1
11-Right_jpg.rf.45003c27abb441a7b421ea798b5c6bca.jpg,0,0,0,0,0,0,1
16-Back_jpg.rf.6fd30dcaf6c8f73b3db053f38fc17cf1.jpg,0,0,0,0,0,0,1
4-Back_jpg.rf.a9f04d6938221e8c72623d4b1f3b987f.jpg,0,0,0,0,0,0,1
1-Right_jpg.rf.4841749b736c6e7042b25eafc1f33c66.jpg,0,0,0,0,0,0,1
16-Right_jpg.rf.8a23c401d9aea6d731041232c4b0b710.jpg,0,0,0,0,0,0,1
16-Left_jpg.rf.0ba213869e9ed914c8948d5ff8165419.jpg,0,0,0,0,0,0,1
1-Left_jpg.rf.086648da7f488220c4853e98d4929160.jpg,1,0,0,0,0,0,0
2-Top-Down_jpg.rf.ea647fab0ace588377f0d8fa1a341554.jpg,0,0,0,0,0,0,1
11-Left_jpg.rf.714e9cdec3237dd7fe5227ae214be58a.jpg,0,0,0,0,0,0,1
11-Back_jpg.rf.f7181af79d864201943ceb501879e648.jpg,0,0,0,0,0,0,1
3-Left_jpg.rf.6b2d2ca97cca0cd52760188090583e16.jpg,0,0,0,0,0,0,1
11-Left_jpg.rf.781e272e8fb9c0d9ba7d8aa420561c5c.jpg,0,0,0,0,0,0,1
3-Front_jpg.rf.4df4801926790b969a859b5f194a2762.jpg,0,0,0,0,0,0,1
20230607_084742_jpg.rf.ffa562f531096464a693f50ab675fd50.jpg,1,0,0,0,0,0,0
5-Right_jpg.rf.51355cbe93fd4173f86f2cdc78bc320e.jpg,0,0,0,0,0,0,1
17-Front_jpg.rf.425b29d586097d275a40f655900ed21a.jpg,0,0,0,0,0,0,1
2-Front_jpg.rf.c5881460c5abddcf84d9aeb9d313b914.jpg,0,0,0,0,0,0,1
15-Front_jpg.rf.7afbde7f9ae51fef331df1f67814ee02.jpg,0,0,0,0,0,0,1
3-Right_jpg.rf.1faf79ec270269d7ed0f3afd1a86a245.jpg,0,0,0,0,0,0,1
5-Top-Down_jpg.rf.8fdb5c849ca31b00a8009b5ebb5db22a.jpg,0,0,0,0,0,0,1
10-Top-Down_jpg.rf.ca75dac1b3a207a394309bff6aeb0b5d.jpg,0,0,0,0,0,1,0
3-Front_jpg.rf.4a3407107fa995f5b4873a41cad4cea0.jpg,0,0,0,0,0,0,1
4-Right_jpg.rf.2301870edadee209b183215fc1f52a3f.jpg,0,0,0,0,0,0,1
12-Back_jpg.rf.f4dd7fd3b4078371bc8e9fb85dde430f.jpg,0,0,0,0,0,0,1
1710845178303_17108451601833133574875457877557_jpg.rf.243d3bd126d7b2bb43dbd903dc6a1e3a.jpg,1,0,0,0,0,0,0
1-Left_jpg.rf.e68930a7760302bfef6b498293fc6691.jpg,1,0,0,0,0,0,0
11-Left_jpg.rf.b5530626e1d16a107e6ab5f3735f1416.jpg,0,0,0,1,0,0,0
11-Left_jpg.rf.a379d42c8423a68f203092c1d781aad8.jpg,0,0,0,1,0,0,0
2-Right_jpg.rf.a8deb71ebf414671550cc6b5d2733806.jpg,0,0,0,0,0,0,1
3-Back_jpg.rf.9458210eb3ca98516362fd983ac967d0.jpg,0,0,0,0,0,0,1
17-Left_jpg.rf.8d4fd90922a41a272cd375acc51e224b.jpg,0,0,0,0,0,0,1
12-Left_jpg.rf.ba44467cd4a4d50141b3fdbb7cb2f44f.jpg,0,0,0,1,0,0,0
1-Back_jpg.rf.72dd16abc94701db3dce12550d5f580e.jpg,0,0,0,0,0,0,1
2-Top-Down_jpg.rf.c26857d3077414a9eef1fecfbba26f32.jpg,0,0,0,0,0,0,1
1-Left_jpg.rf.3d3e2bba52ea04a91c0db1e09e63fe50.jpg,0,0,0,0,0,0,1
1-Long-Textured-Flowing-Hair_webp.rf.c8ae839a4eb045f7f306753d17dbdc8b.jpg,1,0,0,0,0,0,0
11-Top-Down_jpg.rf.bf9a3d7784c5eb4a0afdc84ba06c50a7.jpg,0,0,0,0,0,0,1
6-Back_jpg.rf.06f68ffd48d082f7b525c673cd19e900.jpg,0,0,0,0,0,0,1
11-Back_jpg.rf.df60dfea2c7561e89df5be491e94f05a.jpg,0,0,0,0,0,0,1
12-Front_jpg.rf.8daeb5fdc62c1c554d5ca2137e511653.jpg,0,0,1,0,0,0,0
11-Front_jpg.rf.59308d2cdf97495df7653895995a708a.jpg,0,0,0,0,1,0,0
1-Left_jpg.rf.f14b0105d636eca682ca8ba9780c2574.jpg,0,0,0,0,0,0,1
1-Front_jpg.rf.63bee8ebe10543d6dcdd03db5d78cebe.jpg,0,0,0,0,0,0,1
6-Right_jpg.rf.9330f89a7a79ba96ed1086fa1f0fff9f.jpg,0,0,0,0,0,0,1
1-Top-Down_jpg.rf.71b74c1ee02f00c724942e323fd533ac.jpg,0,0,0,0,0,0,1
12-Right_jpg.rf.1479917c4ca905eabb34f55ab1517795.jpg,0,0,0,1,0,0,0
11-Right_jpg.rf.cab2ccc13a2f0804a2b52e1a4cbe76bf.jpg,0,0,0,0,0,0,1
12-Right_jpg.rf.e258e2dd47254bd0319d7f90b8c94f46.jpg,0,0,0,0,0,0,1
1-Right_jpg.rf.1aa2fc40582daca83d82e9445a64b1d8.jpg,0,0,0,0,0,1,1
12-Back_jpg.rf.1be151b1eade7db36d84fa26b4a53fda.jpg,0,0,0,0,0,0,1
13-Back_jpg.rf.336af3bda99e48c88c34ff19b51eb86b.jpg,0,0,0,0,0,0,1
12-Top-Down_jpg.rf.37f77459f2002cbc55839327085dd38a.jpg,0,0,0,0,0,0,1
13-Left_jpg.rf.316c6c9942e1de36de90bc35ac26ce34.jpg,0,0,0,0,0,0,1
6-Front_jpg.rf.e7c1338649b6d5399a18d1a6e1744522.jpg,0,0,0,0,0,0,1
11-Top-Down_jpg.rf.83d18d33b2521222d610b13f7f6fed04.jpg,0,0,0,1,0,0,0
17-Back_jpg.rf.fe6757a20c0d35ffa9372ce258d42324.jpg,0,0,0,0,0,0,1
14-Back_jpg.rf.dfcb303ff5462329c292ee04cea31b79.jpg,0,0,0,0,0,0,1
11-Back_jpg.rf.b441e526d5085b68f09211ccce08a6c5.jpg,0,0,0,0,0,0,1
14-Front_jpg.rf.b2d89c44855ac6b8153abe0bfed78656.jpg,0,0,0,0,0,0,1
4-Left_jpg.rf.26232f2618a9f4937a5425db72aa722e.jpg,0,0,0,0,0,0,1
6-Top-Down_jpg.rf.7c77e8c05c24051633c7d93549fc75c6.jpg,0,0,0,0,0,0,1
11-Top-Down_jpg.rf.85e9655e2cf7d736760759b3b4f5ef19.jpg,0,0,0,0,0,0,1
3-Right_jpg.rf.b61ea1940c993d232e219f34904284c9.jpg,0,0,0,0,0,0,1
11-Back_jpg.rf.338a4df863ea1afa2085d63b66aac82a.jpg,0,0,0,1,0,0,0
1-Top-Down_jpg.rf.aa5e8834cf25d6727bb28f8bb9af8647.jpg,0,0,0,0,0,0,1
13-Front_jpg.rf.90cff6e13e13815c270f7600ee0b725c.jpg,0,0,0,0,0,0,1
5-Front_jpg.rf.e82469636b72f2413b9b615e0be8e2df.jpg,0,0,0,0,0,0,1
1-Right_jpg.rf.347ac14aae67c9117db300247a0a7bdb.jpg,0,0,0,0,0,0,1
1-Top-Down_jpg.rf.b8a00577897711e6d69aaed2e720fd55.jpg,0,0,0,0,0,1,0
1-Top-Down_jpg.rf.d208556f2b33ff3388c43dc7cd229d70.jpg,0,0,0,0,0,0,1
1-Left_jpg.rf.a025e4208ffefe7d93a9ea9b57561923.jpg,0,0,0,0,0,0,1
14-Right_jpg.rf.955dd5444369f84fd52ff9bc20619529.jpg,0,0,0,0,0,0,1
3-Left_jpg.rf.69643ad39795fcffff5675947d863fa8.jpg,0,0,0,0,0,0,1
3-Front_jpg.rf.02206b7d82bb824c0567fd7abc5ef9c9.jpg,0,0,0,0,0,0,1
6-Left_jpg.rf.5d38d4db0d824862885491d53e28f340.jpg,0,0,0,0,0,0,1
7-Back_jpg.rf.4e5ece55a476d9811fe6c141c47d190e.jpg,0,0,0,0,0,0,1
5-Left_jpg.rf.9849cfed77756f722589681eb28fee3f.jpg,0,0,0,0,0,0,1
1-Top-Down_jpg.rf.156a216486243cb50a67b75834ee9ab3.jpg,0,0,0,0,0,0,1
10-Front_jpg.rf.49b613b5a2b9c274135ae35836dd7321.jpg,0,0,0,0,0,1,0
1-Back_jpg.rf.f805792486cf2a57997573058193474c.jpg,0,0,0,0,0,1,0
3-Back_jpg.rf.f8e1cc9b86b68fa2724af617f4c58069.jpg,0,0,0,0,0,0,1
5-Right_jpg.rf.f5a29a06835668007d250f0b9ff034cc.jpg,0,0,0,0,0,0,1
2-Top-Down_jpg.rf.2988aaca5f88021cb545b2e104f67c85.jpg,0,0,0,0,0,0,1
2-Front_jpg.rf.b40fd5b3aa47389347bbf4e45f0435b3.jpg,0,0,0,0,0,0,1
11-Top-Down_jpg.rf.39fcda4de20fb013ac3acae84e599750.jpg,0,0,0,0,0,0,1
6-Top-Down_jpg.rf.1e33cdd007f65942d55db64724bb8d34.jpg,0,0,0,0,0,0,1
11-Left_jpg.rf.2aa67d141a5f360dec83e687bb7b45a9.jpg,0,0,0,0,0,0,1
5-Top-Down_jpg.rf.c4f1294b0b888a265532375f0a54f36c.jpg,0,0,0,0,0,0,1
1-Back_jpg.rf.49359fe2c444ac4cdca14456ec30e400.jpg,0,0,0,0,0,0,1
1-Top-Down_jpg.rf.13feac4e22a0c9c769521933387c3fd5.jpg,0,0,0,0,0,0,1
10-Right_jpg.rf.60d5a001a1ab0ea041a2811b72620db2.jpg,0,0,0,0,0,0,1
1-Front_jpg.rf.69ac3730caf13c4ff8424d94a4c6b166.jpg,0,0,0,0,1,0,0
11-Right_jpg.rf.68eeb6e12e6f07bada756ec4e11ff715.jpg,0,0,0,0,0,0,1
3-Top-Down_jpg.rf.d52447d2fec94129e397b7e13e4b24b3.jpg,0,0,0,0,0,0,1
11-Back_jpg.rf.1c92ead9aa55ea23b8f4221aff08d013.jpg,0,0,0,0,0,0,1
1-Right_jpg.rf.10aea5c8582409f561dbe1f3162b1c36.jpg,0,0,0,0,0,0,1
1710842725210_IMG_20240201_182530_jpg.rf.74acb67e2afeb6f17fd1714cba31d978.jpg,0,1,0,0,0,0,0
1-Back_jpg.rf.74fe0757dfa44ae1ea96f52327658d2d.jpg,0,0,0,0,0,0,1
2-Right_jpg.rf.5366d6a928d7f20a0bb835dca2837dce.jpg,0,0,0,0,0,0,1
1-Left_jpg.rf.2243997055bf889aa13c0e4710263757.jpg,0,0,0,0,1,0,0
14-Top-Down_jpg.rf.b195bff865ef349c79d068c5b3c394a2.jpg,0,0,0,0,0,0,1
1-Back_jpg.rf.f1f50f2faaf696a39690a33e5357e46a.jpg,0,0,0,0,0,0,1
4-Back_jpg.rf.2b78bf05a83ddeed115a1236ff6ea6f4.jpg,0,0,0,0,0,0,1
7-Left_jpg.rf.b8daf4b5c367bff1b9b962ee527f312a.jpg,0,0,0,0,0,0,1
5-Left_jpg.rf.247a798156f17109fcb6671c51c4ffb5.jpg,0,0,0,0,0,0,1
7-Front_jpg.rf.ff66f2146ea84e15c7c6f286d0120ac6.jpg,0,0,0,0,0,0,1
12-Top-Down_jpg.rf.00223363162e204a3fda57990fee06e8.jpg,0,0,0,0,0,1,0
12-Right_jpg.rf.35e8cd5de05d95442278685606b60f4d.jpg,0,0,0,1,0,0,0
17-Front_jpg.rf.9faf978d9ce7b6d5968df2f936276afb.jpg,0,0,0,0,0,0,1
12-Left_jpg.rf.c144ffe97a3fc03a998c50c59cf55725.jpg,0,0,0,1,0,0,0
11-Front_jpg.rf.7459fdfc91399739686d73867ddb18bf.jpg,0,0,0,0,1,0,0
17-Back_jpg.rf.fceeaf3fd39331f9c990a6863f0c17a4.jpg,0,0,0,0,0,0,1
11-Left_jpg.rf.687967f3456a2a50f0f5847629d024b9.jpg,0,0,0,0,0,0,1
1-Left_jpg.rf.56b163862454c85cf1a301c8f92399ee.jpg,1,0,0,0,0,0,0
12-Right_jpg.rf.ec7ee0fa85fa5ce0ce84bf3e113e1bc1.jpg,0,0,0,1,0,0,0
11-Left_jpg.rf.a912f3ec981a3826636b854ff2714dec.jpg,0,0,0,1,0,0,0
13-Back_jpg.rf.1f8594490d3424c862fbf43f1c85154e.jpg,0,0,0,0,0,0,1
12-Front_jpg.rf.ff9b4f9269716c401211205c8e8e4490.jpg,0,0,0,1,0,0,0
13-Front_jpg.rf.11bd7044785003b25cb9c71a1611756a.jpg,0,0,0,0,0,0,1
11-Back_jpg.rf.44da997510619bd15319c297540b75cb.jpg,0,0,0,0,0,0,1
7-Back_jpg.rf.e87d1e6690d08baa454a37d7071c41ec.jpg,0,0,0,0,0,0,1
11-Top-Down_jpg.rf.3e6908fb6ddd1b8470e942dac729f40c.jpg,0,0,0,1,0,0,0
20230607_084742_jpg.rf.1b97997f2541a01e8cf0cd61a85cd42f.jpg,1,0,0,0,0,0,0
1-Back_jpg.rf.0b33c737242cd3ca8fea470f4763b39e.jpg,0,0,0,0,1,0,0
6-Right_jpg.rf.97d979172ba70233690d71565f08441a.jpg,0,0,0,0,0,0,1
12-Right_jpg.rf.534a6f29b87147d40a8cb9e72f8da7e6.jpg,0,0,0,1,0,0,0
13-Front_jpg.rf.15bdaa46fd212aee15925b29e4ac232e.jpg,0,0,0,1,0,0,0
6-Front_jpg.rf.ba9b3cde92420bded6a3e941596cf360.jpg,0,0,0,0,0,0,1
16-Left_jpg.rf.643753c900361d767c573ddb28e5bc5e.jpg,0,0,0,0,0,0,1
10-Top-Down_jpg.rf.ec883e335771c9a42a1eec4b8e0f6d72.jpg,0,0,0,0,0,1,0
6-Left_jpg.rf.5e076d8e99671125489a823d4e35c265.jpg,0,0,0,0,0,0,1
20230607_085214_jpg.rf.5ab9946d312b785d7a3cae24a5956004.jpg,1,0,0,0,0,0,0
6-Back_jpg.rf.420880b9d902df2b51329805517b09d1.jpg,0,0,0,0,0,0,1
12-Left_jpg.rf.159c7b65f25681a6872aee21a565b512.jpg,0,0,0,1,0,0,0
10-Top-Down_jpg.rf.645364f4970e06351a8343e605688165.jpg,0,0,0,0,0,0,1
1710842725210_IMG_20240201_182530_jpg.rf.8ab844d4efcdbb87ac6a096800664532.jpg,0,1,0,0,0,0,0
17-Left_jpg.rf.bf34ee7955774de8beefd1bb40a289b1.jpg,0,0,0,0,0,0,1
11-Back_jpg.rf.a73801b8bb37778049de3de4f4be76b2.jpg,0,0,0,0,0,0,1
1-Back_jpg.rf.42ff58923131c75ca9ced40478cc96fa.jpg,0,0,0,0,1,0,0
20230607_084742_jpg.rf.89d8012c61b7873bdc18ffca4fc18a89.jpg,1,0,0,0,0,0,0
1-Right_jpg.rf.bf68e12e120c6846a79ec94d0057e1a4.jpg,0,0,0,0,0,0,1
1-Left_jpg.rf.d24ad685cc9dd3f326d00a0d80530211.jpg,0,0,0,0,0,0,1
1-Top-Down_jpg.rf.3893059e7729a09b720b4b0c93170e63.jpg,0,0,0,0,0,1,0
1-Back_jpg.rf.900504858f27c448dced9f25917e7c05.jpg,0,0,0,0,0,0,1
1-Top-Down_jpg.rf.4c4da5daa7d566358271cac1091ab8b7.jpg,0,0,0,0,0,0,1
11-Right_jpg.rf.9bbcec9e6325203a09926d9b6372f05f.jpg,0,0,0,0,0,0,1
13-Left_jpg.rf.0d7dbf86d5b946a7402c71c2e3c16bc6.jpg,0,0,0,0,0,0,1
16-Left_jpg.rf.15b6729f2f70b7e7e39e7f57176aef2b.jpg,0,0,0,0,0,0,1
16-Back_jpg.rf.48c1791325d157a7e6df54c6c77f8e78.jpg,0,0,0,0,0,0,1
1-Long-Textured-Flowing-Hair_webp.rf.b5f2c6cea65d570c5a3a9b9b12564ee2.jpg,1,0,0,0,0,0,0
16-Right_jpg.rf.dc505a667bf4426832e839e3009a9611.jpg,0,0,0,0,0,0,1
4-Left_jpg.rf.943b9a6d0f144ddd3375627a5fc52da6.jpg,0,0,0,0,0,0,1
11-Top-Down_jpg.rf.302cc13516091222b872cc72049303c5.jpg,0,0,0,0,0,0,1
1-Left_jpg.rf.0321f9e7415d16c1b769ba715aa84f1c.jpg,0,0,0,0,0,0,1
14-Front_jpg.rf.95746a7e71697d1112605d821aab16bf.jpg,0,0,0,0,0,0,1
7-Top-Down_jpg.rf.e46e06f155df097646e555d2c0cd7b9d.jpg,0,0,0,0,0,0,1
10-Top-Down_jpg.rf.3695dd937ecd11dc87339a924034e545.jpg,0,0,0,0,0,1,0
10-Top-Down_jpg.rf.ad7a8059de0ece4b68c1ea98c0d6c65b.jpg,0,0,0,0,0,0,1
8-Back_jpg.rf.2c7d31987f2f00335687128293f8ecc6.jpg,0,0,0,0,0,0,1
12-Front_jpg.rf.79a4278f6d8e0129a69ef62582c50c98.jpg,0,0,0,1,0,0,0
1-Back_jpg.rf.660ac34ecb2b0ca138ca2e00a65ac1e3.jpg,0,0,0,0,0,0,1
12-Back_jpg.rf.44a33fad12c1715349e84a0eb36df597.jpg,0,0,0,0,0,0,1
15-Front_jpg.rf.36b6a1a79ac6c41987584a5e206b7cde.jpg,0,0,0,0,0,0,1
1-Left_jpg.rf.553a38d3498cda9a6a80cc1c0af9a353.jpg,1,0,0,0,0,0,0
1-Front_jpg.rf.e97e4b21a19f8ed12d104202e0ff0242.jpg,0,0,0,0,0,0,1
1-Front_jpg.rf.37ecbf1e01ccb46b5a686b443142f0f2.jpg,0,0,0,0,0,0,1
14-Right_jpg.rf.6532b294085973f4341f1a689d61fcd5.jpg,0,0,0,0,0,0,1
1-Top-Down_jpg.rf.c1a7a9c3cb02b88e08d7f90f1a7c0c2c.jpg,0,0,0,0,0,0,1
15-Front_jpg.rf.a0a1853092b76340ef586f9ec1484d55.jpg,0,0,0,0,0,0,1
7-Back_jpg.rf.cffaa58e5bba968e3d84f77da58f1108.jpg,0,0,0,0,0,0,1
1-Back_jpg.rf.353061443d5acef3c1b615a35f9e329f.jpg,0,0,0,0,0,1,0
5-Front_jpg.rf.dcdf663fd5af8bb62a543dc9f4a31d92.jpg,0,0,0,0,0,0,1
10-Front_jpg.rf.cff85a798e6345c2812bdb2c234d5db7.jpg,0,0,0,0,0,1,0
10-Right_jpg.rf.1b366e3da2ca25c4ae90ed364d308b58.jpg,0,0,0,0,1,0,0
7-Front_jpg.rf.6e26127172477c1433c08d7c3b105461.jpg,0,0,0,0,0,0,1
15-Top-Down_jpg.rf.00c356ce34ee42ec92d67974d66dd85a.jpg,0,0,0,0,0,0,1
10-Right_jpg.rf.eeaac5fc5ce4c04ef4d4640f63a18c45.jpg,0,0,0,0,0,0,1
15-Top-Down_jpg.rf.4ed119ff1be97e2d7b6e57c52f001ddb.jpg,0,0,0,0,0,0,1
12-Right_jpg.rf.876d56e9afc1358dc3106eb76812a774.jpg,0,0,0,1,0,0,0
1-Left_jpg.rf.fb06c2ef7caa50cc916627ef6bcd128d.jpg,0,0,0,0,1,0,0
14-Top-Down_jpg.rf.5942a2cf96936a6070aa5abed2c72329.jpg,0,0,0,0,0,0,1
4-Right_jpg.rf.b37a1f9744b3cb66266b289bc16cfd10.jpg,0,0,0,0,0,0,1
10-Right_jpg.rf.c7480a75052647bdefa69f160477103e.jpg,0,0,0,0,0,0,1
1-Back_jpg.rf.0fb090534f9748f9e1956998db39e3ad.jpg,0,0,0,0,0,0,1
15-Right_jpg.rf.60097f767b3addc1c4a6e6e79ea573dd.jpg,0,0,0,0,0,0,1
10-Left_jpg.rf.1065bc8fd77a84eaa6979bc5290239ac.jpg,0,0,0,0,1,0,0
12-Top-Down_jpg.rf.fc8e960d34a7660301166a04b47c4672.jpg,0,0,0,0,0,1,0
12-Front_jpg.rf.bb808956541e350e77ba60abbac9e656.jpg,0,0,1,0,0,0,0
11-Back_jpg.rf.15a1a3c823250481529f7ad74788c3d0.jpg,0,0,0,1,0,0,0
1-Top-Down_jpg.rf.cc25401e5e0e105574fcd5514df7ccf7.jpg,0,0,0,0,0,0,1
13-Front_jpg.rf.bc137d5aa5ba3df942c9f1a40f57f2fc.jpg,0,0,0,1,0,0,0
6-Front_jpg.rf.b3fe65df9a180dc1aaffa95d1c22b47b.jpg,0,0,0,0,0,0,1
10-Right_jpg.rf.2f5ac1d2ffd84c4aa28bb70ec08afa3b.jpg,0,0,0,0,0,0,1
10-Right_jpg.rf.23d09279e7b11de72808ddb6bd3124e5.jpg,0,0,0,0,1,0,0
6-Top-Down_jpg.rf.192d56b0abd9f94af1820056a8a20737.jpg,0,0,0,0,0,0,1
12-Top-Down_jpg.rf.6f1c75034e6f83085867099c1439e04c.jpg,0,0,0,0,0,0,1
1-Left_jpg.rf.6f4d93fd210d3a9d3926b236744e08e4.jpg,0,0,0,0,0,0,1
5-Top-Down_jpg.rf.329317b9bdbffffb6d4f247e5bc04324.jpg,0,0,0,0,0,0,1
6-Back_jpg.rf.f8ed34fc3c30d86444c541261e74bbe9.jpg,0,0,0,0,0,0,1
1710845178303_17108451601833133574875457877557_jpg.rf.0b434b292b656af425db8e97ac4068a8.jpg,1,0,0,0,0,0,0
12-Left_jpg.rf.8eeed68ea3246929e93dea6962eea116.jpg,0,0,0,1,0,0,0
10-Left_jpg.rf.8f0e05fd86856f26c5ec416ae03c9f83.jpg,0,0,0,0,1,0,0
1-Front_jpg.rf.afca6d6a29057b2a51ab109124b5df4a.jpg,0,0,0,0,1,0,0
12-Left_jpg.rf.5587629b1595c1d513759e22326f8e0d.jpg,0,0,0,1,0,0,0
12-Right_jpg.rf.9257bebb3aa5b5f99d2417150b63242c.jpg,0,0,0,0,0,0,1
15-Right_jpg.rf.dbfdf5d62a9d2580c67468ec378de61a.jpg,0,0,0,0,0,0,1
1-Right_jpg.rf.ca4727c530cace9f437af8914264e7ec.jpg,0,0,0,0,0,1,1
1-Front_jpg.rf.d454b2c5a9e8a4e7e2a393327bdf9890.jpg,0,0,0,0,1,0,0
6-Right_jpg.rf.e8dc24b33e9df58ea566d4a3e0d26063.jpg,0,0,0,0,0,0,1
1-Top-Down_jpg.rf.1f3133908969e81783f044680aed18b9.jpg,0,0,0,0,0,0,1
5-Right_jpg.rf.4201431ee04508c4f49933ef9930bab4.jpg,0,0,0,0,0,0,1
10-Right_jpg.rf.8624d2369e5f7e2ecee848b256d30dbb.jpg,0,0,0,0,0,0,1
16-Back_jpg.rf.93d4e37306ea7e9592ce1f8f3af2e67f.jpg,0,0,0,0,0,0,1
6-Left_jpg.rf.7869fb8a769bc0e135553c08be5a5252.jpg,0,0,0,0,0,0,1
5-Left_jpg.rf.dd2a20e3f475fa67a88d7e165e3cb46e.jpg,0,0,0,0,0,0,1
1-Back_jpg.rf.9700c77fe8546d0317f4eefaab9f78d8.jpg,0,0,0,0,1,0,0
1-Back_jpg.rf.3fc3e93a20594250bba0a3534bf5188b.jpg,0,0,0,0,0,0,1
20230607_085214_jpg.rf.32ba32babead459c186b490c09801e57.jpg,1,0,0,0,0,0,0
1-Left_jpg.rf.9f19f6d3685ec045bab4b2e296c5462c.jpg,0,0,0,0,1,0,0
11-Back_jpg.rf.7ce93f64bcf67ab509292ab96a2eae18.jpg,0,0,0,0,0,0,1
17-Left_jpg.rf.00842ff68758f2340f6c335056405c0f.jpg,0,0,0,0,0,0,1
1-Right_jpg.rf.d5fb6107f4d8da1eeaac45e64e78699f.jpg,0,0,0,0,0,0,1
12-Back_jpg.rf.8983e2e9ea29efe60c678775c036d0b6.jpg,0,0,0,0,0,0,1
11-Right_jpg.rf.02afc72f1e012d1be2ab500bcf3160e5.jpg,0,0,0,0,0,0,1
7-Left_jpg.rf.c5a75efaca5f37798aec15bbbb50d408.jpg,0,0,0,0,0,0,1
10-Top-Down_jpg.rf.b4b4eb4f2dc7c374666df35fe780619f.jpg,0,0,0,0,0,1,0
8-Back_jpg.rf.d7ea69f0fba506bb6a6de8e00d695fb8.jpg,0,0,0,0,0,0,1
11-Back_jpg.rf.5addd8bf8eb57fc32d01812921222f3b.jpg,0,0,0,0,0,0,1
7-Top-Down_jpg.rf.35b37ff9571a10f662dd3058dd60c6ce.jpg,0,0,0,0,0,0,1
15-Top-Down_jpg.rf.99cb112565ff6b3db587a09710c0b64b.jpg,0,0,0,0,0,0,1
1-Back_jpg.rf.d4c7f29669527561436a5705fb3e9859.jpg,0,0,0,0,0,0,1
17-Front_jpg.rf.4e4f3cdfa871ef52ccef2264977e8c1e.jpg,0,0,0,0,0,0,1
1-Back_jpg.rf.76a65c59ceef925aa2cf59273cfc2c4d.jpg,0,0,0,0,0,1,0
1-Long-Textured-Flowing-Hair_webp.rf.8aa28c683be0a34069388b4ff50f379c.jpg,1,0,0,0,0,0,0
1-Left_jpg.rf.895200f9209f5b20e45de5d3386befe2.jpg,1,0,0,0,0,0,0
20230607_084742_jpg.rf.cb73ffe2c724a8cae3cc9784a8b8144a.jpg,1,0,0,0,0,0,0
16-Left_jpg.rf.0da6c94a8b64aecdc11d73336f3c7152.jpg,0,0,0,0,0,0,1
10-Right_jpg.rf.c6654d25ef28457ff392b2120289f176.jpg,0,0,0,0,0,0,1
11-Back_jpg.rf.443476332d48cbfc415b5532f2721eee.jpg,0,0,0,0,0,0,1
16-Right_jpg.rf.2a7d91c498a362617e0d1833a7cce64a.jpg,0,0,0,0,0,0,1
14-Top-Down_jpg.rf.b8d6f20ded4f35e034c09b113ffa2884.jpg,0,0,0,0,0,0,1
15-Front_jpg.rf.ae6c47b8f3060a16313d6f1b6a69497a.jpg,0,0,0,0,0,0,1
17-Back_jpg.rf.bc7ff52cd7891035645b932955c5d44e.jpg,0,0,0,0,0,0,1
12-Front_jpg.rf.94dde5192af3ea45e6609e8881172927.jpg,0,0,0,1,0,0,0
1710842725210_IMG_20240201_182530_jpg.rf.2f5ada2c235d99338b6741d9a8203ee9.jpg,0,1,0,0,0,0,0
16-Back_jpg.rf.93309a903ccfefd7196845ecac2ed085.jpg,0,0,0,0,0,0,1
11-Left_jpg.rf.373cc547648ba656f34246ad71caba70.jpg,0,0,0,0,0,0,1
2-Front_jpg.rf.57badf2e7bc3d1ae9cae9233f0e194e8.jpg,0,0,0,0,0,0,1
14-Back_jpg.rf.ef6b3c853f2e62eaeae189ce26598100.jpg,0,0,0,0,0,0,1
12-Left_jpg.rf.ad07058ece6ab75196bdc6562c02e824.jpg,0,0,0,1,0,0,0
15-Right_jpg.rf.4f24b1d7468de82ed2649742c9b0711f.jpg,0,0,0,0,0,0,1
10-Right_jpg.rf.9a2a750b368c5c34c6dcf287db881e91.jpg,0,0,0,0,1,0,0
12-Right_jpg.rf.bb1986d00e145e8bc7488073e19da8f4.jpg,0,0,0,0,0,0,1
11-Top-Down_jpg.rf.16fc8efba955728fd492acc8fba9c1e6.jpg,0,0,0,0,0,0,1
2-Top-Down_jpg.rf.0d33d89acb3ee12f1c5849829e3917b7.jpg,0,0,0,0,0,0,1
10-Top-Down_jpg.rf.cd5c3c34be640103b360caabcf4229c9.jpg,0,0,0,0,0,0,1
11-Back_jpg.rf.13713fcf42d129c56c0d5bcbee2ad7ca.jpg,0,0,0,0,0,0,1
11-Top-Down_jpg.rf.b056b79e54c90747a4b529f158f4b6ef.jpg,0,0,0,0,0,0,1
16-Right_jpg.rf.c25afc32b97fdd5c3871dd1b1ca81ec0.jpg,0,0,0,0,0,0,1
1710845178303_17108451601833133574875457877557_jpg.rf.7dd362651908310e765f978e9796de75.jpg,1,0,0,0,0,0,0
2-Right_jpg.rf.c4527ccc48a73f21e4a4b14965925e13.jpg,0,0,0,0,0,0,1
1-Top-Down_jpg.rf.2603a45f763c650981f884661b810fa3.jpg,0,0,0,0,0,0,1
1-Top-Down_jpg.rf.ca9a375351428bd92ff37da8b0830f84.jpg,0,0,0,0,0,0,1
11-Left_jpg.rf.372eb191945685aadaf65b69ce990534.jpg,0,0,0,0,0,0,1
1-Left_jpg.rf.4aed6c8e10552072901be103ba02ce17.jpg,0,0,0,0,0,0,1
10-Left_jpg.rf.c8f2b570d258561bf5672dfca87cc108.jpg,0,0,0,0,1,0,0
4-Back_jpg.rf.edfa7a201f9c4c0a8123e08fe8e2fd50.jpg,0,0,0,0,0,0,1
1-Left_jpg.rf.2ce9e232058a65c8cbaee6c292d4bf2f.jpg,1,0,0,0,0,0,0
12-Front_jpg.rf.ee7e7ac9b3c5f7b579840397b7c29ecd.jpg,0,0,1,0,0,0,0
1-Right_jpg.rf.1ba473de060b4407a1d13b9ed45df695.jpg,0,0,0,0,0,1,1
11-Left_jpg.rf.89f7c79581a05421b2a0d179c5334d61.jpg,0,0,0,0,0,0,1
12-Back_jpg.rf.5cb38bfb41063b0351b78ffd7d52a492.jpg,0,0,0,0,0,0,1
12-Back_jpg.rf.652265614f78337080c1d58bfc269aa5.jpg,0,0,0,0,0,0,1
3-Back_jpg.rf.fda9c476a3a3646a4f68cbbfe728c7c5.jpg,0,0,0,0,0,0,1
14-Right_jpg.rf.bbc176650cc632a5b9ac0c2862290000.jpg,0,0,0,0,0,0,1
14-Back_jpg.rf.93e0b15d9040085015aa5eabe83e2d5a.jpg,0,0,0,0,0,0,1
11-Front_jpg.rf.d41435b2a5ca517ae7bfd7723d0f20e8.jpg,0,0,0,0,1,0,0
1-Top-Down_jpg.rf.70c4e1ad244fa6538f06b62fe9abfe71.jpg,0,0,0,0,0,1,0
8-Front_jpg.rf.137fc9796370a1c9336d7b91992ec39a.jpg,0,0,0,0,0,0,1
13-Left_jpg.rf.d3f11a9f91f6ad583ed03d1bf4dc821d.jpg,0,0,0,0,0,0,1
12-Right_jpg.rf.48e2b5ef12ce13d03f61292f39734c13.jpg,0,0,0,1,0,0,0
14-Front_jpg.rf.bf2f213514684f5e04cd79961502971e.jpg,0,0,0,0,0,0,1
4-Right_jpg.rf.fbdf957fea6117c20c7101fb7245745a.jpg,0,0,0,0,0,0,1
17-Back_jpg.rf.7d7830cc88cc3fe1d6a0f3ef0867e6e6.jpg,0,0,0,0,0,0,1
11-Back_jpg.rf.40067364d51a09d2d6269c6c6c558474.jpg,0,0,0,1,0,0,0
11-Front_jpg.rf.acb017f4663499ff0dbeeb8d6ec1cfc7.jpg,0,0,0,0,1,0,0
3-Front_jpg.rf.39793e1f08850a0031b64421f38f34b2.jpg,0,0,0,0,0,0,1
4-Left_jpg.rf.fcbd4d826d24ff9447c3e4148e6cdb59.jpg,0,0,0,0,0,0,1
12-Right_jpg.rf.e0b427a6270b325989a96651cf9f77d5.jpg,0,0,0,1,0,0,0
10-Front_jpg.rf.c4c0aa57dac536a17fabae8d62aed76c.jpg,0,0,0,0,0,1,0
5-Front_jpg.rf.78ce97900083822d14bf531b48ce7c3c.jpg,0,0,0,0,0,0,1
11-Right_jpg.rf.8593d2a71d5955b63015b5e6ca32b9e9.jpg,0,0,0,0,0,0,1
2-Front_jpg.rf.96abeced58357d73d15e2d0428f531d4.jpg,0,0,0,0,0,0,1
13-Front_jpg.rf.e425f5aee0b9671c7883d8e3236743d2.jpg,0,0,0,1,0,0,0
7-Top-Down_jpg.rf.a9f272984d4383ae37fef7a7e51e08ca.jpg,0,0,0,0,0,0,1
11-Left_jpg.rf.48250ed52c8035db3d88493886bdbb8a.jpg,0,0,0,1,0,0,0
6-Right_jpg.rf.6746951cb31f73b972e8cd4d84f0b71c.jpg,0,0,0,0,0,0,1
1-Right_jpg.rf.7c08a36f8d358f19022e15dc1be12dc6.jpg,0,0,0,0,0,0,1
12-Top-Down_jpg.rf.52d9fb5e8e9709d212cf5b0a631eae12.jpg,0,0,0,0,0,1,0
11-Back_jpg.rf.55a4997334f8153a389bcdc605c106e8.jpg,0,0,0,0,0,0,1
11-Back_jpg.rf.2e5db45df417f06966ec107c80d5770d.jpg,0,0,0,1,0,0,0
2-Right_jpg.rf.4a4485f233e6558ada8afd5999e9afe2.jpg,0,0,0,0,0,0,1
1-Left_jpg.rf.28e5b97f4c68bf50c222f2579e89a165.jpg,1,0,0,0,0,0,0
20230607_085214_jpg.rf.d955143cdbb4787a76fdfc41fb0c49a6.jpg,1,0,0,0,0,0,0
6-Left_jpg.rf.3738506fc52cc31bba9ee6ed394691ca.jpg,0,0,0,0,0,0,1
7-Back_jpg.rf.aee13317b64a806dd0cc022761177a4d.jpg,0,0,0,0,0,0,1
1-Back_jpg.rf.06abcc9caaec51d6641f5d9245e23bec.jpg,0,0,0,0,0,0,1
7-Left_jpg.rf.e40325b31a548150d0efe155d1d5caae.jpg,0,0,0,0,0,0,1
17-Left_jpg.rf.2160b1e3f9a767a93742cae74f7b5bae.jpg,0,0,0,0,0,0,1
13-Front_jpg.rf.3ba09fae54eb97bd609a44d034965db7.jpg,0,0,0,0,0,0,1
17-Front_jpg.rf.a14bbbb361da42e167683d5b06a0b652.jpg,0,0,0,0,0,0,1
6-Top-Down_jpg.rf.64c7addd50fa98d9b67b6e135ade49d2.jpg,0,0,0,0,0,0,1
3-Left_jpg.rf.749e6e7ade24ba035c907cb74cf700e7.jpg,0,0,0,0,0,0,1
6-Back_jpg.rf.625df62c2e58e05f5a05534d66c914ea.jpg,0,0,0,0,0,0,1
7-Front_jpg.rf.11192014cb21bce60305db0b1bd39208.jpg,0,0,0,0,0,0,1
12-Left_jpg.rf.175b50a2c94577c31a487f32306ee9e9.jpg,0,0,0,1,0,0,0
12-Top-Down_jpg.rf.562539972aadf79ab9da1926afc7536b.jpg,0,0,0,0,0,0,1
13-Left_jpg.rf.58f6323f98344731f4a942080a3106bc.jpg,0,0,0,0,0,0,1
3-Top-Down_jpg.rf.314580dd7132b4acf317288f041a350d.jpg,0,0,0,0,0,0,1
8-Back_jpg.rf.4e4c54f76b3bc826aaa13ea0d0876acc.jpg,0,0,0,0,0,0,1
11-Top-Down_jpg.rf.4729b417b20d154365f53fe7fe517f4d.jpg,0,0,0,0,0,0,1
5-Top-Down_jpg.rf.90c115d78286457c8a5c14b86ba5b63f.jpg,0,0,0,0,0,0,1
3-Front_jpg.rf.250c8b3da9147bc9288d3cabca9400eb.jpg,0,0,0,0,0,0,1
27-Top-Down_jpg.rf.bcda6b2d640e1bd31ce5cd785f43e48c.jpg,0,0,0,0,0,1,0
18-Right_jpg.rf.0017ffb22bc20a7240bbc76ec4ffc125.jpg,0,1,0,0,0,0,0
18-Top-Down_jpg.rf.0159e7be67dc1298038bec09d5f54ae8.jpg,0,1,0,0,0,0,0
18-Top-Down_jpg.rf.fc76e162a63205478f28f2c49da4ea90.jpg,0,0,0,0,1,0,0
29-Front_jpg.rf.ef75914fada245ef37a6918bdba0c8a7.jpg,0,0,0,0,0,1,0
28-Left_jpg.rf.4b2fa559d61e78d8e8bda2eee1550e93.jpg,0,0,0,0,0,1,0
29-Right_jpg.rf.fd4ce61d78b330278ae941fe3e4bb996.jpg,0,0,0,0,0,1,0
22-Right_jpg.rf.931a15807eb42b034797be5186be6821.jpg,0,0,0,0,0,1,0
5-Top-Down_jpg.rf.ee78445efbd19eb785c794de4f9ecad5.jpg,0,0,0,0,0,1,0
19-Back_jpg.rf.1dd001061070fa3f0dc8f864ee36361b.jpg,0,0,0,0,0,0,1
30-Left_jpg.rf.b2140523e5e9d64e84c5ac2dddc0a4c5.jpg,0,0,0,0,0,1,0
5-Back_jpg.rf.396e0954ed47585b5b40cf2931af191b.jpg,0,0,0,0,0,1,0
30-Top-Down_jpg.rf.5777b9d757361a4dfefd05e624e4be5e.jpg,0,0,0,0,0,1,0
4-Top-Down_jpg.rf.a7ab4da0a8eff87b0d312a1bf7f7a5da.jpg,0,0,0,0,0,1,0
20-Top-Down_jpg.rf.d5a8ab3d1a4434356d2adfcaf751f88f.jpg,0,0,0,0,0,1,0
22-Back_jpg.rf.003dbc12d7c22242524c70a1fafa26e2.jpg,0,0,0,0,0,1,0
20-Top-Down_jpg.rf.2f125df8077c4e321e42275ad7ae28aa.jpg,0,0,0,0,0,1,0
21-Back_jpg.rf.13321f8ce1e11c3a9574b7a4d27fb9d0.jpg,0,0,0,0,0,1,0
2-Left_jpg.rf.663ced16aae0d92079246583d116c1cf.jpg,0,1,0,0,0,0,0
28-Right_jpg.rf.14671b5fef5814db8472da5c3229a190.jpg,0,0,0,0,0,1,0
26-Back_jpg.rf.6ab3211ab0829c703636d17d2ffc9153.jpg,0,0,0,0,0,1,0
29-Left_jpg.rf.a794a891fdf015fd4c7cee5205b9c6a6.jpg,0,0,0,0,0,1,0
MM-prod-doctorImg-6db195304853_jpg.rf.6486252bced3e7d3caf6e7cb3a0158be.jpg,1,0,0,0,0,0,0
18-Back_jpg.rf.577c6fb10c26374ba953a1e208c883d8.jpg,1,0,0,0,0,0,0
MM-prod-doctorImg-6db195304853_jpg.rf.08898bfbbd22b88ef2380e3a0f7d1379.jpg,1,0,0,0,0,0,0
16-Right_jpg.rf.eae825f1860ae0260073f706732feaa7.jpg,0,0,0,0,1,0,0
25-Back_jpg.rf.394a06c5d5430e0ba7acb4c630915e64.jpg,0,0,0,0,0,1,0
4-Left_jpg.rf.e5bf9b154a839c2e5f1b2a1fb9d38906.jpg,0,0,0,0,0,1,0
19-Left_jpg.rf.5e05bb9e767b364120ad01b032d91342.jpg,1,1,0,0,0,0,0
18-Back_jpg.rf.70686cd5a7fa0b3833ece661611547c8.jpg,0,0,0,0,0,0,1
25-Front_jpg.rf.b727b2ae7f86f3412559a6553f46a5c8.jpg,0,0,0,0,0,1,0
5-Front_jpg.rf.3abd80b2995fa4701159d094324fcf88.jpg,0,0,0,0,0,1,0
19-Front_jpg.rf.b376be8b7f2a8aee62e6cc3008e44ac2.jpg,0,0,0,0,0,0,1
18-Left_jpg.rf.ff99a512653f555bbda74f60a17df9ce.jpg,0,0,0,0,0,0,1
17-Top-Down_jpg.rf.fdcc68f282583623e417df27d4d35a95.jpg,0,0,0,1,0,0,0
19-Front_jpg.rf.5f746db57bbb2995abfaff08eedc6d55.jpg,0,0,0,0,0,0,1
21-Front_jpg.rf.1c7e5b3d4b42fdb04cb945e8523877d2.jpg,0,0,0,0,0,1,0
25-Left_jpg.rf.f6b925fb249263d08795f444e0117997.jpg,0,0,0,0,0,1,0
17-Right_jpg.rf.7518f1bcc8436244c6e4a2620acbaf25.jpg,0,0,1,0,0,0,0
27-Front_jpg.rf.11e4353d5e65acdd65ffc62e86d86953.jpg,0,0,0,0,0,1,0
18-Left_jpg.rf.717eb8a3d7438852468848e7378a8d51.jpg,0,0,0,0,1,0,0
17-Back_jpg.rf.f471dcd25f24e50360699dc301de961c.jpg,0,0,0,0,0,0,1
18-Front_jpg.rf.ba9a4b841c5a9cd71ccbeb4b1ea74971.jpg,0,0,0,0,1,0,0
1-Back_jpg.rf.f7326bdfe246ea1bea6c42e3656ddb3f.jpg,0,0,0,0,1,0,0
18-Front_jpg.rf.62ec6500967bb84eb436b89d14954f7d.jpg,0,1,0,0,0,0,0
16-Top-Down_jpg.rf.bfcbd53468f80c5471fc3f91a13b5729.jpg,0,0,0,0,0,0,1
28-Front_jpg.rf.680ac290a7f8ecbb161ca4ab248143a6.jpg,0,0,0,0,0,1,0
25-Top-Down_jpg.rf.ea2c92b3687ec046a56bfa378c4c046a.jpg,0,0,0,0,0,1,0
21-Left_jpg.rf.2088aa3e49ece66ceeba166d2371fbb8.jpg,0,0,0,0,0,1,0
17-Right_jpg.rf.9ca18249f96cc6dce9749756866ff0c6.jpg,0,0,0,0,0,0,1
18-Top-Down_jpg.rf.5627d06379c9d7c5102e784d5a3471d1.jpg,0,0,0,0,0,0,1
11-Back_jpg.rf.9e032e679e4b53234870a0d6bda75600.jpg,0,0,0,0,1,0,0
26-Right_jpg.rf.338a941946c9ff9b2b9a61caab09f397.jpg,0,0,0,0,0,1,0
17-Left_jpg.rf.3f9a6f1167c9abbeb564afab6510cfc1.jpg,0,0,0,0,0,0,1
19-Right_jpg.rf.ea2a132e073af060c1d8d59d3f43228d.jpg,0,0,0,0,0,1,0
29-Front_jpg.rf.c20385b31d2c4f32754dbcfae9320b65.jpg,0,0,0,0,0,1,0
26-Left_jpg.rf.57ddaae684183d58c199f92266804b09.jpg,0,0,0,0,0,1,0
18-Right_jpg.rf.c0f9cbedfe9e4021c9103707df3f994d.jpg,0,1,0,0,0,0,0
19-Right_jpg.rf.24fe1b31bcd19afce988625cdf22ccfc.jpg,1,0,0,0,0,0,0
23-Front_jpg.rf.71bd3a9a9c641ad7bcb2d00877e9008d.jpg,0,0,0,0,0,1,0
1_480x480_webp.rf.4518bc06c467dadfc0511ef824613a84.jpg,1,0,0,0,0,0,0
29-Back_jpg.rf.33e3621768d7ac6e4cfec78d6a01a368.jpg,0,0,0,0,0,1,0
27-Back_jpg.rf.85cd4163ec384c358bd2a2a122cf1d80.jpg,0,0,0,0,0,1,0
18-Top-Down_jpg.rf.a7eb852d9fb1e9e6d495143908fde11a.jpg,0,1,0,0,0,0,0
18-Right_jpg.rf.d61c567ba98a9790aa8641a562b62b1e.jpg,0,1,0,0,0,0,0
24-Top-Down_jpg.rf.8cc99a3349d44849709a6d163b70e05b.jpg,0,0,0,0,0,1,0
29-Left_jpg.rf.46660548847c15c63420265ec04b795c.jpg,0,0,0,0,0,1,0
18-Right_jpg.rf.99e3c366b81e9b9fc5af9935878e4f5c.jpg,0,0,0,0,0,0,1
17-Left_jpg.rf.c244d4a155dc42944381d8c696f0738d.jpg,0,1,0,0,0,0,0
5-Front_jpg.rf.26d15d63ecd6c4b85d7be9cf6bc8b6cf.jpg,0,0,0,0,0,1,0
30-Front_jpg.rf.2329bf240622e156a66015df003bc8b9.jpg,0,0,0,0,0,1,0
17-Left_jpg.rf.2ddc8ade8d50fe267c71d5646bd0ddb2.jpg,0,0,0,0,1,0,0
27-Top-Down_jpg.rf.6d4a4be2fb09fe87dc0ebbe466379692.jpg,0,0,0,0,0,1,0
5-Right_jpg.rf.1cf953b3a61d4d1e64ced5dc07e6ee40.jpg,0,0,0,0,0,1,0
29-Top-Down_jpg.rf.4d3119a4407fe747acbef22397690664.jpg,0,0,0,0,0,1,0
17-Back_jpg.rf.ce15c14a1e2c70a6db895376d6a8176a.jpg,0,0,0,0,0,0,1
19-Right_jpg.rf.9e90d8cab4c6b0139df2da39234f4d46.jpg,1,0,0,0,0,0,0
18-Right_jpg.rf.66c9db3488ba74ca1820642edca37705.jpg,0,0,0,0,1,0,0
28-Top-Down_jpg.rf.357b778bfaeb6738c207b059d2f679ed.jpg,0,0,0,0,0,1,0
18-Top-Down_jpg.rf.5b6630eb645d2b2197fda67fec202167.jpg,0,0,0,0,1,0,0
30-Front_jpg.rf.7ae56e0b4b979264c90142079ccf4936.jpg,0,0,0,0,0,1,0
21-Left_jpg.rf.1d8bdd287c49e1b10749435cded983ae.jpg,0,0,0,0,0,1,0
28-Left_jpg.rf.9fadd7af392ac0dcf35d4183199b740f.jpg,0,0,0,0,0,1,0
29-Right_jpg.rf.5630b428e37c700aa5f07dc3908e6ea0.jpg,0,0,0,0,0,1,0
27-Left_jpg.rf.adb542abb5737acb3db489c221f7e65c.jpg,0,0,0,0,0,1,0
30-Left_jpg.rf.b901a7eff5b461433b4585696d425b78.jpg,0,0,0,0,0,1,0
11-Back_jpg.rf.94cdfae86d9c44d1e36c69ce539c7fd6.jpg,0,0,0,0,1,0,0
18-Left_jpg.rf.3a252e556fc64a5fce72e13253c1db26.jpg,0,0,0,0,0,0,1
19-Front_jpg.rf.752eacb9006c2f7429d63ece558f1b9d.jpg,0,0,0,0,0,0,1
2-Left_jpg.rf.cb5338f76f98a4614b500cf33cba9a66.jpg,0,1,0,0,0,0,0
4-Front_jpg.rf.e3e581858fac7ac9ade28e806405664f.jpg,0,0,0,0,0,1,0
18-Left_jpg.rf.d664e8c312e61cd9334b87792e343547.jpg,0,0,1,0,0,0,0
16-Top-Down_jpg.rf.e4b3e4f106cce422a0eb342b67257068.jpg,0,0,0,0,0,1,0
30-Top-Down_jpg.rf.c34967368123839e11b68141790a2fc2.jpg,0,0,0,0,0,1,0
23-Top-Down_jpg.rf.e3a4649769a774be009828c6af809b2a.jpg,0,0,0,0,0,1,0
17-Front_jpg.rf.e18815cb269192f66d94a255565e5934.jpg,0,0,0,0,0,0,1
4-Left_jpg.rf.62d2931041af4e8e57a7d58ea81180fa.jpg,0,0,0,0,0,1,0
4-Front_jpg.rf.aee0adac2f28961a8749afe5f8806e7c.jpg,0,0,0,0,0,1,0
18-Right_jpg.rf.5aa7cbb1b59cba59f98f662e9e4934b2.jpg,0,0,0,0,1,0,0
27-Right_jpg.rf.77c26bebccc26e486300c86947821965.jpg,0,0,0,0,0,1,0
28-Front_jpg.rf.6cbce1c9ad3b9795e774a5452df0306e.jpg,0,0,0,0,0,1,0
22-Right_jpg.rf.18f47c76249aecd213017f2d47d29224.jpg,0,0,0,0,0,1,0
16-Top-Down_jpg.rf.26af6a360a486a1441f36b9679a217fa.jpg,0,0,0,0,0,1,0
22-Back_jpg.rf.eddc2d61169885b5d626f2546893e8e1.jpg,0,0,0,0,0,1,0
22-Top-Down_jpg.rf.814057cce0d91e82450e14fa6b67e8c5.jpg,0,0,0,0,0,1,0
19-Left_jpg.rf.2fd68756349ce11ae9370f79606c4ad8.jpg,0,0,0,0,0,0,1
18-Top-Down_jpg.rf.f72aca4c3560b42664d516b3225ed2b9.jpg,0,0,0,0,0,0,1
18-Right_jpg.rf.654a2e468069b26dccae8cf1318230c0.jpg,0,0,0,0,0,0,1
4-Right_jpg.rf.cc9411aed6ed18e080360b05ffa75fbe.jpg,0,0,0,0,0,1,0
19-Left_jpg.rf.37b77261e5a4500d2b4ae605ce5e6035.jpg,1,1,0,0,0,0,0
1-Back_jpg.rf.8d6b0b9cfdffff9c47eb9827c6c7903d.jpg,0,0,0,0,1,0,0
MM-prod-doctorImg-6db195304853_jpg.rf.de5c50523aa3399bc66fb1c836bc29aa.jpg,1,0,0,0,0,0,0
2-Front_jpg.rf.5df560e8f42374c6619f363534aca3f8.jpg,0,0,0,1,0,0,0
5-Right_jpg.rf.39f974dd4062172a3c4dd00622fb7bc3.jpg,0,0,0,0,0,1,0
28-Top-Down_jpg.rf.8d278bb01fda18de55ed3550acb0f161.jpg,0,0,0,0,0,1,0
17-Back_jpg.rf.76618c8c0c5610d1843b67c2274d3bc7.jpg,0,0,0,0,0,0,1
5-Top-Down_jpg.rf.b293ed383d7f25c3651da81a1708333e.jpg,0,0,0,0,0,1,0
17-Front_jpg.rf.853923d95c994e62df33d4d8f7ec7d66.jpg,0,0,0,0,0,0,1
19-Front_jpg.rf.70c3ce857cb73f13b292356e8c22145b.jpg,1,0,0,0,0,0,0
19-Top-Down_jpg.rf.0f16b4a935d69b76182d9e1c9cb099ba.jpg,0,0,0,0,0,0,1
4-Top-Down_jpg.rf.0519ea1b495b88b5cb66704ebd29566a.jpg,0,0,0,0,0,1,0
2-Left_jpg.rf.124afa20a3469714fde6bb74d0a0b3dc.jpg,0,0,0,0,0,0,1
17-Back_jpg.rf.9cfb543d6e16e11113ea2d2bfe308b5a.jpg,0,0,0,0,0,0,1
19-Back_jpg.rf.e8cf74455a71bce9fe8cb01b52b8471e.jpg,0,0,0,0,0,0,1
19-Right_jpg.rf.8f986d7f0ecd68d2d28e3eab8db5a3d2.jpg,0,0,0,0,0,1,0
2-Front_jpg.rf.03d52381d7b2837b238506073f0d1a79.jpg,0,0,0,0,0,0,1
27-Top-Down_jpg.rf.3fd771ce2738a593989a415a921d19c1.jpg,0,0,0,0,0,1,0
2-Back_jpg.rf.5e53d565c4989ecc9acb022a2c96d0ca.jpg,0,0,0,0,0,1,0
29-Left_jpg.rf.14590ede1be3ca1524076dbf3c4f604e.jpg,0,0,0,0,0,1,0
11-Front_jpg.rf.163a93bd0893897dbaa68796d1988972.jpg,0,0,0,0,1,0,0
5-Back_jpg.rf.a9c37211c53db7a4a32e9bcb16cad2d1.jpg,0,0,0,0,0,1,0
17-Front_jpg.rf.3972cbb94d3e050f1ef294085286923c.jpg,0,0,0,0,1,0,0
28-Right_jpg.rf.d704db6f91bed078882993dfad6dcfc9.jpg,0,0,0,0,0,1,0
1-Right_jpg.rf.9b5a53913db333d8d124e0b65fcc0de0.jpg,0,0,0,0,1,0,0
23-Front_jpg.rf.4089b212da914206f394089ea0127f1f.jpg,0,0,0,0,0,1,0
20-Top-Down_jpg.rf.3e9bfe17d3b260fa3c79b12b49ce4f8b.jpg,0,0,0,0,0,1,0
18-Top-Down_jpg.rf.956f0824faf417cc7ec22fedf3c4c6b7.jpg,0,1,0,0,0,0,0
18-Top-Down_jpg.rf.10107046a4de70e8bf515b6a04ab836a.jpg,0,0,0,0,1,0,0
2-Right_jpg.rf.f5ae9ae0a330c92e657cd16c8aaeea7d.jpg,0,1,0,0,0,0,0
23-Back_jpg.rf.6a31b0a3cb06e727b64b861dae41983f.jpg,0,0,0,0,0,1,0
25-Back_jpg.rf.f8c14d4e5149beb7366b48f2022e2d02.jpg,0,0,0,0,0,1,0
29-Right_jpg.rf.355e581638c807e6dd0cf8d789295f33.jpg,0,0,0,0,0,1,0
21-Back_jpg.rf.883b97efe98f5dfe16424de1296855b3.jpg,0,0,0,0,0,1,0
18-Left_jpg.rf.5111615bbcb4f2eede8c60650a80d9b0.jpg,0,0,1,0,0,0,0
29-Back_jpg.rf.67ea32c708b608c0fc2063de3cce70c5.jpg,0,0,0,0,0,1,0
17-Left_jpg.rf.f84f941da35419930bf5725b8a495bc9.jpg,0,0,0,0,1,0,0
23-Top-Down_jpg.rf.a82660857d9f248e96abd2685983c74f.jpg,0,0,0,0,0,1,0
17-Left_jpg.rf.f12b8cf646b99fe51d9bc7a57f97c3ce.jpg,0,0,0,0,0,0,1
16-Right_jpg.rf.e3c742416f1fe57b8d4107dfeb6b7849.jpg,0,0,0,0,1,0,0
29-Top-Down_jpg.rf.78bc6eb01f2dfd4e9f4027957da8e1a3.jpg,0,0,0,0,0,1,0
21-Front_jpg.rf.5fd4fff1a546eb2a8d4218e9f29f6fe0.jpg,0,0,0,0,0,1,0
29-Front_jpg.rf.8557c4c37db6a5f35158db46e10c09db.jpg,0,0,0,0,0,1,0
17-Right_jpg.rf.652c2ac95ddc7c4b6177559a1fd39811.jpg,0,0,1,0,0,0,0
11-Top-Down_jpg.rf.a8a61580c41547b235895f74d1be3c0d.jpg,0,0,0,0,1,0,0
17-Left_jpg.rf.251afaee221553d5d255ca0658c4c8d4.jpg,0,1,0,0,0,0,0
2-Right_jpg.rf.c89b3086bb2f69b7a1c939075f10946e.jpg,0,0,0,0,1,0,0
11-Right_jpg.rf.65f055498281e64cb7181c5e29ed2e65.jpg,0,0,0,0,1,0,0
1-Left_jpg.rf.434fdad54c459f3530a2871dcdd9c1d6.jpg,0,0,0,0,1,0,0
27-Left_jpg.rf.b24107f617362cd06efde7fe7799b582.jpg,0,0,0,0,0,1,0
19-Back_jpg.rf.3a97957e4ab4d60932561ae92d4d8d7c.jpg,0,0,0,0,0,0,1
1_480x480_webp.rf.9888f6c5ae0860967fdadafe78899e77.jpg,1,0,0,0,0,0,0
10-Left_jpg.rf.ffea5a2d7fe6007a90a441ec4dc735b0.jpg,0,0,0,0,1,0,0
11-Left_jpg.rf.94f321995cf7b3b262456bfbf45a7565.jpg,0,0,0,0,1,0,0
24-Top-Down_jpg.rf.537cc9266ce429c766887fb0dafcdc19.jpg,0,0,0,0,0,1,0
5-Back_jpg.rf.6ed8d55c0cc10aa7f9b1c26f2ac2e7f1.jpg,0,0,0,0,0,1,0
25-Front_jpg.rf.e5e12cbc62dc95a719217500c3d419ec.jpg,0,0,0,0,0,1,0
28-Left_jpg.rf.83ff2bae7c9048f1af9bf70a2d8465f0.jpg,0,0,0,0,0,1,0
2-Right_jpg.rf.ed342aeb026223a55c59a3d4f27b4b10.jpg,0,0,0,0,0,0,1
28-Front_jpg.rf.5a6a18abad6ebc5c3a12898bb61f608e.jpg,0,0,0,0,0,1,0
28-Right_jpg.rf.ce0a812eb2d06e5fa780b278e7098818.jpg,0,0,0,0,0,1,0
18-Right_jpg.rf.30658f4470649311d9d89c6d7ea1ec52.jpg,0,0,0,0,0,0,1
17-Right_jpg.rf.f90362b2d6e8f77aa8c7f345e232610e.jpg,0,0,0,0,0,0,1
16-Top-Down_jpg.rf.c6d39114b7b0b340836ccc407544fe32.jpg,0,0,0,0,0,0,1
30-Front_jpg.rf.f585dcf0ed28c086115991ed64b12d67.jpg,0,0,0,0,0,1,0
26-Back_jpg.rf.c0b9da4091dd6e899c8304eaa9f9feac.jpg,0,0,0,0,0,1,0
26-Right_jpg.rf.00660bdc4d29cc18cb6946653209bc8a.jpg,0,0,0,0,0,1,0
18-Top-Down_jpg.rf.de9c792915a39b4ed6664198520c0d8c.jpg,0,0,0,0,0,0,1
18-Front_jpg.rf.ca7e8874bd2fe34022a2ab0f6fa68005.jpg,0,0,0,0,1,0,0
12-Left_jpg.rf.233170072ebe1eaec29213911505a8d3.jpg,0,0,0,0,1,0,0
27-Back_jpg.rf.64ce1e8f3eae2d2ed9505ca1ac97b2eb.jpg,0,0,0,0,0,1,0
4-Right_jpg.rf.827a920c6f4041641f6c0922abb0554a.jpg,0,0,0,0,0,1,0
28-Top-Down_jpg.rf.f2c478b86b0d230953e3b1f97a8f3062.jpg,0,0,0,0,0,1,0
17-Top-Down_jpg.rf.ec83117d9255f6b227877097dcda550e.jpg,0,0,0,1,0,0,0
30-Left_jpg.rf.fddbddc32adf38c8e70804041f3d27e3.jpg,0,0,0,0,0,1,0
12-Back_jpg.rf.0a7b931b47bcdf63350af0dad25dd546.jpg,0,0,0,0,1,0,0
26-Left_jpg.rf.0965f9add8ab971609b870d493f32d6c.jpg,0,0,0,0,0,1,0
27-Right_jpg.rf.c5fbfcddae28d06a102bfb5917c141c7.jpg,0,0,0,0,0,1,0
18-Front_jpg.rf.45d18b14f13dd0d3ebd2743b6d231dbc.jpg,0,1,0,0,0,0,0
27-Front_jpg.rf.7646bfb8faff848327d92b7c8f70f47a.jpg,0,0,0,0,0,1,0
29-Back_jpg.rf.694f0c259b4cea966dea57729f8a6fac.jpg,0,0,0,0,0,1,0
25-Top-Down_jpg.rf.ad8536680ebbe4ab0fe7d72c57e3460c.jpg,0,0,0,0,0,1,0
18-Left_jpg.rf.5ad1945b8f1d75b5e2fca9098d6dd87a.jpg,0,0,0,0,1,0,0
4-Top-Down_jpg.rf.75a4a52d9a943aef90bf5561617ce7f5.jpg,0,0,0,0,0,1,0
22-Right_jpg.rf.0f96b5b9c576b578e1f15a90f12a5bc8.jpg,0,0,0,0,0,1,0
18-Right_jpg.rf.67994c9e68944cda476d0dd37aa191e0.jpg,0,0,0,0,1,0,0
18-Front_jpg.rf.8e53683d332e3c17000f269dbfc546a6.jpg,0,0,0,0,1,0,0
19-Front_jpg.rf.32cab33a3edab062b9abaaee720fe11a.jpg,0,0,0,0,0,0,1
18-Front_jpg.rf.f5d5212a69f8873da67e5e982f30ff6a.jpg,0,1,0,0,0,0,0
19-Right_jpg.rf.edc789bf026d79c2ce901c6447936899.jpg,1,0,0,0,0,0,0
18-Back_jpg.rf.bad3aa108078774c699b7e9318908cd4.jpg,0,0,0,0,0,0,1
4-Front_jpg.rf.d02ce151b3300206cd233ae2232e0f74.jpg,0,0,0,0,0,1,0
19-Left_jpg.rf.1745a62d86af6082dfa343fab4819937.jpg,0,0,0,0,0,0,1
30-Top-Down_jpg.rf.a5d46bb8d7da8930d1a041eb2fa76c48.jpg,0,0,0,0,0,1,0
17-Top-Down_jpg.rf.f0f29b43f74f4c0a9e542ab103ca7b95.jpg,0,0,0,1,0,0,0
5-Top-Down_jpg.rf.617c4cee4cf7761fb1f69f112578b443.jpg,0,0,0,0,0,1,0
26-Left_jpg.rf.872445091119f44fa07e72123bc755f5.jpg,0,0,0,0,0,1,0
5-Right_jpg.rf.1e3a3ff65fc6daeffa2fff89d0f3fb25.jpg,0,0,0,0,0,1,0
25-Front_jpg.rf.aa1368f65f53b072078f9056ef708826.jpg,0,0,0,0,0,1,0
25-Top-Down_jpg.rf.213ea2fe4b01e6d8b3e45a953a488558.jpg,0,0,0,0,0,1,0
18-Back_jpg.rf.b7760768619a8fe2b689d950f3407a49.jpg,1,0,0,0,0,0,0
18-Left_jpg.rf.6aafac404a3adefcad01f12ce0161866.jpg,0,0,0,0,0,0,1
18-Back_jpg.rf.bccc41ba1b458a7cc3fb9b96a7550ab8.jpg,1,0,0,0,0,0,0
5-Front_jpg.rf.6a00d9cef15b191bb58c0810a23dfb0f.jpg,0,0,0,0,0,1,0
19-Right_jpg.rf.affecbd24d95db46dffa6e7d710c94b2.jpg,0,0,0,0,0,1,0
25-Left_jpg.rf.5239bfd02de8719b7c541bee6b793068.jpg,0,0,0,0,0,1,0
27-Back_jpg.rf.f3409f68a0b212b4d5a120158721bff2.jpg,0,0,0,0,0,1,0
17-Back_jpg.rf.99405eea3e6f84326dc8671c898d4fb0.jpg,0,0,0,0,0,0,1
17-Back_jpg.rf.ccbacffc498b71a9c303d345833adc97.jpg,0,0,0,0,0,0,1
18-Left_jpg.rf.ef6b6c4842f7906db7cbd0ec0c688701.jpg,0,0,1,0,0,0,0
4-Left_jpg.rf.c563e61e23efdf3558b6f08774931edf.jpg,0,0,0,0,0,1,0
26-Back_jpg.rf.505f6f331850006b74b13e6d75d6fc76.jpg,0,0,0,0,0,1,0
27-Left_jpg.rf.b8531cb02a1c687f20530476b8651c40.jpg,0,0,0,0,0,1,0
19-Left_jpg.rf.b4b8bc242da3b56b3759cedefc757868.jpg,1,1,0,0,0,0,0
27-Front_jpg.rf.9075b5b884ac2741a77dcf84ead19291.jpg,0,0,0,0,0,1,0
27-Right_jpg.rf.facb7773194783f29282b65dc8ced713.jpg,0,0,0,0,0,1,0
25-Left_jpg.rf.0494f4de7cc3ff2cd91d5658c1658e8a.jpg,0,0,0,0,0,1,0
22-Top-Down_jpg.rf.d4af12b1ca7465af84d1f98b39d8540f.jpg,0,0,0,0,0,1,0
11-Left_jpg.rf.7825baef35b6e8137b7a539cf2161b03.jpg,0,0,0,0,1,0,0
16-Top-Down_jpg.rf.dee5b18eed80fa8a96d0ac95aab46439.jpg,0,0,0,0,0,1,0
18-Left_jpg.rf.53df4608073103541a9504c498dc4f22.jpg,0,0,0,0,1,0,0
22-Back_jpg.rf.1c3c6d9e4863bb7f98915390a1c8f7ed.jpg,0,0,0,0,0,1,0
18-Right_jpg.rf.0ac1af97e8aaffe2a4ef3638a06b12c3.jpg,0,1,0,0,0,0,0
19-Front_jpg.rf.0705b1e43561b62fec8b964315b653eb.jpg,1,0,0,0,0,0,0
2-Front_jpg.rf.27ac2873b98790abcf43cf2779e15997.jpg,0,0,0,0,0,0,1
1-Back_jpg.rf.ec96ad5b95e2b89e7fa957bef4d06642.jpg,0,0,0,0,1,0,0
23-Front_jpg.rf.aa551005da4c6e81e2c450ead60c36ae.jpg,0,0,0,0,0,1,0
19-Top-Down_jpg.rf.24ca1758bd918c573207945aa01de032.jpg,0,0,0,0,0,0,1
26-Right_jpg.rf.512e36389745c91175be5542beb9435d.jpg,0,0,0,0,0,1,0
17-Front_jpg.rf.b2390a2835ad82e684e956ce43cd546a.jpg,0,0,0,0,0,0,1
2-Back_jpg.rf.385cdde6c9d99c9c487c70284d9f2c2b.jpg,0,0,0,0,0,1,0
1-Left_jpg.rf.3cde15837555458b2b33040cb09cb0c8.jpg,0,0,0,0,1,0,0
18-Back_jpg.rf.4189005273dc1db4ce89d1028f001c53.jpg,0,0,0,0,0,0,1
2-Front_jpg.rf.19929fd960dbf448c1653885199f7df5.jpg,0,0,0,1,0,0,0
19-Front_jpg.rf.bdeaa3342abefe337ca4e2150cd27954.jpg,0,0,0,0,0,0,1
17-Front_jpg.rf.3cff22d47abcc0670879db6d9d012a73.jpg,0,0,0,0,1,0,0
30-Top-Down_jpg.rf.9bc37369cb6b7d60aea83c054d065fc8.jpg,0,0,0,0,0,1,0
17-Left_jpg.rf.54c1bfb93b9ae8cb384d841f7f2dee18.jpg,0,1,0,0,0,0,0
18-Top-Down_jpg.rf.d085680773e4f51f82c1bdd17c2a835f.jpg,0,0,0,0,0,0,1
17-Left_jpg.rf.1837bf4d34b2ce3748fe77cf5dac111f.jpg,0,0,0,0,1,0,0
1-Right_jpg.rf.603f16e16a729aa9167aefd840a7061f.jpg,0,0,0,0,1,0,0
30-Front_jpg.rf.9b955b5ddc24cc5fb141eecfb1137dec.jpg,0,0,0,0,0,1,0
10-Left_jpg.rf.787174533d03ac0f9289c799fddf0158.jpg,0,0,0,0,1,0,0
30-Left_jpg.rf.18b8baaedf142bf7cd0fbbdcba4768a9.jpg,0,0,0,0,0,1,0
4-Left_jpg.rf.3858854392b541ead038a8f2059e9c07.jpg,0,0,0,0,0,1,0
4-Front_jpg.rf.4c82b7a62c907b15cd518bca32046443.jpg,0,0,0,0,0,1,0
1_480x480_webp.rf.530b4a5a2940b4907d9681f332d95731.jpg,1,0,0,0,0,0,0
19-Left_jpg.rf.5adf8b8649900a8d842dd1a54e82a8c9.jpg,0,0,0,0,0,0,1
19-Back_jpg.rf.e28a9a14f115e7e1178bd8c36dbeacab.jpg,0,0,0,0,0,0,1
2-Left_jpg.rf.a14c759297ef06ca59278a72288f8ea3.jpg,0,1,0,0,0,0,0
2-Left_jpg.rf.02b0106b4f593eeecda8e38768828f1a.jpg,0,0,0,0,0,0,1
11-Right_jpg.rf.bd9d09b3ea2a8c400d2909cb5190ec81.jpg,0,0,0,0,1,0,0
11-Front_jpg.rf.65ab84db15262ece91f0a2df3811acaa.jpg,0,0,0,0,1,0,0
17-Right_jpg.rf.5a4de981c1d61428ee1eb7ffb274859d.jpg,0,0,0,0,0,0,1
2-Right_jpg.rf.95e39ba234311eaaac7196fff6e16113.jpg,0,1,0,0,0,0,0
4-Top-Down_jpg.rf.fdd0851a5e2a76e5b45743e12a288d59.jpg,0,0,0,0,0,1,0
29-Back_jpg.rf.53a59e20a358eefda4269ba331c74e97.jpg,0,0,0,0,0,1,0
19-Front_jpg.rf.6faadcbcc1a3b56662453c0ca59e4f98.jpg,1,0,0,0,0,0,0
12-Left_jpg.rf.d6c40a301b1e1dcdb72ff2d7d053f54b.jpg,0,0,0,0,1,0,0
25-Back_jpg.rf.9ba49984c90caa68a302c16bc6133777.jpg,0,0,0,0,0,1,0
11-Back_jpg.rf.b0d78bd7d610a47da3d1052c7a941b0c.jpg,0,0,0,0,1,0,0
17-Right_jpg.rf.c4d8f65f6c765bd1e3fd0d1bf05b3766.jpg,0,0,1,0,0,0,0
23-Top-Down_jpg.rf.0861e5d02f3dab5674f8fb2229b755d3.jpg,0,0,0,0,0,1,0
4-Right_jpg.rf.e86c8d4478d57388edde742c247e468c.jpg,0,0,0,0,0,1,0
29-Top-Down_jpg.rf.fa53ce7f8a01d9c61f79183ebd6c5db5.jpg,0,0,0,0,0,1,0
17-Left_jpg.rf.a3474a2cd90556d95bb36ad99580287f.jpg,0,0,0,0,0,0,1
2-Right_jpg.rf.ca563a2b1edf28eebc0268faf8a0e87a.jpg,0,0,0,0,0,0,1
29-Right_jpg.rf.d591c94f0d1676bb0098266d21d886e8.jpg,0,0,0,0,0,1,0
18-Right_jpg.rf.56e6bc35a1f36304fb9689743aa9214a.jpg,0,1,0,0,0,0,0
19-Left_jpg.rf.571250dbdab9d282acde9fd43b01b390.jpg,0,0,0,0,0,0,1
2-Right_jpg.rf.5c23bafbf344c115bed5ec8fdd8cb65e.jpg,0,0,0,0,1,0,0
23-Back_jpg.rf.7d690fe158fc4a8595924ae11bdc969a.jpg,0,0,0,0,0,1,0
24-Top-Down_jpg.rf.bee4a136f33d39f73219386fc576519c.jpg,0,0,0,0,0,1,0
20-Top-Down_jpg.rf.00ae6e2e988962569e427578ff96e7d1.jpg,0,0,0,0,0,1,0
11-Top-Down_jpg.rf.253101ef3e1214197257c8c88b60e558.jpg,0,0,0,0,1,0,0
12-Back_jpg.rf.e0f74a10358b1aba8673b9d27fc25d17.jpg,0,0,0,0,1,0,0
28-Top-Down_jpg.rf.d2c07a04621e468a0df3503af40179b0.jpg,0,0,0,0,0,1,0
5-Back_jpg.rf.ac8eb9efb42a4dcd733f9aeeaba130f4.jpg,0,0,0,0,0,1,0
MM-prod-doctorImg-6db195304853_jpg.rf.854313beb0e5ee626de3eeaf86dfea5c.jpg,1,0,0,0,0,0,0
4-Right_jpg.rf.e3832606665b2e28a4ee4834441dcae1.jpg,0,0,0,0,0,1,0
21-Front_jpg.rf.14f77d6a3b14b3886c06a6886b191d6e.jpg,0,0,0,0,0,1,0
16-Right_jpg.rf.4b93b5fd7b8a00b1bea7b5b0355f236a.jpg,0,0,0,0,1,0,0
19-Left_jpg.rf.5e9d6bc2265647468ecb84c4fb2c846e.jpg,1,1,0,0,0,0,0
19-Right_jpg.rf.581591669dcf7657bfbad1de0575467b.jpg,0,0,0,0,0,1,0
18-Top-Down_jpg.rf.4d666c4c7c79dd7a8f87272cd8d63f61.jpg,0,1,0,0,0,0,0
18-Top-Down_jpg.rf.8b12550023438a0e28f334fd24211f8f.jpg,0,0,0,0,1,0,0
2-Top-Down_jpg.rf.a9c255038c4db8b2462ee536cb893adf.jpg,0,0,0,0,0,0,1
18-Left_jpg.rf.5e358eb22321d1c16536a998a39726ab.jpg,0,0,0,0,0,0,1
4-Top-Down_jpg.rf.1a8030bfc2f3eb1523f8a447201b336c.jpg,0,0,0,0,0,1,0
19-Front_jpg.rf.dbe5d209f5c67456a457e5f6161d44c2.jpg,1,0,0,0,0,0,0
1-Left_jpg.rf.35d0a17f6fc113eebf006416a0b7c637.jpg,0,0,0,0,1,0,0
29-Left_jpg.rf.fb9341b760c034a94cbd0efd9d3bf53b.jpg,0,0,0,0,0,1,0
29-Front_jpg.rf.4a2e8a4f06cbe396a528d495cc4dad0b.jpg,0,0,0,0,0,1,0
5-Front_jpg.rf.7021ff66228dbeb266a518630fe7e191.jpg,0,0,0,0,0,1,0
16-Top-Down_jpg.rf.039ac5b7c978e452793c551515f69309.jpg,0,0,0,0,0,0,1
18-Right_jpg.rf.bb6eef30e97cc1c93b20124446348316.jpg,0,0,0,0,0,0,1
19-Top-Down_jpg.rf.a1e829d29f6599a7162ee2374711706e.jpg,0,0,0,0,0,0,1
5-Top-Down_jpg.rf.05339a02393f3c929500ca7959bc45e6.jpg,0,0,0,0,0,1,0
MM-prod-doctorImg-6db195304853_jpg.rf.07eb66c263deeded8bd54a255114bc45.jpg,1,0,0,0,0,0,0
28-Front_jpg.rf.02f4965c846ce8399260aba571985e49.jpg,0,0,0,0,0,1,0
18-Right_jpg.rf.2bb4e93f6e0e11f9d61d7605960a8f81.jpg,0,0,0,0,1,0,0
5-Back_jpg.rf.eb70c813aa618e091752b176c022dfe8.jpg,0,0,0,0,0,1,0
11-Back_jpg.rf.f727b6325a98b6e895f4a8b0d252d8a2.jpg,0,0,0,0,1,0,0
19-Right_jpg.rf.840d418547e172867b01418d1b3959c0.jpg,1,0,0,0,0,0,0
27-Top-Down_jpg.rf.cb4cec9ccdb7b1c7669bb38801394893.jpg,0,0,0,0,0,1,0
5-Right_jpg.rf.1894bd15dd6c62254348f822443a0e3d.jpg,0,0,0,0,0,1,0
19-Right_jpg.rf.6c5cdc9e2e7890984600c7bf3de54d5a.jpg,1,0,0,0,0,0,0
19-Left_jpg.rf.c98ed9312960f7c82982c4094da98add.jpg,1,1,0,0,0,0,0
5-Front_jpg.rf.d37202bbb20f2daeb9e50edc7e593866.jpg,0,0,0,0,0,1,0
21-Left_jpg.rf.24531181cd3a1d9e409cb12e41feb5c0.jpg,0,0,0,0,0,1,0
28-Left_jpg.rf.dfa57c93198785c70bf140f5dd4d1415.jpg,0,0,0,0,0,1,0
21-Back_jpg.rf.e31fa1e3862a6477cb395ca2ed0e00d2.jpg,0,0,0,0,0,1,0
28-Right_jpg.rf.19326d0e37d5e6418dda980a1603a456.jpg,0,0,0,0,0,1,0
11-Left_jpg.rf.a9c3a21590007b29cdaf014a31b9a983.jpg,0,0,0,0,1,0,0
19-Right_jpg.rf.888b9d4913664e0c2c7edd9b7bc2851f.jpg,0,0,0,0,0,1,0
2-Front_jpg.rf.144058100723ee83f8e5b64ae54d92b6.jpg,0,0,0,0,0,0,1
12-Right_jpg.rf.2f427c5be38596977451a5ed5a9ad9b2.jpg,0,0,0,0,1,0,0
2-Back_jpg.rf.4b05bb1034e953413dea8787c4f07730.jpg,0,0,0,0,0,1,0
17-Back_jpg.rf.b0514efa99f0fa195526887ec6c0800b.jpg,0,0,0,0,1,0,0
5-Top-Down_jpg.rf.c3ea8d00065d8b664af89659acb76353.jpg,0,0,0,0,0,1,0
1-Back_jpg.rf.5aef4be8839ec74fb3473582fb4e0857.jpg,0,0,0,0,1,0,0
11-Right_jpg.rf.e3d526c3cfb60c1f7153b786abf33655.jpg,0,0,0,0,1,0,0
2-Left_jpg.rf.1409d09a356cbc3bb0e818d27454396a.jpg,0,0,0,0,0,0,1
2-Right_jpg.rf.0af04068fc73bb2578ac39c6595c6e1f.jpg,0,1,0,0,0,0,0
5-Right_jpg.rf.ca3859037b8334ce30b89d2ba1e29002.jpg,0,0,0,0,0,1,0
11-Front_jpg.rf.15c95e6d694901e529622c38bb29a05e.jpg,0,0,0,0,1,0,0
1-Back_jpg.rf.570b9beab4e2aff3012bcf84164d96fd.jpg,0,0,0,0,1,0,0
21-Front_jpg.rf.1d98daaff89285927829ad7e6aef511a.jpg,0,0,1,0,0,0,0
10-Left_jpg.rf.93874ef89e4906a4dacdf22ecf48caf5.jpg,0,0,0,0,1,0,0
1-Right_jpg.rf.3636996f9d27fee54dc591dd65c61a28.jpg,0,0,0,0,1,0,0
19-Top-Down_jpg.rf.d84acbb50b411567ec94edd312cd329c.jpg,0,0,0,0,0,0,1
2-Right_jpg.rf.20195ba18fd3cd9d25eb4abc3c30641d.jpg,0,1,0,0,0,0,0
12-Back_jpg.rf.a89b7aafd3bac3d506d9fad4500bf5f8.jpg,0,0,0,0,1,0,0
2-Front_jpg.rf.4a2b5906053996b905ecd36c992ac510.jpg,0,0,0,1,0,0,0
12-Left_jpg.rf.b2a6922dec048ef5c7aca62843a68fe2.jpg,0,0,0,0,1,0,0
12-Left_jpg.rf.4bb387db937b6dbc2fadcfacf604314b.jpg,0,0,0,0,1,0,0
21-Back_jpg.rf.5ddb17f535562a69c33742d67708dcbc.jpg,0,0,0,0,0,0,1
1-Left_jpg.rf.5f0b6ca0f449ec2154f6905662d02219.jpg,0,0,0,0,1,0,0
20-Top-Down_jpg.rf.0e8873e3a554096bbc6e91834689b58e.jpg,0,0,1,0,0,0,0
20-Top-Down_jpg.rf.a18ede9d94070dbbf688781d86ff7141.jpg,0,0,0,0,0,1,0
12-Back_jpg.rf.960cee8ed0439354d9f381910a3aee97.jpg,0,0,0,0,1,0,0
2-Left_jpg.rf.8b14a08391ee6a9b06b3d9c11db7ec26.jpg,0,1,0,0,0,0,0
2-Right_jpg.rf.b7b7cd5208647f2fd57d56f960145419.jpg,0,0,0,0,1,0,0
15-Right_jpg.rf.7e238d7413e4310bba81389bfb415ed3.jpg,0,0,0,0,1,0,0
10-Left_jpg.rf.0f7efc8d73e9ac22efe216d129b64b05.jpg,0,0,0,0,1,0,0
16-Back_jpg.rf.a12f21aa9a777c656dfd3937303accd3.jpg,0,0,0,0,1,0,0
13-Right_jpg.rf.1ba35923d456585d6e65c1068db9e1d1.jpg,0,0,0,0,1,0,0
11-Top-Down_jpg.rf.ca0ad3c20b10b1daf91ba49c0d54b41c.jpg,0,0,0,0,1,0,0
16-Right_jpg.rf.9e294ea244e3988ca4695ddf13e5f55d.jpg,0,0,0,0,1,0,0
11-Left_jpg.rf.386e15eb5efc3a3c99de2a1347ac728b.jpg,0,0,0,0,1,0,0
2-Back_jpg.rf.7582bb0d6a399cf3cf14812aa06be7fc.jpg,0,0,0,0,0,1,0
1-Right_jpg.rf.a6b7a48441eeeee9cdfd25f0f3894d95.jpg,0,0,0,0,1,0,0
14-Back_jpg.rf.7889a38bb0fafc6e846c566e90fc468d.jpg,0,0,0,0,1,0,0
11-Back_jpg.rf.7f4390dc5b37e6e0f281bc53933c1bc8.jpg,0,0,0,0,1,0,0
2-Left_jpg.rf.862af2caa4914edca0c1a262096c025a.jpg,0,0,0,0,0,0,1
2-Front_jpg.rf.2d74f7a56a96d62128318d95ca2bba7f.jpg,0,0,0,0,0,0,1
2-Right_jpg.rf.384e10700b40debf601d1cf25f977c81.jpg,0,0,0,0,0,0,1
2-Left_jpg.rf.f58acf3ba903d24cf0ad814f4e2433c0.jpg,0,1,0,0,0,0,0
2-Front_jpg.rf.edf470d486178ae8508ea1c05d756b41.jpg,0,0,0,1,0,0,0
11-Top-Down_jpg.rf.932838fc2191ba2c14f1825a66ad0af6.jpg,0,0,0,0,1,0,0
11-Front_jpg.rf.2c8ce3d8a87429af2c103314d10c3cab.jpg,0,0,0,0,1,0,0
20-Left_jpg.rf.dd0ba3e2f995e705b0e4f3057c7d92e7.jpg,0,0,0,1,0,0,0
2-Right_jpg.rf.f683f41660fec36082aa586897c1bb0b.jpg,0,1,0,0,0,0,0
21-Front_jpg.rf.1b01486a95351799caa67de7deebcaeb.jpg,0,0,0,0,0,1,0
11-Left_jpg.rf.f01ab6fafe6bdf46750c8e88bd369b98.jpg,0,0,0,0,1,0,0
2-Right_jpg.rf.976e19bc18e3221fd54143801ebeef6d.jpg,0,0,0,0,0,0,1
12-Right_jpg.rf.866755a0672028f85b9b7c142b25c35c.jpg,0,0,0,0,1,0,0
20-Left_jpg.rf.67873e7a46c996a6cbf45f4b72c3aa48.jpg,0,0,0,1,0,0,0
14-Front_jpg.rf.8116551937a9082e200463b06e83cf6d.jpg,0,0,0,0,1,0,0
11-Right_jpg.rf.1a888f19cddc8864997e32429745d39f.jpg,0,0,0,0,1,0,0
12-Right_jpg.rf.af2ed528b5d5a0dfe758aecbfd72ff7f.jpg,0,0,0,0,1,0,0
14-Back_jpg.rf.a50bf31084a4ed56f4d58c0b5d2da8f8.jpg,0,0,0,0,1,0,0
21-Left_jpg.rf.2146b4567e225c5b4edc759fc44ade2d.jpg,0,0,0,0,0,1,0
2-Top-Down_jpg.rf.d7bd92d743447c5bd6574367541bc7d6.jpg,0,0,1,0,0,0,0
17-Top-Down_jpg.rf.452afe2fdfcd12a2b3a7f4b773bde65e.jpg,0,0,0,0,1,0,0
20-Right_jpg.rf.3be8a681834b121f7d21234f078c7c02.jpg,0,0,1,0,0,0,0
14-Left_jpg.rf.2ae957da9e047425e08caa0998bad058.jpg,0,0,0,0,1,0,0
2-Right_jpg.rf.6bc741eb110a92f50406b8958b326c2e.jpg,0,0,0,0,1,0,0
2-Right_jpg.rf.4d6208342240b3bed73c13659a02541d.jpg,0,0,0,0,1,0,0
2-Top-Down_jpg.rf.9391b25af1071c774011bc7e891ccf9c.jpg,0,0,0,0,0,0,1
14-Left_jpg.rf.d1096ea4c56e345bc4dcf665e097c909.jpg,0,0,0,0,1,0,0
13-Front_jpg.rf.f96c52034be99e3be80aa5874c787a5c.jpg,0,0,0,0,1,0,0
13-Back_jpg.rf.6b2c96693228ea54b0e8aaf62b589e9b.jpg,0,0,0,0,1,0,0
20-Right_jpg.rf.1d5e8b6531376cd28e71c170778e4cd2.jpg,0,0,1,0,0,0,0
11-Front_jpg.rf.6749476d3f7ea972edc7b4f06a53d7a8.jpg,0,0,0,0,1,0,0
21-Right_jpg.rf.414bb17c5bb66e896708d489f8044d5c.jpg,0,0,0,0,0,0,1
20-Left_jpg.rf.6fda9b63838efa569ac5228b0940db01.jpg,0,0,0,0,0,0,1
12-Top-Down_jpg.rf.a09dc5b79f8a60f100590b57f184b884.jpg,0,0,0,0,1,0,0
14-Right_jpg.rf.85240a7a9d1e3bff3cfc067227936eff.jpg,0,0,0,0,1,0,0
16-Left_jpg.rf.565f72d3cda6faa73243748a786212e1.jpg,0,0,0,0,1,0,0
20-Back_jpg.rf.888d6129e319056446de778415e718cf.jpg,0,0,0,0,1,0,0
14-Right_jpg.rf.1a423fb5c960b63f9519d9fa8aade7ec.jpg,0,0,0,0,1,0,0
11-Top-Down_jpg.rf.6dd7909d9a7e5af7203d537a72f1b8af.jpg,0,0,0,0,1,0,0
20-Right_jpg.rf.bb6d444c67a23afb05c68422b823615f.jpg,0,0,0,1,0,0,0
11-Right_jpg.rf.a6817ac739f1815b2dd39cac6218cf6d.jpg,0,0,0,0,1,0,0
20-Front_jpg.rf.aea63f7d6d550ed9416d3999fdcb29fb.jpg,0,0,0,0,1,0,0
2-Top-Down_jpg.rf.29a74b28a3267f638bacc11021b961f3.jpg,0,0,0,0,1,0,0
20-Front_jpg.rf.48dc5cfd0548bf8860feb2b3024e5642.jpg,0,0,0,1,0,0,0
13-Left_jpg.rf.7662ce20dd5bfa03775191ad4761caba.jpg,0,0,0,0,1,0,0
21-Top-Down_jpg.rf.05802121aa5006078215770098e89a2c.jpg,0,0,0,0,1,0,0
14-Front_jpg.rf.9a1825466c6fddf696cbca27cbe59684.jpg,0,0,0,0,1,0,0
20-Front_jpg.rf.10f610e1c63bc639082ee920270e8172.jpg,0,0,0,1,0,0,0
2-Top-Down_jpg.rf.2db1d971becf5ff9fba146aa0f79db99.jpg,0,0,1,0,0,0,0
18-Left_jpg.rf.652fe6569edb361dae9fc52e41b53822.jpg,0,0,0,0,1,0,0
12-Right_jpg.rf.c4dca71e51122d3cb0870db0ab39f9a1.jpg,0,0,0,0,1,0,0
13-Back_jpg.rf.db39e60ff53bf9c608ad9cfdc2e4d383.jpg,0,0,0,0,1,0,0
2-Top-Down_jpg.rf.8fcd922b38d81bee531aeef9d4840e14.jpg,0,0,0,0,0,0,1
13-Front_jpg.rf.ea3cd9dec0bc9c600483694ecbfd968f.jpg,0,0,0,0,1,0,0
18-Back_jpg.rf.699c080adcd3fbc1d6645f655e904774.jpg,0,0,0,0,1,0,0
18-Top-Down_jpg.rf.5fa0f190908f536447a7ababb92277e6.jpg,0,0,0,0,1,0,0
12-Back_jpg.rf.442dd8c5893fa494ce1b8bd5686f8266.jpg,0,0,0,0,1,0,0
20-Right_jpg.rf.2090026c01fcc65d902cbc61f533ce80.jpg,0,0,0,1,0,0,0
21-Top-Down_jpg.rf.96190d9f134196e3235547f7d58eabf1.jpg,0,0,1,0,0,0,0
21-Left_jpg.rf.6fe26fcfa387d66259e16fa741e86d97.jpg,0,0,1,0,0,0,0
2-Right_jpg.rf.ee5025cd418cd0cca2544f9893cd2410.jpg,0,0,0,0,1,0,0
MM-prod-doctorImg-9274b7acdaaa_jpg.rf.35b3c2870e922f1fd7dd8a3b50961b6f.jpg,1,0,0,0,0,0,0
18-Right_jpg.rf.58c848219a38e98db99b198f39e2d79d.jpg,0,0,0,0,1,0,0
13-Left_jpg.rf.99582afb92984fcb59cc50fcce37a676.jpg,0,0,0,0,1,0,0
2-Right_jpg.rf.97e19348e8ad57d8b345087524c9c344.jpg,0,0,0,0,0,0,1
12-Left_jpg.rf.bbc2f884e2f4281eeb5946439b2aab41.jpg,0,0,0,0,1,0,0
20-Top-Down_jpg.rf.1f6058df656b793b2bcd0e4ceb3a7d05.jpg,0,0,1,0,0,0,0
2-Left_jpg.rf.0696a511bb3f9307941d3fb33db86046.jpg,0,0,0,0,0,0,1
18-Top-Down_jpg.rf.65c046371e90ba0fbbd67a11271d139a.jpg,0,0,0,0,1,0,0
13-Left_jpg.rf.f556512e81805d2684e37c8944653002.jpg,0,0,0,0,1,0,0
20-Front_jpg.rf.083734e82e4412085b81e926debc90ab.jpg,0,0,0,1,0,0,0
21-Right_jpg.rf.03205d8f36919d8a06c579eccb0707b8.jpg,0,0,0,0,1,0,0
16-Back_jpg.rf.12959402a9b87c467ece892c565aaa5d.jpg,0,0,0,0,1,0,0
2-Top-Down_jpg.rf.4b4160ad518632e40120fcce8e6c633d.jpg,0,0,1,0,0,0,0
21-Right_jpg.rf.63c7d3b32a1879fcc4ea226e42378bfc.jpg,0,0,0,0,1,0,0
18-Right_jpg.rf.c24d2c6c99163e356306ed3336c1f20b.jpg,0,0,0,0,1,0,0
21-Right_jpg.rf.3c6626aea7b1db6c1c6ea4f0c4643688.jpg,0,0,1,0,0,0,0
2-Back_jpg.rf.54632b7c0611dc781a65334c1a507047.jpg,0,0,0,0,1,0,0
21-Right_jpg.rf.53af710d2d552f28c5b9cbeb4082e79d.jpg,0,0,0,0,0,0,1
13-Right_jpg.rf.1855f8e089608884b2b4a3c9da8d1a4b.jpg,0,0,0,0,1,0,0
16-Right_jpg.rf.b513c7927387b6ec5a0894351dc33883.jpg,0,0,0,0,1,0,0
13-Back_jpg.rf.98fc61edffa79043faa505b9a5bfed8c.jpg,0,0,0,0,1,0,0
2-Front_jpg.rf.249b4ff6be49b092359544d5946f1f12.jpg,0,0,0,0,1,0,0
2-Back_jpg.rf.1f15f8e0d7ea7a77b12f646c7d7cc0ae.jpg,0,0,0,0,1,0,0
21-Right_jpg.rf.0cdfa20973fda63c47f28aa1af93e913.jpg,0,0,1,0,0,0,0
21-Back_jpg.rf.5a7a775351f78824e1cee75e7976246b.jpg,0,0,0,0,0,0,1
15-Right_jpg.rf.9b0d126e8b7687d1dabfdad75e10c272.jpg,0,0,0,0,1,0,0
22-Back_jpg.rf.7d38cddf6b0e74ba13f56d9a1d17afd2.jpg,0,0,0,0,0,0,1
20-Left_jpg.rf.30ac30c43a2db2ff5fd564b4e3e9192d.jpg,0,0,0,1,0,0,0
12-Top-Down_jpg.rf.baa13c0d800ef85e1ecc34600f61f5c0.jpg,0,0,0,0,1,0,0
21-Top-Down_jpg.rf.10150955e54848e9c2c18806ddb391aa.jpg,0,0,1,0,0,0,0
2-Right_jpg.rf.905606c616b5eb6ea70a6d60032c4e0e.jpg,0,0,0,0,1,0,0
13-Front_jpg.rf.6b4637d0de4b58c42daebd5f4e28be97.jpg,0,0,0,0,1,0,0
18-Front_jpg.rf.1ac6f4e366ff033b9de5bf8ac4a97e52.jpg,0,0,0,0,1,0,0
20-Right_jpg.rf.b7b3c24619bc960688b26606a2f0ee41.jpg,0,0,0,0,0,0,1
20-Left_jpg.rf.d7cd90abd620d343e845542b22754724.jpg,0,0,0,0,0,0,1
16-Left_jpg.rf.2a1fe45308427bfabe26dceba5d4c0a0.jpg,0,0,0,0,1,0,0
20-Top-Down_jpg.rf.0a331fdc12f709eeaf2f622c8b70dd6c.jpg,0,0,0,0,0,1,0
17-Back_jpg.rf.dcc60ff3e8a887242629f178efec7ca1.jpg,0,0,0,0,1,0,0
18-Left_jpg.rf.79c1020b6b4b948b2f2d490c97adadb2.jpg,0,0,0,0,1,0,0
2-Front_jpg.rf.103a38d1458ff2963b0cf89091fcc0cd.jpg,0,0,0,0,1,0,0
13-Right_jpg.rf.a850524823da24be973307a41b420dd1.jpg,0,0,0,0,1,0,0
21-Front_jpg.rf.e2d06b2f10b7b99e0d0be2c169a684de.jpg,0,0,0,0,0,1,0
20-Top-Down_jpg.rf.4813353033b053e9c91e4014f245ddcd.jpg,0,0,1,0,0,0,0
14-Left_jpg.rf.6c24ef599689e21927a6d60bccff498d.jpg,0,0,0,0,1,0,0
20-Right_jpg.rf.e28b052c0d4f5a3423c8b197bf0a7e09.jpg,0,0,0,0,0,0,1
21-Front_jpg.rf.992a2555734600829dcd608a8d4625ed.jpg,0,0,1,0,0,0,0
21-Back_jpg.rf.f2cab962be47a8ed96a079ac932e3208.jpg,0,0,0,0,1,0,0
2-Top-Down_jpg.rf.59f9493967b46bbad67ad3f694bb3aae.jpg,0,0,0,0,1,0,0
18-Front_jpg.rf.9c6226457a81ad84bf8d34a0725bd62e.jpg,0,0,0,0,1,0,0
18-Back_jpg.rf.cdc823d19fa7ac42236006d595be0d50.jpg,0,0,0,0,1,0,0
20-Right_jpg.rf.a7b069c06d089428d1ff53310cfa3512.jpg,0,0,1,0,0,0,0
21-Top-Down_jpg.rf.8616ffd05dcf17f8e6b3549fa4881cb6.jpg,0,0,0,0,1,0,0
17-Top-Down_jpg.rf.47137eb455612b5522356a39a61ca613.jpg,0,0,0,0,1,0,0
20-Right_jpg.rf.4b229e9ad12ff06eff7710f040c6485e.jpg,0,0,0,0,0,0,1
21-Left_jpg.rf.23f72099533316d81ffca28d998760fb.jpg,0,0,0,0,0,1,0
21-Left_jpg.rf.cadc16ef9d2563650873e5c849309c98.jpg,0,0,1,0,0,0,0
2-Back_jpg.rf.4500c1e3ff7edad6d1247945be04309d.jpg,0,0,0,0,1,0,0
14-Right_jpg.rf.0f298fef7c505c0a739d69484eb3c881.jpg,0,0,0,0,1,0,0
14-Back_jpg.rf.2a512a2d0a3b6e45098970b9775238e3.jpg,0,0,0,0,1,0,0
20-Left_jpg.rf.87fb8ab0ee26eb0a47e0d1281c01a6fc.jpg,0,0,0,0,0,0,1
21-Front_jpg.rf.63b8d8f22f0fd3fa6a38b7a1f674a30e.jpg,0,0,0,0,1,0,0
20-Left_jpg.rf.02e63aedd8ec5e70b52c97c3584381d2.jpg,0,0,0,0,1,0,0
20-Right_jpg.rf.4d041428fd96d427c782ea94aa05a53a.jpg,0,0,0,1,0,0,0
15-Right_jpg.rf.3805eb5db349e030c6b1b03067496592.jpg,0,0,0,0,1,0,0
21-Left_jpg.rf.242772915fa643eecb0aed1c2c36ecfb.jpg,0,0,0,0,0,1,0
21-Right_jpg.rf.3bb4192c0a181a908cbbf09fc41c6adb.jpg,0,0,1,0,0,0,0
18-Right_jpg.rf.5fa266a4490fd2a8fd752d533d72e279.jpg,0,0,0,0,1,0,0
MM-prod-doctorImg-9274b7acdaaa_jpg.rf.c2bdc55f001b0ce73a9b7bbdd06dda1b.jpg,1,0,0,0,0,0,0
20-Front_jpg.rf.92e4636e683bab5dafd9982aa637ef64.jpg,0,0,0,1,0,0,0
14-Front_jpg.rf.aba59deb1d25b8ecb993f094100219bf.jpg,0,0,0,0,1,0,0
22-Front_jpg.rf.eb5919eba5c86ab8e1fba00ffd9b4f94.jpg,1,0,0,0,0,0,0
21-Right_jpg.rf.d604462341fc13733a4ed479c44a9dce.jpg,0,0,0,0,1,0,0
20-Back_jpg.rf.36e3ced9588c70a2516eb90b0cc43d72.jpg,0,0,0,0,1,0,0
21-Left_jpg.rf.3159d157aaa5b2f390cc92e9e1afd232.jpg,0,0,1,0,0,0,0
2-Top-Down_jpg.rf.38529bb2a962acd2ff7a6564982255cf.jpg,0,0,0,0,0,0,1
18-Back_jpg.rf.e5fc50e9d8053630a3f454fde71dcae2.jpg,0,0,0,0,1,0,0
22-Right_jpg.rf.75f400ae911a9ef8f07e04b7f76e55ce.jpg,1,0,0,0,0,0,0
23-Back_jpg.rf.925a69e226dc154049b08f513afefd8e.jpg,0,0,0,0,1,0,0
21-Right_jpg.rf.6903f422879c419dac9c7f3963186449.jpg,0,0,0,0,1,0,0
21-Left_jpg.rf.6ede977da5ef7eb06a66d31e93bfe3d8.jpg,0,0,0,0,1,0,0
18-Top-Down_jpg.rf.73f7e474bae60341a3eb945b9362fa06.jpg,0,0,0,0,1,0,0
21-Back_jpg.rf.f8c0e86ab2c170180f30908ee8657d33.jpg,0,0,0,0,0,0,1
22-Left_jpg.rf.455dd484d308cb858460a0cdb861e1fe.jpg,0,0,0,0,0,0,1
16-Left_jpg.rf.6a6689aeba3d02d0156dcd699bcd3a15.jpg,0,0,0,0,1,0,0
21-Right_jpg.rf.bec909d59f54187c0904a4d1103ef513.jpg,0,0,0,0,1,0,0
20-Top-Down_jpg.rf.67b3e9f893ac57cae4eb09473dd52518.jpg,0,0,0,0,0,1,0
2-Top-Down_jpg.rf.7abad865d9ee42e9fc71cacdfcb6efd3.jpg,0,0,0,0,0,0,1
22-Front_jpg.rf.c58552fa2b12e295ccdff3427a86efd4.jpg,0,0,0,0,0,0,1
12-Top-Down_jpg.rf.119aa2ead0a73d967ca7649dc7b48499.jpg,0,0,0,0,1,0,0
14-Back_jpg.rf.497a5d6dcde5f02d3d709f94f9d9cdae.jpg,0,0,0,0,1,0,0
MM-top-customerImg-lxa9ujv39m47_jpg.rf.e48da12247f647130fbd216414bd100d.jpg,1,0,0,0,0,0,0
20-Front_jpg.rf.f12801fae59ad7e853f821f84c4a8735.jpg,0,0,0,0,1,0,0
16-Right_jpg.rf.d8cb071700e901a811d4f85c304d04d6.jpg,0,0,0,0,1,0,0
16-Back_jpg.rf.de2e91bc2a0765c9d9cc5eb7c7cccf22.jpg,0,0,0,0,1,0,0
20-Left_jpg.rf.a45f4ee532f65aa05880a4ea4ae74299.jpg,0,0,0,1,0,0,0
MM-top-customerImg-lxa9ujv39m47_jpg.rf.fd7cfc91358a94c6804ef7035db96885.jpg,1,0,0,0,0,0,0
22-Front_jpg.rf.03dd37ccf2dd4a930c85ad107aef3e5b.jpg,1,0,0,0,0,0,0
21-Left_jpg.rf.939640889610b728d4626583bb5485c7.jpg,0,0,0,0,1,0,0
14-Front_jpg.rf.48c4ab2b17f4cd867e75ab180a2da1ff.jpg,0,0,0,0,1,0,0
2-Top-Down_jpg.rf.ee9a3ca337a536beaa056597945c42c2.jpg,0,0,1,0,0,0,0
13-Left_jpg.rf.7d84013293ac79404a3202c167e4fbff.jpg,0,0,0,0,1,0,0
14-Right_jpg.rf.53e0f282ee07bc0f8b266dc6e3dd00e2.jpg,0,0,0,0,1,0,0
21-Front_jpg.rf.fb7c050260f60aece3418e17751f6d16.jpg,0,0,0,0,0,1,0
20-Left_jpg.rf.a9dbba981eab4d31f2f0946c91612ddb.jpg,0,0,0,0,0,0,1
13-Back_jpg.rf.eaa42a8be8fa050658bdf28b23219b0a.jpg,0,0,0,0,1,0,0
21-Front_jpg.rf.305d0859663d339de16c4e75f8a1a151.jpg,0,0,0,0,1,0,0
22-Left_jpg.rf.90edc66b544eff310502d5664718cfb2.jpg,0,0,0,0,0,0,1
13-Right_jpg.rf.54dba5df32c93e66e5dd4aeac1880f00.jpg,0,0,0,0,1,0,0
12-Right_jpg.rf.58a213328bdc7c7a8204de7eb109befd.jpg,0,0,0,0,1,0,0
18-Front_jpg.rf.3c36d9f3e8c76ef4b21d41bdb4fc10df.jpg,0,0,0,0,1,0,0
20-Right_jpg.rf.f33af51b566ae8543571eab6ccf14412.jpg,0,0,1,0,0,0,0
14-Left_jpg.rf.356dc22dedb5a410782d4d43ca0d32a0.jpg,0,0,0,0,1,0,0
18-Left_jpg.rf.8de0095c8e98f42f60215e2dc1cb644e.jpg,0,0,0,0,1,0,0
13-Front_jpg.rf.2bf152cedf675cce16dc5e6b0f0501cb.jpg,0,0,0,0,1,0,0
20-Right_jpg.rf.e98fdae225341de90da217f43d840267.jpg,0,0,0,1,0,0,0
20-Top-Down_jpg.rf.544c60248795471deb3fff9fb59f17a0.jpg,0,0,1,0,0,0,0
22-Left_jpg.rf.faa0dfa431b77fa09c743027c7fc9992.jpg,0,0,0,0,0,0,1
21-Front_jpg.rf.4c32070c4ba2527f5169ef5ed5e284df.jpg,0,0,1,0,0,0,0
12-Top-Down_jpg.rf.0be613277b759ab7f42bf0e25eb6235e.jpg,0,0,0,0,1,0,0
17-Top-Down_jpg.rf.31df755b08cf25a526bde42ad7a4561a.jpg,0,0,0,0,1,0,0
22-Left_jpg.rf.420e9bc8121c8d173554b463c4014b85.jpg,0,0,0,0,0,0,1
30-Back_jpg.rf.ce3633273cb43a256eab33063a3c220f.jpg,0,1,0,0,0,0,0
27-Right_jpg.rf.0b94a51420f81f9fb35ddb548e776c48.jpg,0,0,0,1,0,0,0
27-Left_jpg.rf.157a3fbbba3a5135a86498b9727d257c.jpg,0,0,0,1,0,0,0
21-Back_jpg.rf.5dcf5ad442dad2f1b862873b24f5ba59.jpg,0,0,0,1,0,0,0
29-Top-Down_jpg.rf.30a6ba9c8d17703fed0269acaa9004da.jpg,0,0,0,1,0,0,0
23-Back_jpg.rf.640b3bbca6e92fd63106afd9c6ec91c4.jpg,0,0,0,1,0,0,0
3-Left_jpg.rf.302edf67710cc3fd2dda648e8cbb6e85.jpg,0,0,0,1,0,0,0
9-Top-Down_jpg.rf.3dd839e915def62eca45b4e577800e38.jpg,0,0,0,1,0,0,0
24-Front_jpg.rf.9b2781eebbf5872a52747f8568244800.jpg,0,0,0,1,0,0,0
27-Left_jpg.rf.39f7134450574d3912a34d0dc047c59b.jpg,0,0,0,0,1,0,0
21-Left_jpg.rf.5408b1f3e7feae620b270ef8f9a4e65d.jpg,0,0,0,1,0,0,0
21-Back_jpg.rf.639f7e1821fd9d18f1fdc0673cdfa83d.jpg,0,0,0,1,0,0,0
3-Right_jpg.rf.2ed1d701eab2e759aa81e75db6fd9b6e.jpg,0,0,0,1,0,0,0
20-Top-Down_jpg.rf.59a9b6aae997f4f81dd6fe5a6e799dfe.jpg,0,0,0,1,0,0,0
29-Top-Down_jpg.rf.5d5a1cba235f21b05512652a3ee828b6.jpg,0,0,0,1,0,0,0
7-Front_jpg.rf.4b2f09d22d1bdeb2d7f06e45ce7d6722.jpg,0,0,0,0,0,0,1
21-Front_jpg.rf.71167c4f866dd937e65d047ddbf521e7.jpg,0,0,0,1,0,0,0
exhibition_202210_0000007_jpg.rf.98710eb80d6022af091b200464459a55.jpg,1,0,0,0,0,0,0
3-Top-Down_jpg.rf.6d08202d618dfacf1b7d25e5a4858917.jpg,0,1,0,0,0,0,0
24-Top-Down_jpg.rf.da156bbc1441ec2f5c8dfc70f0b79bd9.jpg,0,0,0,1,0,0,0
27-Top-Down_jpg.rf.1d0c7c0bfd0d150f1d154aa750d0e932.jpg,1,0,0,0,0,0,0
35-Back_jpg.rf.89b556e1a79a17aa5fbd66c9729fd46d.jpg,0,0,0,1,0,0,0
21-Left_jpg.rf.fe87f7c814c8f5b871989bdd0976150e.jpg,0,0,0,1,0,0,0
27-Top-Down_jpg.rf.e316db7c13d42ee2120d492fb1b841c8.jpg,0,0,0,1,0,0,0
27-Left_jpg.rf.b890c0473ef2513d6eda318104e07ebd.jpg,0,1,0,0,0,0,0
31-Right_jpg.rf.e1259bfa8793c554543f7f2bd40a8ef8.jpg,0,0,0,1,0,0,0
24-Front_jpg.rf.af6ac16e512f36d2b83962d33d4b7191.jpg,0,0,0,1,0,0,0
34-Right_jpg.rf.7d2ae2b08431bf851b788c22aed6b7b0.jpg,0,0,0,1,0,0,0
27-Front_jpg.rf.7b92ac9fa62fc82fc20f826bcdb34332.jpg,0,0,0,0,1,0,0
29-Left_jpg.rf.30bf894b372a61ec3ed5af5a3447912c.jpg,0,0,0,1,0,0,0
27-Front_jpg.rf.97b7f706d1d93baab6a8b73f1f1d8b39.jpg,0,0,0,0,1,0,0
35-Left_jpg.rf.5bc61b9cfe15794e5ab40b03e2a3ce68.jpg,0,0,0,1,0,0,0
29-Back_jpg.rf.32a584482e6af319a444d698ba73f3fb.jpg,0,0,0,1,0,0,0
24-Left_jpg.rf.580a9fe8d8daedbab4b83422515ef285.jpg,0,0,0,1,0,0,0
27-Top-Down_jpg.rf.9dbebca573aceae2fd21330355e24f1f.jpg,0,0,0,0,1,0,0
21-Top-Down_jpg.rf.6e7109cb80a86d65c08fec1ba7944e32.jpg,0,0,0,1,0,0,0
28-Front_jpg.rf.eca63a81fe15770099562ae16e142083.jpg,0,1,0,0,0,0,0
20-Front_jpg.rf.ae1c495041be2a88020120cc7e79b218.jpg,0,0,0,1,0,0,0
30-Top-Down_jpg.rf.81e5e2965f7ef3666f4a9a54ff2c514c.jpg,0,0,0,1,0,0,0
27-Top-Down_jpg.rf.8b6d157898502633742313b2791f45c5.jpg,0,0,0,0,1,0,0
28-Right_jpg.rf.c456c2fe88e51e25aeb501a7d13da6db.jpg,0,1,0,0,0,0,0
27-Top-Down_jpg.rf.b2e3f5bdbe53726b6de1b59eeff1d92a.jpg,1,0,0,0,0,0,0
30-Left_jpg.rf.7aaa24187c720dd6a56be7e936de6420.jpg,0,0,0,1,0,0,0
27-Front_jpg.rf.3638c455ac4026d2d1bb30868d477d51.jpg,1,0,0,0,0,0,0
20-Left_jpg.rf.64cfe09ddded97f06543709e6eb4ff60.jpg,0,0,0,1,0,0,0
27-Back_jpg.rf.cadcdbcde53707449860c7ab453d7783.jpg,0,0,0,1,0,0,0
27-Left_jpg.rf.48ee403ed4168be3ab5505350ae4223c.jpg,0,0,0,1,0,0,0
27-Right_jpg.rf.82822d4aef4a062ff75c981f3471d370.jpg,0,0,0,0,0,0,1
24-Right_jpg.rf.04e82fe5d735f37cf0c6ebb55dd347eb.jpg,0,0,0,1,0,0,0
29-Front_jpg.rf.0ffc284a88be8bdcccb7e2cb621df022.jpg,0,0,0,0,0,1,0
35-Right_jpg.rf.6083b596870d8d1360eca9330e88c047.jpg,0,0,0,1,0,0,0
31-Top-Down_jpg.rf.6e1c278443be140381f9d99080ff4043.jpg,0,0,0,1,0,0,0
27-Left_jpg.rf.e7ddeec0a1d7ae41cb29f190b66089e9.jpg,0,1,0,0,0,0,0
29-Left_jpg.rf.99e5bca851af63dac405db20cb9a28fd.jpg,0,0,0,0,1,0,0
27-Left_jpg.rf.0aaae60691d1944bcf8c3dc667ef1f55.jpg,0,1,0,0,0,0,0
34-Back_jpg.rf.4c339aa19bc19f2d58c3097316abb5e5.jpg,0,0,0,1,0,0,0
27-Left_jpg.rf.3fbc35fa8cc12f073ed75293550926d9.jpg,0,0,0,0,0,0,1
34-Front_jpg.rf.0fc1a33b93353fcbbe648092758e8af4.jpg,0,0,0,1,0,0,0
24-Left_jpg.rf.a7316825155c45d097ff36d0c2bd8c0c.jpg,0,0,0,1,0,0,0
3-Right_jpg.rf.850d4fb95989b7769e441fd14bb7d76c.jpg,0,0,0,1,0,0,0
29-Top-Down_jpg.rf.43377fe15e09d9fac8b87c8f5e09d5fa.jpg,0,0,0,1,0,0,0
24-Right_jpg.rf.bbbf20bd05cb60e006958b55aa8c4fba.jpg,0,0,0,1,0,0,0
24-Front_jpg.rf.a5b218421498d90c9016577c1c0088a5.jpg,0,0,0,1,0,0,0
27-Top-Down_jpg.rf.01a662a20fac2043da5ca563db00d338.jpg,0,0,0,0,1,0,0
23-Back_jpg.rf.c286bc9a8f518811a2e8ab52107ffc77.jpg,0,0,0,1,0,0,0
27-Right_jpg.rf.50cd8aed007bf1f7ec6abc6ba4e09c88.jpg,0,0,0,1,0,0,0
28-Right_jpg.rf.7ef793bd36f97950cde0ebfe4c45ef2b.jpg,0,1,0,0,0,0,0
23-Front_jpg.rf.2d9a76636e628be119de9e1855a4b097.jpg,0,0,0,1,0,0,0
30-Right_jpg.rf.165a63202d30077650c5971b655c06d9.jpg,0,0,0,1,0,0,0
27-Left_jpg.rf.3e8e19026010f99fe4329ed114413a64.jpg,0,0,0,1,0,0,0
34-Left_jpg.rf.1aaddd2e6d3aaa0a578947822ea6cd96.jpg,0,0,0,1,0,0,0
27-Front_jpg.rf.65985c5d860194cb53c65a164cd786ea.jpg,1,0,0,0,0,0,0
28-Front_jpg.rf.59338834662d2d7f9419a2554693cf8e.jpg,0,1,0,0,0,0,0
24-Left_jpg.rf.b3d63f6faea15abf7ceaaf43cf8d09f9.jpg,0,0,0,1,0,0,0
27-Right_jpg.rf.86ba8b24c260ec3753e2086a309c0661.jpg,0,0,0,0,0,0,1
30-Left_jpg.rf.e2c33d8981bc6ace0682be277873e061.jpg,0,0,0,1,0,0,0
27-Front_jpg.rf.dcacbb2c1246068d35e9430d28a17f87.jpg,0,0,0,0,1,0,0
27-Right_jpg.rf.2700a9a19228d124cff0433d21388b5a.jpg,0,0,0,1,0,0,0
27-Front_jpg.rf.37735e6a1825c8e613d46a3bc2cd7bdb.jpg,1,0,0,0,0,0,0
27-Front_jpg.rf.cd5d83eab31e82af2ccc7ddacb7421a1.jpg,0,0,0,1,0,0,0
30-Top-Down_jpg.rf.94eff162cc249c15deed3bec7f76f18a.jpg,0,0,0,1,0,0,0
27-Left_jpg.rf.e5dc33da92166581d86afa35a7fe8f92.jpg,0,0,0,0,0,0,1
31-Right_jpg.rf.751cfa4a5a985d6dac67de97c7e450af.jpg,0,0,0,1,0,0,0
27-Left_jpg.rf.919c2799dbab449c120a0c7a62a227a9.jpg,0,0,0,1,0,0,0
29-Back_jpg.rf.133f31bd9363153f8e10afd972dba0be.jpg,0,0,0,1,0,0,0
27-Right_jpg.rf.49385cbd6d66867129104f1898803d3e.jpg,0,0,0,1,0,0,0
34-Front_jpg.rf.cfc2e0e90b7ace70201760a8146c8093.jpg,0,0,0,1,0,0,0
27-Top-Down_jpg.rf.76bc2b318af6393e336a427e322eeb45.jpg,0,0,0,0,1,0,0
3-Left_jpg.rf.c3be04babb80cfefd6b84c3d3ebdbd3b.jpg,0,0,0,1,0,0,0
27-Top-Down_jpg.rf.a8639d5f0e7ad0982ad15467bfb147bd.jpg,0,0,0,1,0,0,0
27-Right_jpg.rf.a32c547f792beb993c43cfd321ffad44.jpg,0,0,0,0,1,0,0
27-Right_jpg.rf.76d5b97c9ca8abcf08831604ed41a088.jpg,0,0,0,0,1,0,0
31-Back_jpg.rf.3c977e69b742a8bff9630655f9cd9dfc.jpg,0,0,0,1,0,0,0
27-Right_jpg.rf.5cde9428b610239c20c34071a3bbc5a1.jpg,0,0,0,1,0,0,0
29-Front_jpg.rf.367832616d89d3184ae779803c966128.jpg,0,0,0,1,0,0,0
exhibition_202210_0000023_jpg.rf.2bd95ee0858309f39cb3b80e257c3554.jpg,1,0,0,0,0,0,0
29-Left_jpg.rf.6364446c22aeaaf4581b2c3f0151800e.jpg,0,0,0,0,1,0,0
31-Left_jpg.rf.deec407f027745cec5deda1f9537b2a7.jpg,0,0,0,1,0,0,0
exhibition_202210_0000023_jpg.rf.3dd803832f433e481219c013da900320.jpg,1,0,0,0,0,0,0
31-Back_jpg.rf.9c83be9a12cf068da661acc61b9302ea.jpg,0,0,0,1,0,0,0
27-Left_jpg.rf.081f8fc772d1fcb040f121c0fef5db79.jpg,0,0,0,1,0,0,0
23-Top-Down_jpg.rf.ee6839b73ceffb8d9f5a938bf55503a8.jpg,0,0,0,1,0,0,0
23-Right_jpg.rf.2dd91d3e8d0aea02e1f8683e078dfb62.jpg,0,0,0,1,0,0,0
27-Front_jpg.rf.a9b8c73a4f13b531c37f958eb590fdd7.jpg,0,0,0,0,1,0,0
27-Left_jpg.rf.cf96d751f691c0a11ca170e1813a0d1c.jpg,0,0,0,0,0,0,1
24-Right_jpg.rf.16d249c811e4373773392cffc0faf50c.jpg,0,0,0,1,0,0,0
27-Back_jpg.rf.63616bf1844387ed439707fde6aca583.jpg,0,0,0,1,0,0,0
31-Top-Down_jpg.rf.b171746767fd888e2f64841ae780407c.jpg,0,0,0,1,0,0,0
23-Right_jpg.rf.1164c70df0905d2c799a7501ac838738.jpg,0,0,0,1,0,0,0
27-Left_jpg.rf.42caba91547d5f6ac3f8bd029b999bde.jpg,0,0,0,0,1,0,0
24-Top-Down_jpg.rf.3b9b0c00b2c1652a1078a1e5c17b4551.jpg,0,0,0,1,0,0,0
34-Right_jpg.rf.7ce6f99e77ec3b552e5c9c5dd61661d3.jpg,0,0,0,1,0,0,0
27-Top-Down_jpg.rf.9a420af1282d4325e30d1d3921286cf1.jpg,0,0,0,1,0,0,0
30-Right_jpg.rf.578e29f68d5f525e3fb9f9640acf9089.jpg,0,0,0,1,0,0,0
31-Left_jpg.rf.0f9828b56a5c086dddc17b28046fb64e.jpg,0,0,0,1,0,0,0
27-Front_jpg.rf.b324ec6b72247e767462ef302a23be56.jpg,0,0,0,1,0,0,0
27-Left_jpg.rf.53b33637cc38b6dd82df7aa32ecb5ae2.jpg,0,0,0,1,0,0,0
27-Right_jpg.rf.054c1ca0fe5e710733278db4be39233f.jpg,0,0,0,0,0,0,1
28-Right_jpg.rf.285c9413cc1b17b7f8c37d47f5baf62c.jpg,0,1,0,0,0,0,0
30-Left_jpg.rf.86ab6fb96316a95b73152764c9edc4ab.jpg,0,0,0,1,0,0,0
29-Right_jpg.rf.73627bbc2cfaf841caf44735883bf9c0.jpg,0,0,0,0,1,0,0
34-Front_jpg.rf.b544ef2cb02f806ed6d5c180388f4798.jpg,0,0,0,1,0,0,0
27-Right_jpg.rf.5aae26ea7e535ba668a377287296b365.jpg,0,0,0,1,0,0,0
30-Right_jpg.rf.66003bd633607b643e7d472a3a08320e.jpg,0,0,0,1,0,0,0
35-Back_jpg.rf.f742254f5aef49830c1284ced39ab7ca.jpg,0,0,0,1,0,0,0
29-Front_jpg.rf.a9b5d316077924af0d6c5238ba081edd.jpg,0,0,0,0,0,1,0
35-Front_jpg.rf.0be684c3ffb7bea1d51b9b38374a8966.jpg,0,0,0,1,0,0,0
34-Back_jpg.rf.1918522b28a31afaff44631e1d46890b.jpg,0,0,0,1,0,0,0
29-Front_jpg.rf.0f56fd0209d04a0a9eaffde21bde1e9e.jpg,0,0,0,1,0,0,0
29-Front_jpg.rf.2331b5c118e4533e59afcd8aabd9ffcd.jpg,0,0,0,1,0,0,0
28-Front_jpg.rf.9f67992edcb9d42b99b7eb24d7ba778e.jpg,0,1,0,0,0,0,0
29-Left_jpg.rf.5e2186ee5a1d67356ae63e4b202335eb.jpg,0,0,0,1,0,0,0
29-Top-Down_jpg.rf.a6527f0c8e6c4b62223c4654283a6e26.jpg,0,0,0,1,0,0,0
30-Top-Down_jpg.rf.b9a5d4edfbf600cf4c4e0a01ae66d781.jpg,0,0,0,1,0,0,0
29-Right_jpg.rf.ebe5d23d2cc0266f9a265021783ad2ee.jpg,0,0,0,0,1,0,0
35-Left_jpg.rf.2e5835e94d35cfe6002a7fa90260b3dd.jpg,0,0,0,1,0,0,0
31-Left_jpg.rf.f3fc3be981eb0f98233eedba5fcea2db.jpg,0,0,0,1,0,0,0
35-Right_jpg.rf.9a1a8c0c2118febede232dd2138ff50f.jpg,0,0,0,1,0,0,0
34-Left_jpg.rf.51d949b315fc568d7cd405d98ff4ce1b.jpg,0,0,0,1,0,0,0
31-Right_jpg.rf.f805fe0790e0439d1a5cc3bfa8b2d108.jpg,0,0,0,1,0,0,0
27-Top-Down_jpg.rf.6a364b58565e498158d32a518b72c509.jpg,1,0,0,0,0,0,0
31-Top-Down_jpg.rf.96e60be86968d6547fa7d62b61cb9ea4.jpg,0,0,0,1,0,0,0
3-Right_jpg.rf.29079144f5e65037b8a8230ee2160c19.jpg,0,0,0,1,0,0,0
29-Left_jpg.rf.aca540997521243da4d2a2b907647ef6.jpg,0,0,0,0,1,0,0
27-Top-Down_jpg.rf.ba96cba8ee46678ddfde39bcbf1d99c6.jpg,0,0,0,0,1,0,0
exhibition_202210_0000023_jpg.rf.87c4063397640e001fb9918e32ce076e.jpg,1,0,0,0,0,0,0
34-Left_jpg.rf.ce5e2ee627522f98fdd4fc83a1d2b25a.jpg,0,0,0,1,0,0,0
23-Right_jpg.rf.76f2c6482b1eb2b9fdcd1314213308f9.jpg,0,0,0,1,0,0,0
23-Front_jpg.rf.91d5fd2c781825636cb6bed5004f86e5.jpg,0,0,0,1,0,0,0
35-Front_jpg.rf.edfe9cc64db1329c7d668d02c06cb2f6.jpg,0,0,0,1,0,0,0
29-Back_jpg.rf.3aba76363ef630c19a0813aace6bf5a7.jpg,0,0,0,1,0,0,0
29-Left_jpg.rf.2fe5f3238aee73bb38180206debe8fc6.jpg,0,0,0,1,0,0,0
3-Left_jpg.rf.9d3a39d21d767d564f23ca45d8eea9eb.jpg,0,0,0,1,0,0,0
35-Back_jpg.rf.05507f9f6ede0c32964f67d6a7f0c3c5.jpg,0,0,0,1,0,0,0
34-Back_jpg.rf.a326f5de01bdda9e97400057e4e2c35a.jpg,0,0,0,1,0,0,0
29-Top-Down_jpg.rf.dbd6bf1266c5b1b50d310d9fcc212679.jpg,0,0,0,1,0,0,0
27-Right_jpg.rf.bd76b7bea7e525244f88ffdf7bec0a29.jpg,0,0,0,0,1,0,0
31-Back_jpg.rf.e3ebf822f0fd7ccd109306e4ee4bdb8f.jpg,0,0,0,1,0,0,0
23-Front_jpg.rf.1d2b4eb917b58e5e475a7add6c93b115.jpg,0,0,0,1,0,0,0
23-Top-Down_jpg.rf.acfa83cea925f8f5813b5f431e758f9c.jpg,0,0,0,1,0,0,0
39-Front_jpg.rf.534941726439c1c05cef7f54ea67cc3b.jpg,0,0,1,0,0,0,0
34-Right_jpg.rf.c984605ebd59e2c95c95fdd7b67d2971.jpg,0,0,0,1,0,0,0
27-Top-Down_jpg.rf.ecbda3fa5c9dc1af7f7553b7bd754587.jpg,0,0,0,0,1,0,0
6-Left_jpg.rf.ed0769af085206b789ec809ed2c66112.jpg,0,0,1,0,0,0,0
23-Top-Down_jpg.rf.972a49f80d7a21374afe5bf05214410d.jpg,0,0,0,1,0,0,0
3-Top-Down_jpg.rf.bd83698f62d65606298f9b67459d839b.jpg,0,1,0,0,0,0,0
39-Right_jpg.rf.ab5a20e02238f31a1c50cd0e40ac9050.jpg,0,0,1,0,0,0,0
23-Front_jpg.rf.d4398e193a4632d5b045b9be36ae9d26.jpg,0,0,0,0,1,0,0
29-Front_jpg.rf.e9670e572d3bbca2be28d30814cb8d9b.jpg,0,0,0,0,0,1,0
23-Back_jpg.rf.82cbb45117e01137e80559aa4e86688f.jpg,0,0,0,1,0,0,0
23-Right_jpg.rf.37afe530f6e2ca168d63214fc2002cb4.jpg,0,0,0,0,1,0,0
3-Right_jpg.rf.f67095eb9752ec6813498f653a9d4cdb.jpg,0,1,0,0,0,0,0
57-Right_jpg.rf.29952167eec05ffbb8db05f4f2c0b6e2.jpg,0,0,1,0,0,0,0
4-Front_jpg.rf.979e33388271d805aa2fbd7330920828.jpg,0,0,0,1,0,0,0
57-Back_jpg.rf.3f09e08e717408ddfb466c52f0f86773.jpg,0,0,1,0,0,0,0
exhibition_202210_0000039_jpg.rf.dc8f3de8fafb09de7e621b1e0c0d8e33.jpg,1,0,0,0,0,0,0
7-Front_jpg.rf.b1956624e07fba86bcffe024c313440f.jpg,0,0,0,0,0,1,0
6-Front_jpg.rf.03d5b2937788570b798ae7ac88fbb737.jpg,0,0,1,0,0,0,0
24-Front_jpg.rf.06f37a7e380bfd4c2e271a4d95a26709.jpg,0,0,0,0,1,0,0
39-Top-Down_jpg.rf.0a0113d16b409fc964b5daeebbff01c7.jpg,0,0,0,0,1,0,0
23-Left_jpg.rf.7381ff0d92f8fc5211bd2b86e7b3797b.jpg,0,0,0,0,1,0,0
4-Back_jpg.rf.16cba55e59964ccb9af9166655ebde36.jpg,1,0,0,0,0,0,0
22-Top-Down_jpg.rf.78b0261dc4a4e24faa5f66302809e967.jpg,0,0,1,0,0,0,0
29-Top-Down_jpg.rf.850cf63bc156b7c64283ae1e5ed61f30.jpg,0,0,0,0,0,1,0
9-Top-Down_jpg.rf.82f740cdf9375d200e4c27f132ba3a1c.jpg,0,0,0,1,0,0,0
exhibition_202210_0000036_jpg.rf.11be2ce8267b934fa2f66b5c019caba3.jpg,1,0,0,0,0,0,0
17-Left_jpg.rf.b971f4e7fe8606a1c3fcbb6367edb0b7.jpg,0,1,0,0,0,0,0
4-Right_jpg.rf.e2fb45f9a421c6871841495205ddd5ca.jpg,0,0,1,0,0,0,0
6-Right_jpg.rf.00e02df9b7d0456e072252f19c13ff1e.jpg,0,0,1,0,0,0,0
57-Front_jpg.rf.a7c93b4f3d321446e65ead2c9298be0a.jpg,0,0,1,0,0,0,0
34-Right_jpg.rf.acf442e30c9367cf838ff73193518cb7.jpg,0,0,1,0,0,0,0
22-Top-Down_jpg.rf.9e5ebdec25e2ebbfbfdceadc79078730.jpg,0,0,0,0,0,0,1
13-Front_jpg.rf.4d9caf9af1aa94892987194f10c34a65.jpg,0,1,0,0,0,0,0
35-Left_jpg.rf.ec056d2a2585240b8f9cfb6201cef30c.jpg,0,0,0,0,0,1,0
9-Top-Down_jpg.rf.b88b32d517473bd7781d0fd89129f8dd.jpg,0,1,0,0,0,0,0
3-Back_jpg.rf.857b8df31736bcf889591982041f95de.jpg,0,0,0,0,1,0,0
55-Left_jpg.rf.8315274434db7556f2b92ee39a655189.jpg,0,0,1,0,0,0,0
34-Left_jpg.rf.19fed72fbc4a56aac4f2dd21a06f0732.jpg,0,0,1,0,0,0,0
36-Front_jpg.rf.b3a0f636a3288cbb18ee8aab8adc6ff2.jpg,0,0,1,0,0,0,0
9-Right_jpg.rf.b4a83a6c5c8a505e946021b8981988e5.jpg,0,1,0,0,0,0,0
24-Back_jpg.rf.0b64198b23ff8015fc7be0b1b3be981a.jpg,0,0,0,0,1,0,0
13-Back_jpg.rf.0361287d12f3f6399e7cb4cdfe642a4e.jpg,0,1,0,0,0,0,0
34-Top-Down_jpg.rf.4bfe5e706a3fa592100d878fc1ea59e9.jpg,0,0,1,0,0,0,0
3-Front_jpg.rf.7ad235881568c10c03e8f06259fdaae5.jpg,0,0,0,1,0,0,0
36-Left_jpg.rf.ad5131f17592bfa436677f7024f8af86.jpg,0,0,1,0,0,0,0
36-Top-Down_jpg.rf.6fcc6d33462a2b0d4906368535d97f6a.jpg,0,0,0,1,0,0,0
35-Left_jpg.rf.bb61ea12db0dddb7e10b1a41fb3b77e3.jpg,0,0,0,0,1,0,0
37-Front_jpg.rf.ccf85216c9f5934edc4999454205be77.jpg,0,0,1,0,0,0,0
exhibition_202210_0000036_jpg.rf.fd8b69c193aff00da2f2b010ec7a516a.jpg,1,0,0,0,0,0,0
34-Right_jpg.rf.e30408a1db67bdbd11c369b74553c1b9.jpg,0,0,1,0,0,0,0
36-Front_jpg.rf.8556248e7666679bedcabf3d145b8982.jpg,0,0,0,1,0,0,0
35-Top-Down_jpg.rf.de65a75133a760a95bd8f0383d3964e8.jpg,0,0,0,1,0,0,0
50-Front_jpg.rf.b650e9e4967b6faafbb6104801014306.jpg,0,0,0,0,1,0,0
35-Right_jpg.rf.32ae8de301239e7269b6280e9177c631.jpg,0,0,0,0,0,0,1
36-Right_jpg.rf.8df7604eb4ba0fadd4cef61feaa08d57.jpg,0,0,0,1,0,0,0
4-Left_jpg.rf.56d1d905208e7fd9478cbf8f2aa6f60c.jpg,0,0,0,0,0,0,1
36-Left_jpg.rf.38483f5980882b28eead19ad50bc924d.jpg,0,0,1,0,0,0,0
19-Back_jpg.rf.4ca3f0c10e88ddd743ab67806c2c48f9.jpg,0,1,0,0,0,0,0
34-Top-Down_jpg.rf.f852704ca517ed63852c63771a994916.jpg,0,0,1,0,0,0,0
37-Right_jpg.rf.840b3787292b7fbdde253c88983cbec2.jpg,0,0,1,0,0,0,0
35-Top-Down_jpg.rf.ab0382051ff97548dd3e17ac0145fa6b.jpg,0,0,0,1,0,0,0
35-Right_jpg.rf.5e5ed53337419cac5e6a279043b344a3.jpg,0,0,0,0,0,0,1
1-Front_jpg.rf.72c9f0c7bb9bbccb15dedde9160d3f15.jpg,0,1,0,0,0,0,0
23-Top-Down_jpg.rf.e1379a63c4654f5b1229f61550c00974.jpg,0,0,0,0,1,0,0
29-Top-Down_jpg.rf.6bbcdf9acdfe2cdc070ea9a289a19aed.jpg,0,0,0,0,0,1,0
48-Left_jpg.rf.07c86174c89926338303c0b5dab6d55f.jpg,0,0,0,1,0,0,0
13-Left_jpg.rf.42915ef3d0dc330368767a8ac7f4c1b5.jpg,0,1,0,0,0,0,0
18-Right_jpg.rf.970cd333f3cae91d0a061a94c75095e1.jpg,0,1,0,0,0,0,0
35-Top-Down_jpg.rf.9254061796b6f45c5fefe60579b1e5aa.jpg,0,0,0,1,0,0,0
13-Top-Down_jpg.rf.f8fa03e29d404232a49112163edfc7c5.jpg,0,1,0,0,0,0,0
19-Left_jpg.rf.35f546c74bc9e6dbd000a13d936c9083.jpg,0,1,0,0,0,0,0
37-Back_jpg.rf.5dc2fbb33d09155af63e52d44bb25fab.jpg,0,0,0,1,0,0,0
48-Top-Down_jpg.rf.f5fd5b29f87a9683bb43db2f6554270c.jpg,0,0,0,1,0,0,0
13-Right_jpg.rf.3da86731a861c5898d1252050c667185.jpg,0,1,0,0,0,0,0
1-Right_jpg.rf.749672ef651e73f9dc743f866410adef.jpg,0,1,0,0,0,0,0
18-Left_jpg.rf.e637c373d356b14744f908b2cdefb7ca.jpg,0,1,0,0,0,0,0
18-Front_jpg.rf.697a8450be6da12a1971eaaeaf071362.jpg,0,1,0,0,0,0,0
40-Left_jpg.rf.b053c0d94a44142ca97a58dac1696ed9.jpg,0,0,1,0,0,0,0
40-Front_jpg.rf.678451316614bea5e51fa2c616a7e9a3.jpg,0,0,0,1,0,0,0
17-Top-Down_jpg.rf.00bfddc16238dd0f7f0c12bb5e09b42b.jpg,0,1,0,0,0,0,0
19-Front_jpg.rf.7c861bf786e324939ca42dea9130cd3a.jpg,0,1,0,0,0,0,0
14-Back_jpg.rf.56082776e882867652961f5921eb829e.jpg,0,1,0,0,0,0,0
exhibition_202210_0000047_jpg.rf.882cb8a4c86e1c83f4885854cff7a2b8.jpg,1,0,0,0,0,0,0
50-Left_jpg.rf.6a8184328c1319dbd192dff283d7f3f6.jpg,0,1,0,0,0,0,0
23-Back_jpg.rf.b986c385419d753f5a4996eddf7e05ac.jpg,0,0,1,0,0,0,0
36-Front_jpg.rf.2bd41aff659aa3fbcd70f9687cfd7513.jpg,0,1,0,0,0,0,0
50-Right_jpg.rf.85a3d5d9f6825fd90a6db3f81c5256f1.jpg,0,0,1,0,0,0,0
14-Top-Down_jpg.rf.09750d2de6f347e976e432d41d22f0a7.jpg,0,1,0,0,0,0,0
35-Top-Down_jpg.rf.bea66125a6cba571f6e654eee76d959c.jpg,0,0,0,1,0,0,0
48-Front_jpg.rf.f0a075c5270bb128aba1794403249e99.jpg,0,0,1,0,0,0,0
39-Front_jpg.rf.6300105ea2fa5e435775a376e6f6dcce.jpg,0,0,1,0,0,0,0
14-Right_jpg.rf.c342a2f8ee75e1e9ade1266bb9496306.jpg,0,1,0,0,0,0,0
17-Back_jpg.rf.3bc0a87fa96f4e3ad7f9daa1fd388a8b.jpg,0,1,0,0,0,0,0
14-Front_jpg.rf.7b2b9b82a5c5ebd4dd428e21d09b2bb7.jpg,0,1,0,0,0,0,0
31Front_jpg.rf.b59f18eb3b338d119788014e1e3ae2ad.jpg,0,1,0,0,0,0,0
36-Front_jpg.rf.785e8b6132df8587518aecda2af2ae94.jpg,0,0,0,1,0,0,0
7-Front_jpg.rf.035adff54c9a6c372e96f544df43fb8f.jpg,0,0,0,0,0,0,1
exhibition_202210_0000051_jpg.rf.60627c5eb59e106064525a54a34ac524.jpg,0,0,1,0,0,0,0
19-Top-Down_jpg.rf.d348218cde1d0f6d1fda2c4b3c6d78d5.jpg,0,1,0,0,0,0,0
25-Left_jpg.rf.af26d527f1b507e5eb6be93f71bc301d.jpg,0,0,0,0,1,0,0
34-Left_jpg.rf.7f921dac0ccf8f053bb73b599185dd21.jpg,0,0,1,0,0,0,0
31-Right_jpg.rf.e7bc9ca2a51a1406c9d1c6698dda83c3.jpg,0,1,0,0,0,0,0
23-Back_jpg.rf.9377b7b894a6c248e502ae93e435f300.jpg,0,0,0,0,0,0,1
25-Back_jpg.rf.8d6d18febe182308ba6a21b22f7e715e.jpg,0,0,0,0,1,0,0
37-Back_jpg.rf.72cc614c4fd48fd6c05fd92b7841049b.jpg,0,0,1,0,0,0,0
37-Right_jpg.rf.61b6af0f84ec45087a7efa91e8a1daa1.jpg,0,0,1,0,0,0,0
48-Back_jpg.rf.fc7df0276f44057928f193a734496a1b.jpg,0,0,1,0,0,0,0
19-Right_jpg.rf.f4b858b92b1a87c01bec453662a225ff.jpg,0,1,0,0,0,0,0
36-Left_jpg.rf.1e4b5b06c60c7a5c92654f24b3c63003.jpg,0,0,0,1,0,0,0
37-Top-Down_jpg.rf.32b3720a6b123c26960a761619c4af93.jpg,0,0,1,0,0,0,0
57-Back_jpg.rf.8c7b84f98a7b98636cac6e928a93bdc8.jpg,0,0,1,0,0,0,0
37-Top-Down_jpg.rf.84ba6b4fd1f6ea3cce8c899432803425.jpg,0,0,1,0,0,0,0
3-Right_jpg.rf.ee38a3b525dcb3679181159dcc8b363e.jpg,0,0,1,0,0,0,0
35-Left_jpg.rf.a9fb9653823b67e5de67fce9f60fd8b2.jpg,0,0,0,0,1,0,0
55-Left_jpg.rf.cc95675ca57350141ffdb4fe4479a52d.jpg,0,0,1,0,0,0,0
29-Top-Down_jpg.rf.002e83806a1e804fdbd3056f861d6e4c.jpg,0,0,0,0,0,1,0
37-Back_jpg.rf.28533747aa0a6ab25ab4c88ce275b493.jpg,0,0,1,0,0,0,0
exhibition_202210_0000066_jpg.rf.4e843c17c10f5dde0146240b30a92748.jpg,1,0,0,0,0,0,0
38-Left_jpg.rf.fc4df74643457584ba0c6812c535ddfd.jpg,0,0,0,1,0,0,0
37-Left_jpg.rf.68b7c9de534ad07c217fad354aa6457d.jpg,0,0,0,1,0,0,0
5-Left_jpg.rf.de55a460438f090b669fdfc26cea0a6f.jpg,0,0,0,0,0,0,1
40-Right_jpg.rf.8f3a0058e4d62269de67ab3a285c07ee.jpg,0,0,1,0,0,0,0
36-Top-Down_jpg.rf.e9a81ab40c496fe2ac8f3c78ddefdd6e.jpg,0,0,0,1,0,0,0
38-Left_jpg.rf.e393269ab011f3dc79554378c3825ff9.jpg,0,0,1,0,0,0,0
36-Right_jpg.rf.b5ad7d54a239fcc9dcaa4192d8d46a86.jpg,0,0,0,1,0,0,0
39-Back_jpg.rf.13b28b3f7f91fc52eb31aa2ef6d0851a.jpg,0,0,0,1,0,0,0
37-Back_jpg.rf.d6281d9681f07edd2743fa9920531487.jpg,0,0,1,0,0,0,0
14-Left_jpg.rf.cddb25eca629603079bd48f70f1a3240.jpg,0,1,0,0,0,0,0
30-Right_jpg.rf.c6bd17edc0c882cb3ff968675f35d624.jpg,0,1,0,0,0,0,0
36-Front_jpg.rf.e6259d989eac46258c0f4ab43aa8a8ff.jpg,0,0,0,1,0,0,0
exhibition_202210_0000037_jpg.rf.5af00306dc48ec22f1a5222f14f5cba8.jpg,1,0,0,0,0,0,0
3-Front_jpg.rf.d1fed98636f3a21d6fe32d98a0544062.jpg,0,0,0,1,0,0,0
30-Front_jpg.rf.7b08ae1bcffb54017a44373a5c37370c.jpg,0,0,0,1,0,0,0
35-Right_jpg.rf.deac928ac34a3e106971e820979c23fd.jpg,0,0,0,0,0,0,1
3-Right_jpg.rf.2d3c3776d93525018868b85f69be3222.jpg,0,0,0,0,1,0,0
37-Top-Down_jpg.rf.c8406b955ef0dc0cf0cad53d0b9c90b9.jpg,0,0,0,1,0,0,0
31Left_jpg.rf.23373827865c0e18e929fc22f62aa49a.jpg,0,1,0,0,0,0,0
38-Right_jpg.rf.974d9282213890f31641595066418f00.jpg,0,0,0,1,0,0,0
exhibition_202210_0000036_jpg.rf.5c4139d59c74dc20ddb3cf1902425392.jpg,1,0,0,0,0,0,0
24-Right_jpg.rf.a78b4109dfa92cf98e5d06ed81042326.jpg,0,0,0,0,1,0,0
39-Left_jpg.rf.50a0029596fc919fbfbd462c295912c4.jpg,0,0,1,0,0,0,0
MM-top-customerImg-lybgu4w9lokg_jpg.rf.7fdab4b544f3d9ab032c7f5b7b42bde4.jpg,1,0,0,0,0,0,0
30-Back_jpg.rf.7191469204bb29eda959f6ed28a2db1a.jpg,0,1,0,0,0,0,0
38-Right_jpg.rf.7945b4868c759c4adfb1d0bb90abffcc.jpg,0,0,1,0,0,0,0
34-Top-Down_jpg.rf.e24e5329460c2764911fc2b5e7c8cb08.jpg,0,0,1,0,0,0,0
37-Right_jpg.rf.d9feae4454cc0d794b4da4ec85530a62.jpg,0,0,0,1,0,0,0
36-Left_jpg.rf.d91445464ac5c0c8e44a5f3f650d43fa.jpg,0,0,1,0,0,0,0
25-Front_jpg.rf.c512c332ec578668b8e2b04be664dc6d.jpg,0,0,0,0,1,0,0
exhibition_202210_0000039_jpg.rf.92ae36e6977fa88576a1dbe7c403fac5.jpg,1,0,0,0,0,0,0
36-Right_jpg.rf.109a4b2f909f8020cd508982cc099b54.jpg,0,0,0,1,0,0,0
36-Top-Down_jpg.rf.5cb619f6e45cf7942637b68cb9a4793a.jpg,0,0,0,1,0,0,0
38-Left_jpg.rf.07cc37755048704d151bc415f72e7c51.jpg,0,0,1,0,0,0,0
36-Front_jpg.rf.18ba0caed57f7dead4eb3f4e654e388a.jpg,0,0,1,0,0,0,0
36-Left_jpg.rf.4f064cfd50d8248525fdbc1d529f9813.jpg,0,0,0,1,0,0,0
37-Top-Down_jpg.rf.f51388491362b649c749b7c234ab2ee9.jpg,0,0,0,1,0,0,0
36-Top-Down_jpg.rf.2377ea14c2e3248232bc859024f5bb6a.jpg,0,0,0,0,0,1,0
30-Front_jpg.rf.14534d88c527297f0fd11272de6b58b2.jpg,0,1,0,0,0,0,0
31-Top-Down_jpg.rf.49708fa87adc8f87d38ab182ffa507d3.jpg,0,1,0,0,0,0,0
33-Top-Down_jpg.rf.120b87bbe2e68cf763ddfaaaaa1189c2.jpg,0,0,1,0,0,0,0
best_hairstyles_for_receding_hairline_jpg.rf.44dba79c6b4a22077504deea0442731f.jpg,1,0,0,0,0,0,0
36-Left_jpg.rf.2838f7996fb2feec2ab1a269c15962fd.jpg,0,0,0,1,0,0,0
36-Right_jpg.rf.3d115c5af074c928ee27e623ed93533d.jpg,0,0,0,0,0,1,0
37-Back_jpg.rf.2693dcd2dd6c7bbb028a1c44227661d2.jpg,0,0,0,1,0,0,0
3-Front_jpg.rf.2fbf851296e91143c8d25d8cd2376792.jpg,0,0,0,1,0,0,0
23-Back_jpg.rf.2dd42b9d0348ef69229c987a6a215b38.jpg,0,0,0,0,0,0,1
3-Back_jpg.rf.0351b9bd4687429749991f901cc4da0a.jpg,0,0,0,0,1,0,0
38-Right_jpg.rf.295376b0f145913c519dd5e36e922795.jpg,0,0,1,0,0,0,0
35-Front_jpg.rf.dced32d9ad8962ba7d6ec8112cf9ac07.jpg,0,0,0,0,1,0,0
3-Top-Down_jpg.rf.e8a64cfedc6b74b84c5c09b350a8ed65.jpg,0,0,0,1,0,0,0
35-Top-Down_jpg.rf.b5b2c06a66ea8f904065bb76cb622251.jpg,0,0,0,1,0,0,0
30-Back_jpg.rf.a0b96a3bbc1e82684967fb9d2a9ea8de.jpg,0,0,0,0,0,1,0
3-Right_jpg.rf.59a613abc4832ae818d27410fe485d28.jpg,0,0,1,0,0,0,0
3-Top-Down_jpg.rf.3004f6925249082b0455684873606a70.jpg,0,0,0,1,0,0,0
37-Back_jpg.rf.4ad3417193270c757d6f6a27b9fb7d94.jpg,0,0,0,1,0,0,0
38-Top-Down_jpg.rf.14824e441fe85dbb8bdf4ca1528c476c.jpg,0,0,0,1,0,0,0
33-Left_jpg.rf.be4246b03cbfb42ba97b375b60c27234.jpg,0,0,1,0,0,0,0
3-Back_jpg.rf.2f1f3a80a8a9e1b8d98086fb15ee920a.jpg,0,0,0,0,1,0,0
37-Front_jpg.rf.24b273f4bc65c62e0d90fa44f0db0498.jpg,0,0,1,0,0,0,0
7-Left_jpg.rf.0ab1f8318cbfd0ddc91cddef357d72ea.jpg,0,0,0,0,0,0,1
36-Right_jpg.rf.b82ec37a902340d7462e8b57f92e97ef.jpg,0,0,0,0,0,1,0
39-Top-Down_jpg.rf.225ce0ca9221b44e072632ed8d5249c3.jpg,0,0,1,0,0,0,0
57-Right_jpg.rf.67d29046ea68e9441ba7cbd40bcb0114.jpg,0,0,1,0,0,0,0
35-Top-Down_jpg.rf.fd9c6156f70faf446a306fa2c83f5c35.jpg,0,0,0,1,0,0,0
3-Right_jpg.rf.443a6677129cb59948e01307885f4d78.jpg,0,0,0,0,1,0,0
35-Front_jpg.rf.1a84f512931229968a212b2a8eb576ac.jpg,0,0,0,0,0,0,1
7-Right_jpg.rf.fb0cba4045e57581638733a82d4cdb28.jpg,0,0,0,0,0,0,1
30-Top-Down_jpg.rf.de05987813489904975e49dd465c197c.jpg,0,1,0,0,0,0,0
23-Front_jpg.rf.cec0265363831d8454dcbb9bb502ddd1.jpg,0,0,0,1,0,0,0
34-Right_jpg.rf.88df713661b7f52454c32cb4bb28ceb7.jpg,0,0,1,0,0,0,0
35-Left_jpg.rf.a5f0598872f636a9dd53e1a77d0cc956.jpg,0,0,0,0,0,1,0
39-Right_jpg.rf.309a8b49985f948be0ec2d0a543ebfd1.jpg,0,0,1,0,0,0,0
38-Left_jpg.rf.2c4dfef5c8c21d0f64fb629336334ef3.jpg,0,0,0,1,0,0,0
39-Back_jpg.rf.144e39812daf7a883fa3c0f73cd0b527.jpg,0,0,1,0,0,0,0
36-Left_jpg.rf.29454164f1838224694cbf1829bfa034.jpg,0,0,1,0,0,0,0
36-Front_jpg.rf.acfd3b21e3fa1cf1cb81731c8414b78c.jpg,0,1,0,0,0,0,0
39-Back_jpg.rf.50a4055987b51bea78063792c2d2acf5.jpg,0,0,1,0,0,0,0
7-Left_jpg.rf.c22f99c906eca2695e080e8d834ff951.jpg,0,0,0,0,0,0,1
37-Back_jpg.rf.52c74f8b0d13dc091aafdaeb80372d2d.jpg,0,1,0,0,0,0,0
37-Left_jpg.rf.2119c3b7fb534756c22404a730890b47.jpg,0,0,0,1,0,0,0
36-Right_jpg.rf.db0cfded1ae1052909c105a1b1624d0b.jpg,0,0,1,0,0,0,0
37-Right_jpg.rf.e814cdb4e7cb3027311d1930d57e332f.jpg,0,0,0,1,0,0,0
39-Left_jpg.rf.c56f83fda54ef1abb5be56370d3d1f21.jpg,0,0,1,0,0,0,0
32-Back_jpg.rf.3eac9dcf6d7769de5d3ff2f5731f71f0.jpg,0,1,0,0,0,0,0
35-Top-Down_jpg.rf.e4ce0e82ba46bdd4f4710d2d8beb5360.jpg,0,0,0,1,0,0,0
36-Top-Down_jpg.rf.190d83fcd7bf5d9b00d11ffef716e83d.jpg,0,0,0,0,0,1,0
38-Back_jpg.rf.71c4a013648f160736f3249684f9c6ad.jpg,0,0,0,1,0,0,0
36-Front_jpg.rf.f67e920ba2f411dd6017b0c5264d7acc.jpg,0,0,1,0,0,0,0
34-Back_jpg.rf.828667d164d4a3da464439cd9fd45c48.jpg,0,0,1,0,0,0,0
36-Right_jpg.rf.a2ef9b335611bf839c41661516d30a81.jpg,0,0,1,0,0,0,0
37-Back_jpg.rf.62db27b143725da59f91880182d24824.jpg,0,0,1,0,0,0,0
39-Right_jpg.rf.e7ea79e9f121bf91f24d6369dd744e09.jpg,0,0,1,0,0,0,0
35-Left_jpg.rf.976fde6d12dc028644fbf74840751ddd.jpg,0,0,0,0,1,0,0
32-Front_jpg.rf.543dc9f0fdceec9033e23190329e4921.jpg,0,1,0,0,0,0,0
24-Top-Down_jpg.rf.c7f549f4415616b25c14ec4a4dae5719.jpg,0,0,0,0,1,0,0
57-Front_jpg.rf.96092f51f75daaa313ba23395eb9c752.jpg,0,0,1,0,0,0,0
39-Front_jpg.rf.46f3edde83e64baae60c659255bfebef.jpg,0,0,0,1,0,0,0
39-Left_jpg.rf.28f64272b7968b616b90a6de98768a12.jpg,0,0,0,1,0,0,0
3-Right_jpg.rf.37b0e03fddadd6bb712b5b1ea8686ec8.jpg,0,0,1,0,0,0,0
30-Back_jpg.rf.7bfb0a8269a4233d97695aef87bf7002.jpg,0,0,0,0,0,0,1
39-Front_jpg.rf.3127db21852e37c405b17e7bd4aa5991.jpg,0,0,1,0,0,0,0
37-Back_jpg.rf.daa2686bdd1bddbd6d1205146f861b3b.jpg,0,0,1,0,0,0,0
38-Right_jpg.rf.13293437f24590c6d2c6aca9b9b3999c.jpg,0,0,0,1,0,0,0
37-Front_jpg.rf.1a70591cff5691cae041d7df19e43b66.jpg,0,0,1,0,0,0,0
36-Front_jpg.rf.b14f8a79d8aeaa05a4e1f9b2fece125a.jpg,0,1,0,0,0,0,0
37-Front_jpg.rf.ba3a876f430e51f9e144565905e6105d.jpg,0,0,1,0,0,0,0
4-Front_jpg.rf.39e759035556fa78509ec4edefc4b7e8.jpg,0,0,1,0,0,0,0
39-Front_jpg.rf.442442a887c86b981b9ead65b53e6780.jpg,0,0,1,0,0,0,0
30-Back_jpg.rf.8b06fb7c4e8131c3cde544d5d13e3155.jpg,0,0,0,0,0,0,1
30-Back_jpg.rf.c8de08c4c18185abc765f62147e5d20c.jpg,0,0,0,0,0,0,1
23-Back_jpg.rf.c01e15f8c0a6c398c4323f7d29434fbc.jpg,0,0,0,0,1,0,0
38-Back_jpg.rf.835fcd7631ef1097836d723cdd7a8f87.jpg,0,0,0,1,0,0,0
38-Top-Down_jpg.rf.c998d65d8cba42d55b4999f834ef4ccd.jpg,0,0,0,1,0,0,0
39-Back_jpg.rf.31cec5a11e5f275d7bf53e4b653f5290.jpg,0,0,0,1,0,0,0
39-Left_jpg.rf.c32a75bafdf3e77da907dd7453c21474.jpg,0,0,0,1,0,0,0
30-Back_jpg.rf.02cb9a3e0369065da947bd9eb57b8a7d.jpg,0,0,0,0,0,1,0
30-Front_jpg.rf.d3874b9830e0f11fbfe9afcea6817f4c.jpg,0,0,0,1,0,0,0
37-Right_jpg.rf.0fab6f01560f63fb4a026ef9733ac767.jpg,0,0,0,1,0,0,0
39-Right_jpg.rf.e3911bfecd2e83f4cda30555d187bf82.jpg,0,0,0,1,0,0,0
37-Left_jpg.rf.becf70b5c285eda2b81ea33f27af22a2.jpg,0,0,0,1,0,0,0
7-Top-Down_jpg.rf.2166387a9fb06a85974a4703369e2f2d.jpg,0,0,0,1,0,0,0
7-Front_jpg.rf.af53fa8245d4f51d7a9d2667bad699ea.jpg,0,0,0,1,0,0,0
30-Left_jpg.rf.8cd45b0543a7a4878fab3845f063ca82.jpg,0,0,0,1,0,0,0
30-Front_jpg.rf.bfb95c3cace506d5ed7c336e5229cca1.jpg,0,0,0,0,0,0,1
12-Back_jpg.rf.8c54a1c4275ffd1826dafc37493a3b45.jpg,0,0,1,0,0,0,0
3-Top-Down_jpg.rf.2f3bef1d55fe1a9a341eec3694858b1e.jpg,0,0,0,1,0,0,0
38-Back_jpg.rf.8f3b019d055063156087c4a9961d4fe4.jpg,0,0,0,1,0,0,0
7-Left_jpg.rf.2b58d0d8cf5122e2d4ed94b41d62c91e.jpg,0,0,0,1,0,0,0
38-Left_jpg.rf.5ceb431ab2baa1644a45b0691f01c84e.jpg,0,0,0,1,0,0,0
30-Left_jpg.rf.1ab2bc0e603b740ae3cf483ab24e1887.jpg,0,0,0,0,0,0,1
3-Right_jpg.rf.6ab945f32c58d3e4db74fd64a1a19e8d.jpg,0,0,0,0,1,0,0
14-Back_jpg.rf.a4de35c368acfbeb08cea38d59ac911b.jpg,0,0,1,0,0,0,0
39-Top-Down_jpg.rf.3dec189646cc9a25233c61123714b89c.jpg,0,0,0,1,0,0,0
39-Front_jpg.rf.51ab764a201be004490b230180495289.jpg,0,0,0,1,0,0,0
31-Front_jpg.rf.a153f5298350228a66958719d3dc9eb1.jpg,0,0,0,1,0,0,0
2-Right_jpg.rf.96ab55f21987c04efeaa488cfe01c144.jpg,0,1,0,0,0,0,0
31-Right_jpg.rf.cde7be1c66117c46677a9e2debad7859.jpg,0,0,1,0,0,0,0
20-Right_jpg.rf.96946ad6d99f8161d2e87fa54df27f95.jpg,0,1,0,0,0,0,0
37-Top-Down_jpg.rf.79b5bbc2e5827402062e78c166543b40.jpg,0,0,0,1,0,0,0
2-Back_jpg.rf.a7e812ccd378f1cd2d8e6ec8ae5c69b8.jpg,0,0,1,0,0,0,0
31-Back_jpg.rf.460b801c6cd9f79be4756f6bcfe31563.jpg,0,0,1,0,0,0,0
31-Left_jpg.rf.28900baaa9accde371cb0cdde9f9805c.jpg,0,0,0,0,1,0,0
30-Right_jpg.rf.37a82e3d223017ae77d4b45d0cfacc3a.jpg,0,0,1,0,0,0,0
51-Right_jpg.rf.0a671371d78c853b8ddb2154a817aacf.jpg,0,1,0,0,0,0,0
33-Front_jpg.rf.2d70c8df50047cc6253acefba5d247c6.jpg,0,0,0,0,1,0,0
2-Back_jpg.rf.d03308b54dff5ff4a2166b46ab27bde0.jpg,0,1,0,0,0,0,0
21-Right_jpg.rf.b8102e9f7dc1bcf526f0fd07a8e1f881.jpg,0,1,0,0,0,0,0
54-Top-Down_jpg.rf.22331242a03424db428b659d4c809d1e.jpg,0,0,0,0,1,0,0
exhibition_202210_0000030_jpg.rf.be5a1a07cca82804d04a1153ec57cd4b.jpg,1,0,0,0,0,0,0
7-Back_jpg.rf.9fc8501b031d8471ce482e2112f6536a.jpg,0,0,0,1,0,0,0
55-Right_jpg.rf.02c3925a7486b0bfc54c4f64a32d9581.jpg,0,0,1,0,0,0,0
23-Right_jpg.rf.6e8421569fd497fba5f5badaa8a43ac9.jpg,0,0,1,0,0,0,0
32Left_jpg.rf.7e23c864d687b140b723c44274ed0740.jpg,0,1,0,0,0,0,0
50-Top-Down_jpg.rf.75de6fe8fbacec895bffaf1a60fb1d85.jpg,0,0,1,0,0,0,0
14-Right_jpg.rf.f0f4b90d90a7164e97c33c87fe6b807e.jpg,0,0,1,0,0,0,0
2-Left_jpg.rf.bc9f05a9f05cadaae0da5e237a5d969c.jpg,0,1,0,0,0,0,0
24-Left_jpg.rf.3fb31710bd11e3f2ad19a4fa070f25ff.jpg,0,1,0,0,0,0,0
14-Left_jpg.rf.c4f9471efabb51467038da85af51a264.jpg,0,0,1,0,0,0,0
22-Back_jpg.rf.bfc52a8879811b74dab5f648a4a2d004.jpg,0,1,0,0,0,0,0
24-Front_jpg.rf.b8f12bf36f9c82d50a414926cb5adad9.jpg,0,1,0,0,0,0,0
55-Top-Down_jpg.rf.defb80445150ac5ad7604cf0dfdca1f8.jpg,0,0,0,0,1,0,0
1-Left_jpg.rf.1bdb0e9c5645f8e3497a846dea5bb4ad.jpg,0,0,1,0,0,0,0
22-Left_jpg.rf.484e257707dffbe6ac0a3bad12695990.jpg,0,1,0,0,0,0,0
55-Left_jpg.rf.bbe255dd17b904efb1e5535309daa6bd.jpg,0,0,1,0,0,0,0
30-Left_jpg.rf.d795cfcdc37b445c4e1e0a169d9506f6.jpg,0,0,0,0,1,0,0
2-Top-Down_jpg.rf.590e22e741addc242cdcb321f7dc164e.jpg,0,1,0,0,0,0,0
22-Right_jpg.rf.73c2b5bc5ecaa1d3c53b99271c0eb3af.jpg,0,1,0,0,0,0,0
6-Back_jpg.rf.7c26a17d4c618be7470dd3ae3446d003.jpg,0,0,0,0,1,0,0
23-Left_jpg.rf.2ad169fedbaa5395ed1f3ad694cec78f.jpg,0,1,0,0,0,0,0
1-Right_jpg.rf.19cc149a230b2b2d28d9d1ff71b81b23.jpg,0,0,1,0,0,0,0
30-Top-Down_jpg.rf.0eee4d061abd8766b9ae7598e0486478.jpg,0,1,0,0,0,0,0
31-Top-Down_jpg.rf.c419df5057cc4c6267d4685ce37611d3.jpg,0,0,0,0,1,0,0
37-Top-Down_jpg.rf.bab80cc497f5fcb49a4d96feca4618ba.jpg,0,0,0,1,0,0,0
30-Right_jpg.rf.f44de82ed9aa5d8c87cdc6e45e0b67b6.jpg,0,0,0,0,0,1,0
6-Left_jpg.rf.3b141632a16307aa800a35a6af6c7b57.jpg,0,0,0,0,1,0,0
2-Right_jpg.rf.6bf719755a6115551d83c640b9acff76.jpg,0,0,1,0,0,0,0
32Top-Down_jpg.rf.020ba168fd4ffb4bd8e5f21a17ef6f58.jpg,0,0,0,1,0,0,0
23-Back_jpg.rf.2085039a5938e33599f07ee2df587fa8.jpg,0,0,1,0,0,0,0
2-Top-Down_jpg.rf.f413b2a79b1d70d698135b6c1db43c55.jpg,0,0,1,0,0,0,0
55-Front_jpg.rf.14f0eb76d742dbad466d40c0a6e2250b.jpg,0,0,0,0,1,0,0
12-Left_jpg.rf.78e97971c9f3b394a864b81ad85b391d.jpg,0,0,1,0,0,0,0
37-Back_jpg.rf.2e7b41e6202b348989ba5380552cf0f2.jpg,0,0,0,1,0,0,0
29-Top-Down_jpg.rf.d215cda83f713bfa735cfc01342d6e2c.jpg,0,0,0,0,0,1,0
20-Top-Down_jpg.rf.167697e674d64728ec04b1f45d9de69a.jpg,0,1,0,0,0,0,0
23-Right_jpg.rf.b358173a185ffa8160c6aba37b967aad.jpg,0,1,0,0,0,0,0
3-Right_jpg.rf.43507775ce24402b2271445924e31fb6.jpg,0,0,0,0,1,0,0
36-Front_jpg.rf.1cca1701bc651c03aab95e1fedd091d0.jpg,0,0,0,1,0,0,0
6-Left_jpg.rf.d87a5c3092d8efa2306a660eb50c12c4.jpg,0,0,0,0,1,0,0
3-Right_jpg.rf.3e031bbc6a5c5d2a1fc50715512ab97b.jpg,0,0,1,0,0,0,0
37-Right_jpg.rf.eea67fed109c81f7335ec60c44ff50e6.jpg,0,0,0,1,0,0,0
23-Top-Down_jpg.rf.d4d00b6505ac7def65d74bb3e933c297.jpg,0,1,0,0,0,0,0
3-Front_jpg.rf.202518fcce575600d2e90c23e9345b1e.jpg,0,0,0,1,0,0,0
31Front_jpg.rf.93d0b6fdc28f418bbe7b45f541e52573.jpg,0,1,0,0,0,0,0
3-Top-Down_jpg.rf.92d89ecc04f883bb68582d6fb16eac1c.jpg,0,0,0,1,0,0,0
36-Top-Down_jpg.rf.19d8ddb2c1626f4625db6ddbbfcdc587.jpg,0,0,0,1,0,0,0
33-Back_jpg.rf.dd07dd5818db9058399d5c0ed98f27ec.jpg,0,1,0,0,0,0,0
36-Left_jpg.rf.a771069e068fa844407f10add5b60ef0.jpg,0,0,0,1,0,0,0
31Left_jpg.rf.a6f28f1036911e863f5bf37e4fe8ffa9.jpg,0,1,0,0,0,0,0
30-Back_jpg.rf.23154c69d5f4227f62c05c7431a91674.jpg,0,0,0,0,0,0,1
31-Back_jpg.rf.1e3449de2f9dbfbf9f6bbeb1f718a720.jpg,0,0,1,0,0,0,0
27-Back_jpg.rf.c091456eb1a232c413fadad23a02a8f0.jpg,0,1,0,0,0,0,0
51-Top-Down_jpg.rf.5108b6218c34e6dbcda74f8a051b5041.jpg,0,0,1,0,0,0,0
3-Back_jpg.rf.233e2422a6d616e3446b606554e945cd.jpg,0,0,0,0,1,0,0
17-Right_jpg.rf.b0f66a91239f72b9d34fad016fb425bb.jpg,0,0,1,0,0,0,0
12-Back_jpg.rf.5ccd1245a4648635eb3d32d2fdd0eb1f.jpg,0,0,1,0,0,0,0
30-Right_jpg.rf.8e138ff6ee625d9d4c38ec5928659ffe.jpg,0,0,0,0,0,1,0
57-Front_jpg.rf.3983e94140142aa112d24c6985330421.jpg,0,0,0,1,0,0,0
38-Left_jpg.rf.b6bc2d7960a20b61b606bb9f26aff65e.jpg,0,0,0,1,0,0,0
38-Back_jpg.rf.d9d314cda333947846b4afdf693187e3.jpg,0,0,0,1,0,0,0
30-Top-Down_jpg.rf.53e7385163ddcede539efebfdeccac53.jpg,0,1,0,0,0,0,0
27-Top-Down_jpg.rf.9153a9621d207172909c38494bf7128b.jpg,0,1,0,0,0,0,0
20-Back_jpg.rf.82e250306868e41b43efd53f70ba35b7.jpg,0,1,0,0,0,0,0
1-Right_jpg.rf.f96cc512e4ac632643a3261788fa81af.jpg,0,0,1,0,0,0,0
36-Right_jpg.rf.346bdf9201b1641921dc7e74b3c4bd10.jpg,0,0,0,1,0,0,0
1-Left_jpg.rf.f3d32fe44fd0a416fe493416b2823b20.jpg,0,0,1,0,0,0,0
35-Top-Down_jpg.rf.aaaacc2821b0ac0240aa0ddc8a5a828d.jpg,0,0,0,1,0,0,0
32-Right_jpg.rf.c0570e7428cc1a3c2061fd0e84a8771e.jpg,0,1,0,0,0,0,0
30-Right_jpg.rf.cca1b1dba4354c4714e431773d2b6a7f.jpg,0,0,1,0,0,0,0
22-Top-Down_jpg.rf.0f38a9672b207ea0c061f5aca724f521.jpg,0,1,0,0,0,0,0
38-Right_jpg.rf.e1c4f19fa8d066fb501d8471e8eb644f.jpg,0,0,0,1,0,0,0
exhibition_202210_0000065_jpg.rf.ae592ad1814638ca75445b3fc92cdbf7.jpg,1,0,0,0,0,0,0
32Left_jpg.rf.ebe227dd7f192c58a3637538e9ac775d.jpg,0,1,0,0,0,0,0
12-Right_jpg.rf.7727252244ee44f892352c6668cb9bbe.jpg,0,0,1,0,0,0,0
33-Back_jpg.rf.a68f3da2d067446d2772ccbad602f842.jpg,0,1,0,0,0,0,0
6-Right_jpg.rf.2b81ab947d31b8fe648ec3f62c298b56.jpg,0,0,1,0,0,0,0
30-Left_jpg.rf.fd0157a621ceab14995649aaa4ff678f.jpg,0,0,0,0,0,0,1
37-Left_jpg.rf.fe7e276904d102635e27cb1d9e87eb5b.jpg,0,0,0,1,0,0,0
39-Front_jpg.rf.fdd040ec17cae03cfc30ee256e44fa16.jpg,0,0,0,1,0,0,0
27-Front_jpg.rf.bd825b5d47c34ab5e80eacd99ec5cd87.jpg,0,1,0,0,0,0,0
39-Top-Down_jpg.rf.2efc9605853f2fac66c3fdefdcf855eb.jpg,0,0,0,1,0,0,0
23-Front_jpg.rf.4bb1427e3d9242e5589d972f7304f5c1.jpg,0,1,0,0,0,0,0
23-Back_jpg.rf.c7d7c7b2f349d0c79c7c293fda4fe1f7.jpg,0,0,1,0,0,0,0
2-Top-Down_jpg.rf.b3cb2e05451eb6739de4ae9c2d7a879c.jpg,0,0,1,0,0,0,0
32Top-Down_jpg.rf.295f50966d3f546995c1704afcce429c.jpg,0,0,0,1,0,0,0
27-Right_jpg.rf.8748c4c246b67c9cb046ab4928a3eb33.jpg,0,1,0,0,0,0,0
17-Left_jpg.rf.26424c4d61e49068dfb344a81422c783.jpg,0,0,1,0,0,0,0
33-Top-Down_jpg.rf.65a1fad0d4de3350b74995a45962cdbf.jpg,0,1,0,0,0,0,0
20-Front_jpg.rf.e6a451712a8ddb51d419dcd99856983b.jpg,0,1,0,0,0,0,0
12-Top-Down_jpg.rf.fbbf6d9b032711880e0ec28db2046d99.jpg,0,0,1,0,0,0,0
17-Top-Down_jpg.rf.5025b376effc8a096821133e968ef86c.jpg,0,0,1,0,0,0,0
7-Back_jpg.rf.1bc98fa184e18830dd3841ab6154b555.jpg,0,0,0,1,0,0,0
33-Back_jpg.rf.2359222b3596ac59ade3d6b3fa052cb3.jpg,0,1,0,0,0,0,0
2-Back_jpg.rf.9c0095b5cf0ca81468f0a95b8ddde26d.jpg,0,0,1,0,0,0,0
34-Top-Down_jpg.rf.e14789cb96a047299f2a020d04cb658b.jpg,0,0,0,1,0,0,0
27-Left_jpg.rf.be1ab43022ee7df6eb54c7cb3a9742a8.jpg,0,1,0,0,0,0,0
30-Left_jpg.rf.9760a9f3f5ce8047345bf8f12a9c51db.jpg,0,0,0,1,0,0,0
31-Top-Down_jpg.rf.cd87afbcdb35d23d2d50a7fef94cf514.jpg,0,0,0,0,1,0,0
30-Back_jpg.rf.b5d1ac6249b2da531f787335023a66eb.jpg,0,0,0,0,0,1,0
exhibition_202210_0000030_jpg.rf.e9a4371f592743265aba3c8f7e35eda0.jpg,1,0,0,0,0,0,0
30-Left_jpg.rf.fbab96c1c8156d159dbf355395bfb1b4.jpg,0,0,0,0,1,0,0
38-Top-Down_jpg.rf.76163a4a381ecbbb3e63541d86169c32.jpg,0,0,0,1,0,0,0
7-Top-Down_jpg.rf.3e566c77a5baf2d6862dcbdaaacf906b.jpg,0,0,0,1,0,0,0
7-Front_jpg.rf.a78f84234f904d39f27cd8ff91f4dd7d.jpg,0,0,0,1,0,0,0
7-Left_jpg.rf.dcbcb28b323ae584d5c4c291fc05fd2b.jpg,0,0,0,1,0,0,0
34-Top-Down_jpg.rf.6527fe714f11782ecdd8ab753c740855.jpg,0,0,0,0,1,0,0
24-Right_jpg.rf.5d9b0b1b9973556b10bf6a07d5765fb5.jpg,0,0,1,0,0,0,0
30-Front_jpg.rf.b6eefb9a7dc7f932b8fe65aa39de629f.jpg,0,0,0,1,0,0,0
39-Back_jpg.rf.752600a9d3a43e4105ad30a6e8b4f2dc.jpg,0,0,0,1,0,0,0
39-Left_jpg.rf.e10dd595771eb8642f51eca5d161dba4.jpg,0,0,0,1,0,0,0
29-Left_jpg.rf.761b15fac0a8d91715025123d38da51d.jpg,0,0,1,0,0,0,0
33-Back_jpg.rf.1be174277277dd6b468b8c0e89edf914.jpg,0,1,0,0,0,0,0
27-Left_jpg.rf.f1fec2cc20fb8b6c0d25b8c363092049.jpg,0,0,0,0,1,0,0
14-Left_jpg.rf.a2f5fc17a6b4292d28cb89a7c6e8d19a.jpg,0,0,1,0,0,0,0
31Front_jpg.rf.a21da1c2962637340093c180176cd079.jpg,0,1,0,0,0,0,0
34-Right_jpg.rf.4ae6368b20b33f88d06cff5cf6ec2f96.jpg,0,0,0,1,0,0,0
2-Right_jpg.rf.7cd44d8cb322e570738184489369c3a5.jpg,0,0,1,0,0,0,0
3-Left_jpg.rf.6ff04c65eda28385500d44ea5d99393a.jpg,0,0,0,0,0,0,1
11-Top-Down_jpg.rf.ff96e88b4a4f509ca1abc99be0482857.jpg,0,0,0,1,0,0,0
6-Front_jpg.rf.9d1b0d16310a28a710c3ee57ce18909c.jpg,0,0,0,0,0,0,1
11-Top-Down_jpg.rf.a8b81a86993f706bb91236233a9d5ba5.jpg,0,0,0,1,0,0,0
3-Right_jpg.rf.09d40ba53f8cd4be091c4dd111cf193c.jpg,0,0,0,0,0,0,1
5-Left_jpg.rf.db1cb4fd8439dadae7c6fa6e97eff3db.jpg,0,0,0,0,0,0,1
11-Left_jpg.rf.bdefdc2baf10275297ccc50b2f4481d3.jpg,0,0,0,0,0,0,1
13-Left_jpg.rf.ef79566fc6125a41ef775c3917a65109.jpg,0,0,0,0,0,0,1
3-Back_jpg.rf.fe68ae6f45b4fa16472c5de745841138.jpg,0,0,0,0,0,0,1
13-Back_jpg.rf.f60f3ab9a8856c1c0f12a8336e7d2372.jpg,0,0,0,0,0,0,1
11-Left_jpg.rf.302797a9f11f8b8e2c7d27eabc6d64a6.jpg,0,0,0,1,0,0,0
11-Right_jpg.rf.8c178f4115ef10819a1004ffa4777aef.jpg,0,0,0,0,0,0,1
1-Top-Down_jpg.rf.99be620805f4f3ff928b46d6ab3cf694.jpg,0,0,0,0,0,0,1
5-Front_jpg.rf.3d58d52554d2e255e0dc018f574d4081.jpg,0,0,0,0,0,0,1
2-Top-Down_jpg.rf.628627dfbd2760f7655ffd214ea5aa9d.jpg,0,0,0,0,0,0,1
12-Front_jpg.rf.90da60373eafd64d62ee3ba17a565a57.jpg,0,0,0,1,0,0,0
14-Back_jpg.rf.3bcea185b4dd1f2d0c525192cdb70ef1.jpg,0,0,0,0,0,0,1
4-Back_jpg.rf.a1830595d4256092c6222f9b838cbf21.jpg,0,0,0,0,0,0,1
5-Front_jpg.rf.7f15c77533ea0b38824e8bd0840f8735.jpg,0,0,0,0,0,0,1
4-Left_jpg.rf.5a41b89a06474dcf847d654f487386c7.jpg,0,0,0,0,0,0,1
1-Right_jpg.rf.13a3e73d78adab109b9b8ed0e25a95c2.jpg,0,0,0,0,0,0,1
4-Right_jpg.rf.013b7db5f717ec2b8d50943b938921d1.jpg,0,0,0,0,0,0,1
8-Front_jpg.rf.86ad37562943a6f6aaaec494f3cec001.jpg,0,0,0,0,0,0,1
3-Top-Down_jpg.rf.6d9b8e812c930dd4db3cf3db83ca3d22.jpg,0,0,0,0,0,0,1
13-Top-Down_jpg.rf.58a8b60728cf60b03e38ba0e71a81a2e.jpg,0,0,0,0,0,0,1
1-Top-Down_jpg.rf.c509ec9e78d99ba5838ca2fb45c2042e.jpg,0,0,0,0,0,0,1
11-Left_jpg.rf.1b40212f2b6ff5f56c434ed121cfb2f9.jpg,0,0,0,0,0,1,0
4-Back_jpg.rf.45622a604b7de49b5777020b7bcb3663.jpg,0,0,0,0,0,0,1
12-Front_jpg.rf.e6e9e3eafbbbcf9bff67c397f5989c2e.jpg,0,0,1,0,0,0,0
12-Left_jpg.rf.5beb9eb376260d9a1142cae3fdfb668a.jpg,0,0,0,1,0,0,0
6-Left_jpg.rf.f02268c6dbe845c6977558df3c95b4a7.jpg,0,0,0,0,0,0,1
5-Left_jpg.rf.813d1f57e0a991f008c5239a8f4f5411.jpg,0,0,0,0,0,0,1
12-Front_jpg.rf.26e7b9856f9791cbc757848d8aaeed9b.jpg,0,0,1,0,0,0,0
4-Right_jpg.rf.23f4407913129bacf18ed997490b2e7d.jpg,0,0,0,0,0,0,1
11-Back_jpg.rf.da399be53dfdf67409170757d8b85b84.jpg,0,0,0,0,0,1,0
1-Right_jpg.rf.05f9b0eb08a16e13728ed1af3d5bf0af.jpg,0,0,0,0,0,0,1
3-Top-Down_jpg.rf.c2ead08e95a108a55c1d39c75dc30a03.jpg,0,0,0,0,0,0,1
6-Front_jpg.rf.45f3a9b223d2a167b602e82215cb4e45.jpg,0,0,0,0,0,0,1
12-Left_jpg.rf.584b3e0284223ba8ddf4351e39c4d24a.jpg,0,0,0,1,0,0,0
11-Top-Down_jpg.rf.c54449317c4a3ac18bc1fe2a746bd1e8.jpg,0,0,0,1,0,0,0
5-Top-Down_jpg.rf.f4ad2d404dbd647a609ef038725fc818.jpg,0,0,0,0,0,0,1
13-Left_jpg.rf.ed355d4076c842029c28bc657887d128.jpg,0,0,0,0,0,0,1
6-Back_jpg.rf.c4857a6e09573514a7250521b42ecb44.jpg,0,0,0,0,0,0,1
4-Left_jpg.rf.dd531bc5a35c66bc5063c0bb01ede18d.jpg,0,0,0,0,0,0,1
6-Right_jpg.rf.33de28a6d493c2ef2d582fb5303508b8.jpg,0,0,0,0,0,0,1
13-Top-Down_jpg.rf.14d78b678969d8f35ba728b26e110486.jpg,0,0,0,1,0,0,0
1-Front_jpg.rf.12a0c50d5e18d4b55f4b4dfe3d2909bc.jpg,0,0,0,0,0,1,0
12-Back_jpg.rf.fc72f25c7da47d12d7ffe8fbe2c85803.jpg,0,0,0,0,0,0,1
12-Right_jpg.rf.f6fdc675f2d3902620f87ad21fab6257.jpg,0,0,0,1,0,0,0
5-Right_jpg.rf.48568eb796c394679dede1eed6d232fa.jpg,0,0,0,0,0,0,1
3-Right_jpg.rf.497e0e76ec9f7057908fea0ce278efe1.jpg,0,0,0,0,0,0,1
5-Right_jpg.rf.325eb6ee01050b15ccdde0f7c7e56c47.jpg,0,0,0,0,0,0,1
14-Back_jpg.rf.7f7e7bfb900fd91153d91db59cbccaa9.jpg,0,0,0,0,0,0,1
11-Top-Down_jpg.rf.5afb22b96a4d8cdf532d218ee41c2643.jpg,0,0,0,0,0,0,1
1-Front_jpg.rf.6f07c981d0ea288e25162e2b5bed1655.jpg,0,0,0,0,0,0,1
13-Front_jpg.rf.b31d9fdd95593226c4ac403ce1988b57.jpg,0,0,0,1,0,0,0
1-Left_jpg.rf.3121cf430b105f7a748920c312ac9102.jpg,0,0,0,0,0,0,1
7-Left_jpg.rf.83aa6ec95c8835e40447d702badd8dcd.jpg,0,0,0,0,0,0,1
12-Back_jpg.rf.71b2d61dc7c8cf43d48b04d7af7632d9.jpg,0,0,0,0,0,0,1
8-Top-Down_jpg.rf.341a32576dddee5e6ec18bc94f8b4de1.jpg,0,0,0,0,0,0,1
12-Front_jpg.rf.75687d5de14d3f13f89e61c87c913c20.jpg,0,0,0,1,0,0,0
12-Right_jpg.rf.64dd81909304a6560540175d0850330f.jpg,0,0,0,1,0,0,0
16-Right_jpg.rf.1af4f2d292d17f647037d120b417bcc7.jpg,0,0,0,0,0,1,0
1-Top-Down_jpg.rf.9623ea084972caabce0d1cfca0388b38.jpg,0,0,0,0,0,0,1
13-Top-Down_jpg.rf.96e18d41b4dbe6e57d377a0669a636dd.jpg,0,0,0,0,0,0,1
7-Back_jpg.rf.a87d23c1cf7e0c1190a16867717fd911.jpg,0,0,0,0,0,0,1
7-Front_jpg.rf.740b216cf38c26653107c2bbd0531320.jpg,0,0,0,0,0,0,1
6-Top-Down_jpg.rf.99efced30b1a043281cbd5419f9c8f9c.jpg,0,0,0,0,0,0,1
12-Top-Down_jpg.rf.4eb4547da22243b69cc9c9c8412b6b17.jpg,0,0,0,0,0,1,0
13-Right_jpg.rf.6aeb5b445f48a356e5052921ddd0cb4a.jpg,0,0,0,0,0,0,1
9-Front_jpg.rf.fb441fd834c3e4b99c0dfe8563f1331c.jpg,0,0,0,0,0,0,1
9-Top-Down_jpg.rf.e28d73990a3bbb87e141b6fcba359f17.jpg,0,0,0,0,0,0,1
13-Left_jpg.rf.b28c1c3b746545a3ea6bf90fc6c96773.jpg,0,0,0,0,0,0,1
8-Back_jpg.rf.b1742d9b39ea3ed864aceb3ffb161d45.jpg,0,0,0,0,0,0,1
13-Left_jpg.rf.7cad7032f73e8d988305ed90c3b849df.jpg,0,0,0,1,0,0,0
16-Back_jpg.rf.a0c26162ce88ff9bfbb707f186fb51dd.jpg,0,0,0,0,0,1,0
14-Right_jpg.rf.e02eb6ca56bc82d6d6ccd32c4266aef2.jpg,0,0,0,1,0,0,0
8-Front_jpg.rf.971ded0b66ee90cdcefa3127d2b8c4d1.jpg,0,0,0,0,0,0,1
13-Right_jpg.rf.abf6d3794ac2d607a77a0c134f7300df.jpg,0,0,1,0,0,0,0
9-Back_jpg.rf.80d71ef29968752e19a528eea1d8c301.jpg,0,0,0,0,0,0,1
12-Left_jpg.rf.e7dc26601a0d396686a3bde2d41d02b6.jpg,0,0,0,1,0,0,0
7-Top-Down_jpg.rf.96fc5df41a74520584bf3d2608cb1ce9.jpg,0,0,0,0,0,0,1
16-Front_jpg.rf.712ce45b9e04debeace93c1ec0720794.jpg,0,0,0,0,0,1,0
14-Back_jpg.rf.060e47adc6988ac6c08893b1539273cc.jpg,0,0,0,0,0,0,1
9-Left_jpg.rf.56b66b43112234556621cb1fbb85aa5e.jpg,0,0,0,0,0,0,1
1-Back_jpg.rf.6a45e2fe055dc1ed2b260c0752d15233.jpg,0,0,0,0,0,1,0
11-Back_jpg.rf.3a579a93c33fea386b6ac0a76b68e848.jpg,0,0,0,0,0,1,0
13-Front_jpg.rf.0d90b492981aeb61795751dd8be24b3a.jpg,0,0,0,0,0,1,0
13-Top-Down_jpg.rf.5b815b7e13b595699a6d39b21bf1749b.jpg,0,0,0,1,0,0,0
7-Front_jpg.rf.d270875bfb9713c192aac009f3d9ad9e.jpg,0,0,0,0,0,0,1
14-Top-Down_jpg.rf.875df4319424ad46ff8df2866a61e761.jpg,0,0,0,1,0,0,0
12-Top-Down_jpg.rf.b109906286e2e57a9be4dab352d39f8f.jpg,0,0,0,0,0,1,0
1-Front_jpg.rf.39d552a19c52bf39f269c94e973ce858.jpg,0,0,0,0,0,1,0
1-Back_jpg.rf.60c61380ae9ba79d7004d060487239ca.jpg,0,0,0,0,0,1,0
8-Left_jpg.rf.41a32ac4775bcd80bf1cfdcf20871cda.jpg,0,0,0,0,0,0,1
9-Top-Down_jpg.rf.f7311feee42ecaa2fa8a397bcb16cca7.jpg,0,0,0,0,0,0,1
14-Front_jpg.rf.cac3df38b1759a50c8591b4af8f25356.jpg,0,1,0,0,0,0,0
9-Right_jpg.rf.9c921df038e9efeb197e92e46348a6a1.jpg,0,0,0,0,0,0,1
20230607_085214_jpg.rf.6ea2263cbda3592d9fa5f898a70d852a.jpg,1,0,0,0,0,0,0
14-Back_jpg.rf.1caa97d2dedfeb889894efe79cf8a364.jpg,0,0,0,0,0,1,0
14-Right_jpg.rf.fa8e3bca9e99ddbd4e08765179bdeba4.jpg,0,0,0,0,0,0,1
9-Front_jpg.rf.d0a28d9d91dcb2657c18629d1aa8aad0.jpg,0,0,0,0,0,0,1
15-Right_jpg.rf.7ebf6548cfafa5750689f7371a14bbff.jpg,0,0,0,0,0,1,0
14-Left_jpg.rf.9473a5568f6717c034b345343c6e3b40.jpg,0,0,1,0,0,0,0
14-Front_jpg.rf.6743cdc26cb9b0433059c80d00a6c97a.jpg,0,0,0,0,0,0,1
11-Top-Down_jpg.rf.0e016b392c47dcb9034c6d32b938bec9.jpg,0,0,0,0,0,1,0
12-Right_jpg.rf.9095d9f3f560d426a3a0cdcc86204489.jpg,0,0,0,1,0,0,0
14-Left_jpg.rf.4cee3666e7888000198494b72c868392.jpg,0,0,0,1,0,0,0
15-Left_jpg.rf.1cd319f398a7b72c949b5ba69613f001.jpg,0,0,0,0,0,1,0
14-Right_jpg.rf.ad72b307db1e3ec62b3e024290441fee.jpg,0,0,0,0,1,0,0
8-Right_jpg.rf.0f75b7054a252caaaca37602c276c188.jpg,0,0,0,0,0,0,1
14-Back_jpg.rf.c1c0a93b58e4ae2a9dfcd85a34e87c01.jpg,0,0,0,0,0,1,0
15-Left_jpg.rf.3c520f801c81318bc2c7c69b3635aafb.jpg,0,0,0,0,0,1,0
20230607_085214_jpg.rf.ddcec8763f1e5228f79c7943e5999074.jpg,1,0,0,0,0,0,0
MM-prod-doctorImg-2bf565da4aeb_jpg.rf.ae9f9335cb054f3e2cef6eb7ed7b9628.jpg,1,0,0,0,0,0,0
9-Back_jpg.rf.92ef4757f3f6e2dd1c2470ea8e937ba8.jpg,0,0,0,0,0,0,1
14-Front_jpg.rf.03ecc7746907d9404646ccf74c8b0c26.jpg,0,0,0,1,0,0,0
14-Front_jpg.rf.8e1d377c724cafbcc5cd5a76804c7ecb.jpg,0,0,0,0,0,1,0
15-Right_jpg.rf.63b79629e71031d9488afc9f7e5891aa.jpg,0,0,0,0,0,1,0
14-Left_jpg.rf.c210982b135d1ac794dad453d33ea65e.jpg,0,0,1,0,0,0,0
14-Left_jpg.rf.76a758b0f81a664df189eda3e88c7c05.jpg,0,0,0,1,0,0,0
14-Left_jpg.rf.15aa8ef837dc243ea2e781b0c00ec568.jpg,0,0,0,0,0,0,1
14-Right_jpg.rf.6f00ede77dea43b451db9e5047647b6c.jpg,0,0,0,0,1,0,0
14-Back_jpg.rf.a4b51e36a120d82108e795acbfb5c701.jpg,0,0,0,0,0,0,1
14-Left_jpg.rf.f8b9a5caf93e33feb2ea0759d119ffcb.jpg,0,0,1,0,0,0,0
13-Left_jpg.rf.f287243422715cee1ce31ac39edde229.jpg,0,0,0,0,0,0,1
11-Left_jpg.rf.f80533dfe483860d5c9e99d0bc54abd8.jpg,0,0,0,0,0,1,0
7-Left_jpg.rf.1d1d3a88a7ae5563acfe4129bb650be3.jpg,0,0,0,0,0,0,1
8-Back_jpg.rf.0ee2396964c88cf0aa267f180f63bf5b.jpg,0,0,0,0,0,0,1
7-Top-Down_jpg.rf.bf8daa7c7b1da19bcf8238dd4b2d6ea5.jpg,0,0,0,0,0,0,1
14-Front_jpg.rf.0cc8f044b270b9ed01fbc41d98c3af8d.jpg,0,1,0,0,0,0,0
8-Front_jpg.rf.7a3eae8f679146d7f3f9fa2ceebbf688.jpg,0,0,0,0,0,0,1
13-Front_jpg.rf.58d4e4103a4d41e1ef1d9fc69b826ca5.jpg,0,0,0,1,0,0,0
8-Right_jpg.rf.1a723a3efb4f894f616b7c1f5b64608d.jpg,0,0,0,0,0,0,1
14-Left_jpg.rf.3d93a8312dbb8f2bd6b38cefc1020a3c.jpg,0,0,0,0,0,0,1
13-Top-Down_jpg.rf.787a15b5028b6add47726b4d36a4439b.jpg,0,0,0,0,0,1,0
15-Back_jpg.rf.c06d2dd243c8b2617815a372bf7acffa.jpg,0,0,0,0,0,1,0
13-Left_jpg.rf.1df3ef8db4d2ccd470b2537122bff971.jpg,0,0,0,0,0,0,1
8-Top-Down_jpg.rf.97741e7b720f0dd297239d9b8fe3742f.jpg,0,0,0,0,0,0,1
13-Left_jpg.rf.bde353dfb61e35d787cb0090ab4f21df.jpg,0,0,0,1,0,0,0
13-Right_jpg.rf.4752ad721c332fe374685186fb877d9f.jpg,0,0,0,0,0,0,1
13-Right_jpg.rf.e7f0af2a5b08e6917ce2720e66249388.jpg,0,0,1,0,0,0,0
13-Front_jpg.rf.ea8bcde2d9f62e82ef97ec2c01de6da3.jpg,0,0,0,0,0,1,0
14-Right_jpg.rf.3dcf4e03c46e64fd88fe4bcd352b465a.jpg,0,0,0,0,0,0,1
14-Left_jpg.rf.88237fa17039e48593ce7dc477c8ea02.jpg,0,0,1,0,0,0,0
14-Front_jpg.rf.b75ac847b793e1bdd9edc635a6fbb42a.jpg,0,0,0,0,0,1,0
14-Top-Down_jpg.rf.ea938abc0327de6aa22108cfc2224255.jpg,0,0,0,0,0,1,0
14-Front_jpg.rf.21324a0dfb26c6c95ac9a0c954bb4956.jpg,0,0,0,0,0,0,1
9-Left_jpg.rf.b27d9bbcaab00df6c8c5513c29c10504.jpg,0,0,0,0,0,0,1
8-Left_jpg.rf.c96777eea9f152e1d9adbbffa6de5359.jpg,0,0,0,0,0,0,1
14-Right_jpg.rf.d4201d12e5d26d8895ec659ac4ce550a.jpg,0,0,0,1,0,0,0
14-Front_jpg.rf.cdadc33a290daada0a105faff8dc372d.jpg,0,0,0,0,0,0,1
11-Top-Down_jpg.rf.33d3431828c49ed70ef5079b6e6af975.jpg,0,0,0,0,0,1,0
15-Back_jpg.rf.5c3ab608b48f518d51118e5da2848f51.jpg,0,0,0,0,0,1,0
16-Back_jpg.rf.ffcaed952fbc8c6a7fe01cdd23184c56.jpg,0,0,0,0,0,1,0
13-Right_jpg.rf.57822faffa4e570855e75f8a6cbbd3a7.jpg,0,0,0,0,0,1,0
9-Right_jpg.rf.c1845b17b7a66adba04909f7d7ab8f7e.jpg,0,0,0,0,0,0,1
14-Front_jpg.rf.b0ef7ecf21598c9147289eb6eecb2814.jpg,0,0,0,0,0,0,1
13-Right_jpg.rf.b500f0a9a8414e01814310acb1202570.jpg,0,0,0,0,0,1,0
14-Front_jpg.rf.3ac2261fbea99fe691fd4c865fce9091.jpg,0,0,0,1,0,0,0
14-Top-Down_jpg.rf.2a181c2ad437044d8e927e352f259379.jpg,0,0,0,0,0,1,0
15-Right_jpg.rf.394a2b1a6e2cc31d727a370528b79246.jpg,0,0,1,0,0,0,0
13-Top-Down_jpg.rf.fbb85c37f7f4373b76cb94af0c612b3f.jpg,0,0,0,0,0,1,0
8-Right_jpg.rf.f86657d8711da9f8fdbbfe0d48f6ca3a.jpg,0,0,0,0,0,0,1
14-Top-Down_jpg.rf.c6453838cf701434f075cb16f0b15b47.jpg,0,0,0,0,0,1,0
16-Back_jpg.rf.f7012919591324ab39e664a28217c4e6.jpg,0,0,0,0,0,1,0
9-Left_jpg.rf.19f7aa55fce2028da17dbc0b9a49702b.jpg,0,0,0,0,0,0,1
19-Back_jpg.rf.16d4b22e50140596ba39567eea6981c5.jpg,0,0,0,0,0,1,0
9-Back_jpg.rf.a7c1e2897b17b312b3c0a822f8a56a62.jpg,0,0,0,0,0,0,1
16-Right_jpg.rf.809ed71626982e4b2ef9c17deca34df3.jpg,0,0,0,0,0,1,0
8-Top-Down_jpg.rf.61c7838e75e28079612cc5a68bacce2e.jpg,0,0,0,0,0,0,1
14-Front_jpg.rf.071ee7f8553acd7e298c3ca7a1aa038c.jpg,0,0,0,0,0,1,0
13-Left_jpg.rf.d0da2e072e1456afa51f60faa56eec15.jpg,0,0,0,1,0,0,0
14-Top-Down_jpg.rf.c64cd0f5e0b389eab9475eb69493e7be.jpg,0,0,0,1,0,0,0
2-Right_jpg.rf.52801cf1a02fc851278f5a43782b06d5.jpg,0,0,0,0,0,1,0
19-Right_jpg.rf.abb84f5ae1a06118d27ec83e973c9738.jpg,0,0,0,0,0,1,0
14-Left_jpg.rf.17e031bb558aa8359b2fb1462fe17f0a.jpg,0,0,1,0,0,0,0
2-Left_jpg.rf.55191aed1713ccea31b8a90dd532c812.jpg,0,0,0,0,0,1,0
18-Left_jpg.rf.ccc89cdfd912998ec4d943d6bc8ab423.jpg,0,0,0,0,0,1,0
16-Front_jpg.rf.6e2905b05f7b5724a6fa34d23d89a206.jpg,0,0,0,0,0,0,1
16-Top-Down_jpg.rf.2c5626e1748fbff908f3c0c5b16ea525.jpg,0,0,0,0,0,1,0
14-Back_jpg.rf.4bc6f43fdfdf9c57b9fc08fc9bb66896.jpg,0,0,0,0,0,0,1
15-Back_jpg.rf.bf025a20e20d2953fd00a6207e0de238.jpg,0,0,0,0,0,0,1
13-Right_jpg.rf.c5926f154a9d022bbf6b66a18071b9ad.jpg,0,0,1,0,0,0,0
9-Front_jpg.rf.9f95613239c2c08e3b9538850bde663a.jpg,0,0,0,0,0,0,1
13-Top-Down_jpg.rf.ceb61150b665a8136597aecab2049e4f.jpg,0,0,0,1,0,0,0
9-Right_jpg.rf.da0fdbcad9cce1a924241b345c4bc65d.jpg,0,0,0,0,0,0,1
13-Left_jpg.rf.e19bf5f286ad1c2b0088ee45b8eb1d3f.jpg,0,0,0,0,0,0,1
1-Back_jpg.rf.4c9a362ce59258848b148416b2c759e7.jpg,0,0,0,0,0,1,0
2-Top-Down_jpg.rf.c1b65a75f05687e81d0dc00d6043df4b.jpg,0,0,0,0,0,1,0
15-Top-Down_jpg.rf.628ed6f6d713732a20b71bdcaf50541b.jpg,0,0,0,0,1,0,0
15-Right_jpg.rf.f3308b46c1e45dae0a2863ed2c807a8c.jpg,0,0,0,0,0,1,0
13-Left_jpg.rf.1976aff25f60c63109c7a556e11d65d8.jpg,0,0,0,0,0,0,1
15-Top-Down_jpg.rf.32b5fe14cf802a382c454d31b60093cc.jpg,0,0,0,0,0,0,1
8-Left_jpg.rf.47f6277b9a1882019456f1f8d6ffaa22.jpg,0,0,0,0,0,0,1
13-Top-Down_jpg.rf.7b0e97659bd61928af958d5694922b26.jpg,0,0,0,0,0,0,1
16-Left_jpg.rf.60c298d3b08ed86a84f7fed9666f0a66.jpg,0,0,0,0,0,0,1
19-Left_jpg.rf.5683de01cb2fb6138cbc9de551b56fd2.jpg,0,0,0,0,0,1,0
14-Front_jpg.rf.caf4a4e126cabb4679b3b81f4c604fda.jpg,0,0,0,0,0,0,1
1-Front_jpg.rf.fcf5dbdf89cd8ed94986bbe5ede2b6a4.jpg,0,0,0,0,0,1,0
14-Front_jpg.rf.c73cba2182634bb49626e9ff74134d44.jpg,0,0,0,0,0,0,1
11-Top-Down_jpg.rf.dfa2f24de9112a8dcb91498d7acd74ff.jpg,0,0,0,0,0,1,0
2-Back_jpg.rf.c275fc89eacc0e7d7a13fed0e707caf4.jpg,0,0,0,0,0,1,0
13-Front_jpg.rf.1231bcd7c18f19db0dac3936e5af3357.jpg,0,0,0,0,0,1,0
19-Left_jpg.rf.f6740614834147d1403d12090e92c448.jpg,0,0,0,0,0,1,0
19-Front_jpg.rf.fc2042d0000d1ec4fd9d949617d86a27.jpg,0,0,0,0,0,1,0
18-Right_jpg.rf.21a12c774632fee536434b826d1df5b6.jpg,0,0,0,0,0,1,0
20-Left_jpg.rf.20d2889868176f9848a5352577f3fff4.jpg,0,0,0,0,0,1,0
15-Back_jpg.rf.ba68913090d276ef8a3fb156805b35b7.jpg,0,0,0,0,0,0,1
8-Front_jpg.rf.3725fd30932d80ff3aaeadd5ae2de62f.jpg,0,0,0,0,0,0,1
14-Left_jpg.rf.a7c2a27e126d5a455334ca3886d53120.jpg,0,0,0,1,0,0,0
11-Back_jpg.rf.1736da25f18a3e7ec3c9165c3f335a86.jpg,0,0,0,0,0,1,0
14-Back_jpg.rf.c870dcd8085839438814afdff5356758.jpg,0,0,0,0,0,0,1
14-Back_jpg.rf.336b8dff9de54e0281b55051320a8a51.jpg,0,0,0,0,0,1,0
14-Front_jpg.rf.42763ac0f3793d66a83c08a60ba27491.jpg,0,1,0,0,0,0,0
11-Left_jpg.rf.0492a0e8d3b5ae9bfc567f1b83e08067.jpg,0,0,0,0,0,1,0
9-Top-Down_jpg.rf.76d12f6321b2976ede3224a97201d1a5.jpg,0,0,0,0,0,0,1
14-Left_jpg.rf.cf113b1402bd2aedad1fd2d164886de8.jpg,0,0,0,0,0,0,1
18-Front_jpg.rf.1e04146f9c32563f62f23119f2857be7.jpg,0,0,0,0,0,1,0
15-Back_jpg.rf.42e5b5bf84d97f11731452295f2736be.jpg,0,0,0,0,0,1,0
16-Front_jpg.rf.624456eec3e6d5f633d3499a147cfc20.jpg,0,0,0,0,0,1,0
14-Left_jpg.rf.b093f25807d01eb752755d7b6061b76d.jpg,0,0,1,0,0,0,0
13-Top-Down_jpg.rf.0ca0afedc4009ec180bae6a893af3d98.jpg,0,0,0,0,0,1,0
16-Front_jpg.rf.cd1718bb5fce03f2ac36e1bbf0fd18e7.jpg,0,0,0,0,0,1,0
13-Right_jpg.rf.e7c3da8c90deeb7dcf67760f7508e338.jpg,0,0,0,0,0,1,0
13-Right_jpg.rf.13c473eff5dbb020b70d9dbe1a964fc5.jpg,0,0,0,0,0,0,1
16-Left_jpg.rf.77e41d281f48addbdd6d7a6419c913b4.jpg,0,0,0,0,0,1,0
15-Top-Down_jpg.rf.a1a643b643f8cc8d79485a1fb23d03f5.jpg,0,0,0,0,0,0,1
8-Top-Down_jpg.rf.19b32871e9f53b6363d57e6e8e779505.jpg,0,0,0,0,0,0,1
18-Right_jpg.rf.56cee5e6f2870bb2e734c44706b0407b.jpg,0,0,0,0,0,1,0
14-Right_jpg.rf.021645a260ef8520b8fa393215d86593.jpg,0,0,0,0,1,0,0
15-Left_jpg.rf.3ff0d814cd92af56f9b15c581909711f.jpg,0,0,0,0,0,1,0
15-Right_jpg.rf.5c45f597975e81b8e9c24d952fb0f9d6.jpg,0,0,0,0,0,1,0
14-Right_jpg.rf.5a6eb3ed90e92f0cc79ffd9f9bf8c799.jpg,0,0,0,1,0,0,0
16-Left_jpg.rf.c403252b3b808f27a790f002fc8d1db0.jpg,0,0,0,0,0,1,0
14-Top-Down_jpg.rf.6451b5af478218b7d55aae90febafa97.jpg,0,0,0,0,0,1,0
16-Back_jpg.rf.9eb7adb5e451538b1e89f3ec800a7354.jpg,0,0,0,0,0,1,0
13-Left_jpg.rf.b31bed4e438ff64af2b26ec6141f6505.jpg,0,0,0,1,0,0,0
13-Right_jpg.rf.cdebf058110c465c24681a26d82fd042.jpg,0,0,0,0,0,0,1
8-Right_jpg.rf.f35592b01b248b663ea0cdeb2ad45bbc.jpg,0,0,0,0,0,0,1
14-Top-Down_jpg.rf.30f6740114d8304a3aeabe46ead1d1a8.jpg,0,0,0,1,0,0,0
8-Left_jpg.rf.aac8b4f01075686e5ef76170d797d3da.jpg,0,0,0,0,0,0,1
14-Front_jpg.rf.fcf0698342fe38b51ddd343bca2137c4.jpg,0,0,0,1,0,0,0
9-Back_jpg.rf.a01b5b0b97cada62fba8d7c9575100d2.jpg,0,0,0,0,0,0,1
19-Back_jpg.rf.98ae768134d8d98039729098c4df9e99.jpg,0,0,0,0,0,1,0
2-Back_jpg.rf.bebd4bf5f005772c9f8682c73278a9ef.jpg,0,0,0,0,0,1,0
16-Back_jpg.rf.b75399669430153c6ea0238f33ae7721.jpg,0,0,0,0,0,1,0
19-Right_jpg.rf.67c04a424405bc389ea3b06299e500b1.jpg,0,0,0,0,0,1,0
16-Right_jpg.rf.c891a57010a8d44943d1d9018417bedd.jpg,0,0,0,0,0,1,0
19-Front_jpg.rf.d5a9dd97ebc3da39dc022b06b9377d80.jpg,0,0,0,0,0,1,0
14-Left_jpg.rf.dfa1949d2fdf5620b6dc2bd0b6f8f176.jpg,0,0,0,0,0,0,1
14-Top-Down_jpg.rf.7a8d9f24d8ff07b57f56874a1c0be689.jpg,0,0,0,0,0,1,0
14-Left_jpg.rf.2df2caa6405e240884507562ccdde85c.jpg,0,0,1,0,0,0,0
16-Left_jpg.rf.a78290afe540a0fd95afb50769aef2bc.jpg,0,0,0,0,0,0,1
MM-prod-doctorImg-2ca7c67adbf5_jpg.rf.a2f566cffbc1c596548b1d3696fcd045.jpg,1,0,0,0,0,0,0
16-Front_jpg.rf.be915a842125c8983f34f44ed36d568e.jpg,0,0,0,0,0,0,1
16-Back_jpg.rf.a9ffae2b24ee26ca0ca3db9a36c02b82.jpg,0,0,0,0,0,1,0
2-Right_jpg.rf.1705dd312684ec501b7c8a392a6cb9c9.jpg,0,0,0,0,0,1,0
14-Right_jpg.rf.9e58ebd88af8e8fc7b3beb874bb4a518.jpg,0,0,0,0,0,0,1
9-Left_jpg.rf.ad82781c605887308bdd19bc73ad090e.jpg,0,0,0,0,0,0,1
15-Right_jpg.rf.422ccc1b1fe5b553f98e4994401da207.jpg,0,0,1,0,0,0,0
14-Right_jpg.rf.7ec8ad9bc977e705b46f317dcb93feb9.jpg,0,0,0,0,0,0,1
13-Right_jpg.rf.8bf82b94f9dcf3dfd392fc34cc991034.jpg,0,0,1,0,0,0,0
14-Left_jpg.rf.bfebf256828daa6ea6bdcfcafa361022.jpg,0,0,0,1,0,0,0
2-Left_jpg.rf.1ef8a2a0620b6054ed0976c66003c3c2.jpg,0,0,0,0,0,1,0
14-Front_jpg.rf.73a30485751920c7eaf21445fac25040.jpg,0,0,0,0,0,0,1
13-Left_jpg.rf.a6f30d7ca2edcfac8009bd1873b77269.jpg,0,0,0,0,0,0,1
14-Top-Down_jpg.rf.e803ff522f538acb9a662b6c881f1c03.jpg,0,0,0,1,0,0,0
13-Top-Down_jpg.rf.188ad0550b0560a5669ae02384227ecf.jpg,0,0,0,0,0,0,1
13-Top-Down_jpg.rf.09a7c8640d53222eb8ba15b5a9cea4d3.jpg,0,0,0,0,0,1,0
1-Back_jpg.rf.23d44c6640663ee26390cff881345aa5.jpg,0,0,0,0,0,1,0
2-Top-Down_jpg.rf.40b966f064225065aee3e1ef39a72b57.jpg,0,0,0,0,0,1,0
1-Front_jpg.rf.86be104400999896a76b57dd23041a21.jpg,0,0,0,0,0,1,0
9-Right_jpg.rf.5174a1ed45cde5976aa7c5dfde572515.jpg,0,0,0,0,0,0,1
13-Right_jpg.rf.898f3a5008f9925e13038332b6c3ecc6.jpg,0,0,0,0,0,1,0
14-Back_jpg.rf.2b8c52c53116735cad8d6f2d49c0f8a6.jpg,0,0,0,0,0,1,0
15-Top-Down_jpg.rf.09c6ab879fc14b727a22d194a05aa5e1.jpg,0,0,0,0,1,0,0
16-Top-Down_jpg.rf.96948b9c4a9f9bca1df5b58cb8a0dd57.jpg,0,0,0,0,0,1,0
14-Left_jpg.rf.1dfe7f3ec5e0f492156fa8f6c61ca475.jpg,0,0,0,0,0,0,1
18-Left_jpg.rf.f3e58a99bab1ff9eaa14a09f697e71b8.jpg,0,0,0,0,0,1,0
9-Top-Down_jpg.rf.acfb7a124bcc739ffb16a635ebe480af.jpg,0,0,0,0,0,0,1
MM-prod-doctorImg-2bf565da4aeb_jpg.rf.0f627e352f51504c4d5a474928368a6a.jpg,1,0,0,0,0,0,0
13-Top-Down_jpg.rf.fa6754cf3e5070ecef85bf248b04aa5a.jpg,0,0,0,1,0,0,0
13-Top-Down_jpg.rf.4fe7f4031a20f653787cf85795ad19db.jpg,0,0,0,1,0,0,0
15-Right_jpg.rf.8c0f91a89e4d28194fb320f511276b93.jpg,0,0,0,0,0,1,0
18-Front_jpg.rf.8654928642c0fcbcc326b068d40ddc33.jpg,0,0,0,0,0,1,0
14-Front_jpg.rf.7152506d0c139290e6146e5618c425eb.jpg,0,0,0,0,0,1,0
14-Top-Down_jpg.rf.fbcc85114dc01a056dfcfcdf74db1817.jpg,0,0,0,0,0,1,0
1-Back_jpg.rf.b992218a1284d7f245c37e32485ed6b0.jpg,0,0,0,0,0,1,0
14-Top-Down_jpg.rf.bf4fd1d56e2d86c716d7f920de3715a6.jpg,0,0,0,0,0,1,0
MM-prod-doctorImg-2ca7c67adbf5_jpg.rf.d9774fb7b0e4112c9e62359092e539b1.jpg,1,0,0,0,0,0,0
16-Right_jpg.rf.fd89df34ff7c3b85947f791ca22212f0.jpg,0,0,0,0,0,1,0
13-Top-Down_jpg.rf.bac15b0aadcb69e8f203018899ed2a78.jpg,0,0,0,0,0,0,1
14-Back_jpg.rf.b8ca5a641499ad59a260f7c6f0d0616a.jpg,0,0,0,0,0,0,1
14-Front_jpg.rf.d58fda780524f2b1152eb5275ac0d7bb.jpg,0,0,0,0,0,0,1
11-Back_jpg.rf.76c5c9d369b04529b85f037896bc9299.jpg,0,0,0,0,0,1,0
15-Back_jpg.rf.83f1b71a0f0b5bb83f6230e42fbaf8f6.jpg,0,0,0,0,0,1,0
13-Front_jpg.rf.4356f685fd47340a4c0522b4db9b7ee3.jpg,0,0,0,0,0,1,0
14-Right_jpg.rf.aceb3185ddf95188691083e4bc511846.jpg,0,0,0,0,1,0,0
14-Left_jpg.rf.b064d6ce1e9a933235b658f46b85c103.jpg,0,0,1,0,0,0,0
9-Front_jpg.rf.848fe9376bceaed3a2ea59d74d7586c1.jpg,0,0,0,0,0,0,1
9-Back_jpg.rf.29bf2835fbbbe2c448dd5ce37d5685d1.jpg,0,0,0,0,0,0,1
15-Back_jpg.rf.2c3b7b43ea1c4bc718338bc17b1d3bfd.jpg,0,0,0,0,0,1,0
20-Left_jpg.rf.b895be72c30022cf8c2de29e92d32801.jpg,0,0,0,0,0,1,0
15-Right_jpg.rf.3ba4614705df348a6f9cabaf874cd363.jpg,0,0,0,0,0,1,0
14-Back_jpg.rf.f326843d692403d15fc3aff721834280.jpg,0,0,0,0,0,0,1
13-Left_jpg.rf.74c8c437acb49d174a3803296e3e1ebe.jpg,0,0,0,0,0,0,1
14-Front_jpg.rf.a0d708f98548182bc6c98856a89abe26.jpg,0,0,0,1,0,0,0
11-Left_jpg.rf.2b9927d6929b8746306ed856bdcf1470.jpg,0,0,0,0,0,1,0
16-Top-Down_jpg.rf.bca8771029e52acce0d6e190a222e9eb.jpg,0,0,0,0,0,1,0
9-Front_jpg.rf.e9a3f635c0ac5436d68cf7482755cacc.jpg,0,0,0,0,0,0,1
15-Right_jpg.rf.9a16b1bcb16ad87d1b827162b031a28f.jpg,0,0,0,0,0,1,0
1-Front_jpg.rf.5ee6208d8ebd79c2ed9c13c10b9ee0b8.jpg,0,0,0,0,0,1,0
14-Front_jpg.rf.0aa5cca843406a093c1e0f3a9e723b08.jpg,0,1,0,0,0,0,0
MM-prod-doctorImg-2bf565da4aeb_jpg.rf.0c0ffc4bfda9cc62e0a981a4acd6729f.jpg,1,0,0,0,0,0,0
15-Left_jpg.rf.a21450105d53c7d840fd999a65af74f1.jpg,0,0,0,0,0,1,0
11-Top-Down_jpg.rf.b9f33c142a40b4d47178a7b57c403f28.jpg,0,0,0,0,0,1,0
8-Top-Down_jpg.rf.beb6fbb29ce84aa4edfde862afc03f7b.jpg,0,0,0,0,0,0,1
14-Back_jpg.rf.93cd8ded33710add0b21673cde4c2c63.jpg,0,0,0,0,0,0,1
11-Top-Down_jpg.rf.46b10d57de720fa05e04bfcead75fb3e.jpg,0,0,0,0,0,1,0
14-Front_jpg.rf.e8844e6b617e2d4abb3482c57ea1b9a9.jpg,0,0,0,1,0,0,0
14-Right_jpg.rf.dad011c93963baafbd869032090d2d28.jpg,0,0,0,1,0,0,0
14-Back_jpg.rf.d1964da439fce94adc9d7821aebf6cbb.jpg,0,0,0,0,0,0,1
14-Front_jpg.rf.8a54805d03b962998294b1c6ff388f23.jpg,0,0,0,0,0,0,1
19-Right_jpg.rf.5c185cec8b4efeec2fa3e2c3f9960e60.jpg,0,0,0,0,0,1,0
11-Left_jpg.rf.85ff9ffb3fafe8d2cc1ae5a53a833262.jpg,0,0,0,0,0,1,0
14-Front_jpg.rf.960ef21e728036675d4e92e7e9c6b292.jpg,0,1,0,0,0,0,0
16-Front_jpg.rf.d4d2fd43c6bafab438676e1c2ac9992f.jpg,0,0,0,0,0,1,0
13-Front_jpg.rf.16bf2a44ff52894e558cf4aeb1e4084a.jpg,0,0,0,0,0,1,0
14-Top-Down_jpg.rf.6376fd99e79fb3f2d3a437308bf5e573.jpg,0,0,0,0,0,1,0
13-Right_jpg.rf.4cc1429359dcaf95aec9ed986d5cd6c0.jpg,0,0,0,0,0,1,0
14-Front_jpg.rf.01674c4e959061ea752db8e989d1a57d.jpg,0,0,0,0,0,0,1
19-Front_jpg.rf.857c7660aea58c14748d6a30b6a48f16.jpg,0,0,0,0,0,1,0
11-Back_jpg.rf.ef7c551c025ea101baec6cdc997e48c4.jpg,0,0,0,0,0,1,0
14-Left_jpg.rf.8d255f912a180ca7b8595cec7e65523e.jpg,0,0,0,1,0,0,0
14-Front_jpg.rf.b2cb2d2cdf257e2c02b80320fb4d26a8.jpg,0,0,0,0,0,1,0
14-Back_jpg.rf.ec86878371a4c36300690dd3d3cb0f3a.jpg,0,0,0,0,0,1,0
15-Top-Down_jpg.rf.08f77854f7fae9b8f5d96df52fbaab2e.jpg,0,0,0,0,0,0,1
15-Back_jpg.rf.2bce83af7544799d37e97cb0d6b9e88f.jpg,0,0,0,0,0,0,1
18-Left_jpg.rf.9b6113e6c5b05d136b21df2c9be8f035.jpg,0,0,0,0,0,1,0
MM-prod-doctorImg-2bf565da4aeb_jpg.rf.cd1e5d870040dbd88576a98bfa2d240f.jpg,1,0,0,0,0,0,0
13-Right_jpg.rf.41da4c84a912e1ae7cf0af7a45d8a0e7.jpg,0,0,1,0,0,0,0
13-Top-Down_jpg.rf.8d3a05e53162615aff3e5c603d7c6c70.jpg,0,0,0,0,0,1,0
9-Right_jpg.rf.c3aa245a6e9f168fff71c0c8b8c9136e.jpg,0,0,0,0,0,0,1
14-Right_jpg.rf.e27626aef32fe9653f29d942c19adee3.jpg,0,0,0,0,0,0,1
2-Left_jpg.rf.aaf9b6f1ddc7dadf1e907c11ae7bbf89.jpg,0,0,0,0,0,1,0
13-Right_jpg.rf.cbf232524b5b1896b6cef087ffaa0ff8.jpg,0,0,0,0,0,0,1
16-Back_jpg.rf.0bd72f2b6e8666726f381caed6be2d7f.jpg,0,0,0,0,0,1,0
9-Left_jpg.rf.d4906367b5d9367338335aac99ff6d58.jpg,0,0,0,0,0,0,1
14-Right_jpg.rf.a2a7186a33aad8a42960f21ad857dee5.jpg,0,0,0,1,0,0,0
9-Top-Down_jpg.rf.adb53eb206789506fb1fbab9f639491c.jpg,0,0,0,0,0,0,1
18-Front_jpg.rf.5769ec5eaeb07ba00d1f27e12a474eed.jpg,0,0,0,0,0,1,0
16-Back_jpg.rf.6e5e18b7e26f0c1add60e5d0dc17e331.jpg,0,0,0,0,0,1,0
19-Left_jpg.rf.73cd1448044571dc1fc4a52931020123.jpg,0,0,0,0,0,1,0
16-Front_jpg.rf.9798191f8c1da323c40ed7ed7b81d0fc.jpg,0,0,0,0,0,1,0
2-Right_jpg.rf.53539bb01db6a0c34359b00e5bea99eb.jpg,0,0,0,0,0,1,0
16-Right_jpg.rf.74de64b425d06255985bdac1432728f0.jpg,0,0,0,0,0,1,0
15-Right_jpg.rf.d6d6c2ac4ba9af048527fab362279eb3.jpg,0,0,0,0,0,1,0
2-Top-Down_jpg.rf.9f703e62e954fecfa43be95552dbab0f.jpg,0,0,0,0,0,1,0
14-Left_jpg.rf.d3932014732daa2ad90a68d450782e03.jpg,0,0,1,0,0,0,0
19-Back_jpg.rf.2b8143418673686a31ff3fe4fc72d309.jpg,0,0,0,0,0,1,0
2-Back_jpg.rf.eb047bb963e0e982c65b07b00cbf7a2a.jpg,0,0,0,0,0,1,0
15-Right_jpg.rf.3400c9a871c3c7847c87c4f3537adb87.jpg,0,0,1,0,0,0,0
18-Front_jpg.rf.0551996f07d3008e41df568a5e96dbf9.jpg,0,0,0,0,0,1,0
14-Top-Down_jpg.rf.db21676d6adc6fbe35b05282051da63f.jpg,0,0,0,0,0,1,0
19-Back_jpg.rf.8b7ae4342ed3e38e728b0986e68cc1fb.jpg,0,0,0,0,0,1,0
14-Left_jpg.rf.3f86bac7c2ffc630c5951e4056a3cc2c.jpg,0,0,1,0,0,0,0
14-Top-Down_jpg.rf.5307ef0a8ea972bc6e9e29ca3f3286d5.jpg,0,0,0,1,0,0,0
16-Top-Down_jpg.rf.e3c24f676608486a4a1ffa15bcf3913d.jpg,0,0,0,0,0,1,0
14-Right_jpg.rf.155f21b4e78cb0cf47cba848df7989ee.jpg,0,0,0,0,1,0,0
16-Left_jpg.rf.e8ca7da54691210667e6047f43dd5018.jpg,0,0,0,0,0,1,0
18-Right_jpg.rf.13b619ced333122bccaa601e6dccd8a8.jpg,0,0,0,0,0,1,0
18-Right_jpg.rf.78fb52c880be19f69c6a37700a8c64dd.jpg,0,0,0,0,0,1,0
16-Top-Down_jpg.rf.8a9ee68cdac7aa363386684a5803af18.jpg,0,0,0,0,0,1,0
15-Top-Down_jpg.rf.3fb1c68996008fedfbb26095219a8630.jpg,0,0,0,0,0,0,1
15-Right_jpg.rf.f0e5cca2866b0a3247c16603aa853834.jpg,0,0,1,0,0,0,0
16-Front_jpg.rf.e9506e0bc960b51c72085f385df5f8f7.jpg,0,0,0,0,0,0,1
16-Left_jpg.rf.c70d5e1913b54f19f0ab76b0d9d15b8f.jpg,0,0,0,0,0,0,1
15-Right_jpg.rf.cbfe6a1a0cc987a8f88d85cecbe74179.jpg,0,0,0,0,0,1,0
20-Left_jpg.rf.d4eb807b77562daa1992786bd2ba6d18.jpg,0,0,0,0,0,1,0
15-Left_jpg.rf.965eb12465aa2ad85d9673a27d280735.jpg,0,0,0,0,0,1,0
19-Right_jpg.rf.ad9bc2d0b4f3252f23520ddc896a1e13.jpg,0,0,0,0,0,1,0
2-Left_jpg.rf.f90f2603f5149aad62a4d380cdac55b8.jpg,0,0,0,0,0,1,0
15-Top-Down_jpg.rf.8509986f5e6f9f7889e10c396d1f3863.jpg,0,0,0,0,1,0,0
16-Left_jpg.rf.36348fad03d9f1f38dc7445c64a60662.jpg,0,0,0,0,0,1,0
19-Left_jpg.rf.178de4bd67a9f1a4074e45813bebf490.jpg,0,0,0,0,0,1,0
16-Left_jpg.rf.399010287cfb0a205023264c7f309b93.jpg,0,0,0,0,0,0,1
14-Top-Down_jpg.rf.6bd339d7bc5a9d4652f387446032037d.jpg,0,0,0,0,0,1,0
8-Left_jpg.rf.d003803f9ad054c994cbf7fbe8d72eee.jpg,0,0,0,0,0,0,1
18-Right_jpg.rf.db25d1388c52275db5dfc7c5f4a97eef.jpg,0,0,0,0,0,1,0
2-Right_jpg.rf.c59115080837c1637f8724bf1012ea3b.jpg,0,0,0,0,0,1,0
13-Left_jpg.rf.78dab91e05b7b4e7d237f3603a4064de.jpg,0,0,0,1,0,0,0
18-Left_jpg.rf.6f5592796b06f9dd52b95788248b9f26.jpg,0,0,0,0,0,1,0
19-Back_jpg.rf.7d0dc814ece4dec277ea156e71b778be.jpg,0,0,0,0,0,1,0
20-Left_jpg.rf.7135ccdfbd02ba5edcccd104b551f9a7.jpg,0,0,0,0,0,1,0
15-Right_jpg.rf.3eee4c394fca0438b80b6cd0b8e7c207.jpg,0,0,1,0,0,0,0
8-Right_jpg.rf.9f81ecaae48421ce49ac7f7dfdd09196.jpg,0,0,0,0,0,0,1
2-Back_jpg.rf.f00a8278c2de5ce81bcd39d4c2399a8a.jpg,0,0,0,0,0,1,0
16-Front_jpg.rf.361583ceba9473a8ef1d2d37b5d75fdb.jpg,0,0,0,0,0,0,1
15-Back_jpg.rf.17b1eb998ac967f74a8f3382cbf27a76.jpg,0,0,0,0,0,0,1
15-Top-Down_jpg.rf.a79c3623b52acda40bd85a7f60740bc0.jpg,0,0,0,0,1,0,0
18-Left_jpg.rf.b7c5bd0096169f9c2849502feebdec62.jpg,0,0,0,0,0,1,0
15-Back_jpg.rf.3c7aa1b6eeca1ec544fe08a7dd51ad0a.jpg,0,0,0,0,0,0,1
16-Back_jpg.rf.be73596d7ea027abba510473996935ec.jpg,0,0,0,0,0,1,0
18-Front_jpg.rf.cbf868799dd6ade4a5b1357026703f5a.jpg,0,0,0,0,0,1,0
2-Top-Down_jpg.rf.2177236db26b1e89268447cad93dbb6a.jpg,0,0,0,0,0,1,0
15-Right_jpg.rf.d0a8759e731194c647cd44eb4e33e4b9.jpg,0,0,0,0,0,1,0
19-Front_jpg.rf.99b9c1acb1363bde2a1817c7d6c62178.jpg,0,0,0,0,0,1,0
16-Left_jpg.rf.97b9bff265a2272ea00a3293aa7aee9b.jpg,0,0,0,0,0,0,1
MM-prod-doctorImg-2bf565da4aeb_jpg.rf.5407ce4146ef3db2693e4d9fb1fb3d32.jpg,1,0,0,0,0,0,0
MM-prod-doctorImg-2ca7c67adbf5_jpg.rf.f3d51b7c178fb3e6e573aabe87178736.jpg,1,0,0,0,0,0,0
15-Top-Down_jpg.rf.d43c4b05032dd7e40c8f4fce2381fb22.jpg,0,0,0,0,0,0,1
MM-prod-doctorImg-2ca7c67adbf5_jpg.rf.2c60d7e77455e948f7da3c340a120c56.jpg,1,0,0,0,0,0,0
16-Front_jpg.rf.09c712b4c6b4b81c58413b1853d78e8a.jpg,0,0,0,0,0,0,1
2-Left_jpg.rf.33148ee7adb6f991da1f8bb30888036b.jpg,0,0,0,0,0,1,0
2-Right_jpg.rf.8b874442ae80420da7e2b018cffed9d5.jpg,0,0,0,0,0,1,0
16-Left_jpg.rf.a5ae874b3e0570defa78bcc7c92eaae9.jpg,0,0,0,0,0,1,0
16-Back_jpg.rf.d6bed0408a8787ed499f526ea6381a16.jpg,0,0,0,0,0,1,0
19-Right_jpg.rf.e256b40772849373fb5222de7c380761.jpg,0,0,0,0,0,1,0
19-Left_jpg.rf.88879b53f1c1fa2ca673e44b6578e155.jpg,0,0,0,0,0,1,0
25-Left_jpg.rf.a5fefc9faf89a58778705c73238c9e32.jpg,0,0,0,0,0,1,0
15-Top-Down_jpg.rf.9417c4748941f39cbf913b435208267d.jpg,0,0,0,0,1,0,0
17-Right_jpg.rf.746610358a77a7fa7f9f313b42280229.jpg,0,0,1,0,0,0,0
22-Right_jpg.rf.de927326602e2af016ad0835b5b99643.jpg,0,0,0,0,0,1,0
2-Top-Down_jpg.rf.c5e095b98869ad636c882802eb73369e.jpg,0,0,0,0,0,1,0
17-Back_jpg.rf.09c7e2cdb6e749bf212cc154b1d1e6f8.jpg,0,0,0,0,0,0,1
18-Back_jpg.rf.60cae16065a0de51fa9f1f1c0c9c7128.jpg,1,0,0,0,0,0,0
22-Top-Down_jpg.rf.eb41623bba2991f2d60e6f2c32380d2d.jpg,0,0,0,0,0,1,0
19-Front_jpg.rf.77e0142ee80113ca47cbb657d713148c.jpg,0,0,0,0,0,1,0
17-Left_jpg.rf.ff5946b9ee9c085fd1f15199bb7b4b9d.jpg,0,0,0,0,1,0,0
2-Back_jpg.rf.c1204aff42dc8cab87c61e06624e2413.jpg,0,0,0,0,0,1,0
17-Left_jpg.rf.a8a661d8ad383b9be7b5da6a21583443.jpg,0,0,0,0,0,0,1
17-Top-Down_jpg.rf.8bccd3389ffd721d9acef9b33c9252ad.jpg,0,0,0,1,0,0,0
20-Left_jpg.rf.1b6b504c51652e70b829d53481e95756.jpg,0,0,0,0,0,1,0
22-Back_jpg.rf.f116d11f136e1dfb927a8abfb9c5a9c4.jpg,0,0,0,0,0,1,0
25-Back_jpg.rf.91c9fa4f2b1562d4b4a9959fc7394c6a.jpg,0,0,0,0,0,1,0
25-Front_jpg.rf.d4bc2d7b842f603074d17df9e88aec31.jpg,0,0,0,0,0,1,0
25-Left_jpg.rf.4f664776f06f16ca7075c9b9dd4907c3.jpg,0,0,0,0,0,1,0
24-Top-Down_jpg.rf.a8032323ea2d8dc869533474fe98414e.jpg,0,0,0,0,0,1,0
25-Front_jpg.rf.268846cd43dd67fbf654f278d296484c.jpg,0,0,0,0,0,1,0
17-Right_jpg.rf.6fb91597377f7dd66cc13200d87f2c05.jpg,0,0,1,0,0,0,0
17-Front_jpg.rf.82347690a316cf7e25e1ad15d293a0b2.jpg,0,0,0,0,0,0,1
18-Back_jpg.rf.458838ff07a6bf4584eb81d0f9f38611.jpg,1,0,0,0,0,0,0
25-Back_jpg.rf.c8732f087e1c9dfc2fc9a803be367f4e.jpg,0,0,0,0,0,1,0
20-Top-Down_jpg.rf.38ad046cd7003b4a045717f2d040fec6.jpg,0,0,0,0,0,1,0
17-Right_jpg.rf.f9c00c9fc17164cac80c3bdd64b4011b.jpg,0,0,0,0,0,0,1
23-Front_jpg.rf.7347030d061d1dfcdcf4de4f85529cc7.jpg,0,0,0,0,0,1,0
23-Back_jpg.rf.4d293f125e1428874cc819e2850fde1f.jpg,0,0,0,0,0,1,0
18-Top-Down_jpg.rf.30f7f57b4e88baab7a23a81c0e0c71cd.jpg,0,1,0,0,0,0,0
26-Back_jpg.rf.90dcb9c30b29a9a4cf4ba5b8190edc28.jpg,0,0,0,0,0,1,0
24-Top-Down_jpg.rf.5f1f93dab3f3b0e314dbec2eeaafefb0.jpg,0,0,0,0,0,1,0
17-Top-Down_jpg.rf.d123ec913d6827661b30872eb94f02ec.jpg,0,0,0,1,0,0,0
17-Right_jpg.rf.0eccd1829fafabb815ec3fccf9101457.jpg,0,0,0,0,0,0,1
29-Front_jpg.rf.4c9e112b10346cb30d8c7dc743875a95.jpg,0,0,0,0,0,1,0
29-Left_jpg.rf.1a2001c41330f49dd674f97600db2eb4.jpg,0,0,0,0,0,1,0
26-Back_jpg.rf.73745d58265eb1c3351214e71fd82b82.jpg,0,0,0,0,0,1,0
29-Top-Down_jpg.rf.252a3b55f4906e0a5310abc1fc8ab1ce.jpg,0,0,0,0,0,1,0
16-Top-Down_jpg.rf.ee9cfb27020fbfb5ab1c3836422d2199.jpg,0,0,0,0,0,0,1
25-Top-Down_jpg.rf.5ddb2599f7e94f3f4f0bbbcf9b7e1780.jpg,0,0,0,0,0,1,0
27-Left_jpg.rf.452b5a57cf658b19e9f6439954b67fc3.jpg,0,0,0,0,0,1,0
18-Back_jpg.rf.9515b3d12ecccdf80b1b9be4b3238287.jpg,0,0,0,0,0,0,1
17-Left_jpg.rf.1006bf20f58a10c78fd383234c00ef3c.jpg,0,1,0,0,0,0,0
MM-prod-doctorImg-2ca7c67adbf5_jpg.rf.3a58bd2d8f0ffa92e732692bdf78f9a2.jpg,1,0,0,0,0,0,0
27-Top-Down_jpg.rf.36cdb8cf443b417c778e225029eea750.jpg,0,0,0,0,0,1,0
21-Back_jpg.rf.bf2366f090f941826061a4e6e692bf88.jpg,0,0,0,0,0,1,0
18-Top-Down_jpg.rf.12242da9dd26b91e0a436fe661a2c5ac.jpg,0,0,0,0,0,0,1
18-Back_jpg.rf.9ce6b5d05839623df527dfa932a59e4a.jpg,0,0,0,0,0,0,1
27-Right_jpg.rf.0f2a3dc189aedbc2e86c20f18f42201e.jpg,0,0,0,0,0,1,0
17-Front_jpg.rf.77bb41c337dfc13934545432294ce5e0.jpg,0,0,0,0,1,0,0
25-Top-Down_jpg.rf.824fd82cb69bf68b361b8ded9de5f84b.jpg,0,0,0,0,0,1,0
18-Top-Down_jpg.rf.b68f60fcda73c1af9a53bbfce70a0ec7.jpg,0,0,0,0,1,0,0
30-Left_jpg.rf.d0f0fc911269096de47450d0c2324c8e.jpg,0,0,0,0,0,1,0
21-Front_jpg.rf.0a4c498470ea2d2d6c81162693afe4bc.jpg,0,0,0,0,0,1,0
29-Right_jpg.rf.b35ff0ad9d17598240aeb7b0f17b4e22.jpg,0,0,0,0,0,1,0
21-Left_jpg.rf.e3d9446eb6054f0d58f622465c77d8a2.jpg,0,0,0,0,0,1,0
28-Left_jpg.rf.3b957fc06377b86001afc11aeddf8118.jpg,0,0,0,0,0,1,0
30-Front_jpg.rf.f377e345f8b17d6bc5f150a43fce9e52.jpg,0,0,0,0,0,1,0
16-Right_jpg.rf.7d04aeaf0f9fbd9c10e49d3b6f2ddaa6.jpg,0,0,0,0,1,0,0
17-Back_jpg.rf.4ce21f789814baf9837ed36388972510.jpg,0,0,0,0,0,0,1
18-Left_jpg.rf.32ada6049b5998d216566eb687e1ed48.jpg,0,0,1,0,0,0,0
18-Front_jpg.rf.3da00110977ccbe6441f22ea56e0ddcf.jpg,0,0,0,0,1,0,0
19-Back_jpg.rf.00252a2d8d7808460aa9192235a357a5.jpg,0,0,0,0,0,0,1
18-Left_jpg.rf.f15a15e160768101e93d5f8aa961af22.jpg,0,0,0,0,1,0,0
17-Left_jpg.rf.e1588211c252a43121a8d59d648afcf4.jpg,0,0,0,0,1,0,0
18-Left_jpg.rf.08dac393100a159509aab612f9234d22.jpg,0,0,0,0,0,0,1
16-Top-Down_jpg.rf.86cc3398dc244e76f9a5c809864029b1.jpg,0,0,0,0,0,1,0
28-Front_jpg.rf.b38c11051e7fd3eeb6b05a08eedc262a.jpg,0,0,0,0,0,1,0
17-Left_jpg.rf.2af79a5699959a1d37cc78a22d9a78a5.jpg,0,1,0,0,0,0,0
17-Back_jpg.rf.4b6ae781998b5b1baceb443ec592f827.jpg,0,0,0,0,0,0,1
16-Top-Down_jpg.rf.d5ae0a1824f578a15b5242fe76438dcd.jpg,0,0,0,0,0,1,0
17-Front_jpg.rf.c226c6ff14e9a33f085c4b07c42d2462.jpg,0,0,0,0,0,0,1
21-Left_jpg.rf.cf21bf03f48115344cac348fda7edfa7.jpg,0,0,0,0,0,1,0
18-Right_jpg.rf.0b1ec9f4b7dfc7e3945286592485d088.jpg,0,0,0,0,0,0,1
16-Right_jpg.rf.f72516aa62c09564dc8a14da1a2824f0.jpg,0,0,0,0,1,0,0
23-Top-Down_jpg.rf.b11a9fda02474c8cb478a87d52c185b9.jpg,0,0,0,0,0,1,0
23-Top-Down_jpg.rf.282cc66eedddefb0e39467b7685f3667.jpg,0,0,0,0,0,1,0
21-Front_jpg.rf.ba2d087fb5e10d76099e0a75fc2b47d9.jpg,0,0,0,0,0,1,0
17-Back_jpg.rf.fffcbb20d3c0b110a2fe35aed4a61a7b.jpg,0,0,0,0,0,0,1
16-Top-Down_jpg.rf.8a9e84282a6b7f252dda066622f8b305.jpg,0,0,0,0,0,0,1
18-Front_jpg.rf.0b653b5343b248d9c673bd7ec0d9854b.jpg,0,1,0,0,0,0,0
26-Right_jpg.rf.4c6cd99438815290e77619aab8816fe5.jpg,0,0,0,0,0,1,0
21-Back_jpg.rf.0561810fc5ce0d915580e8a4d594f28d.jpg,0,0,0,0,0,1,0
27-Back_jpg.rf.e8c593d093ff661f9749289c69593488.jpg,0,0,0,0,0,1,0
22-Right_jpg.rf.9733b13bdd4521a1652937ff4624aa06.jpg,0,0,0,0,0,1,0
26-Left_jpg.rf.9aa6c5ac55864714364fa2e38ea7c782.jpg,0,0,0,0,0,1,0
27-Front_jpg.rf.8687ea827a0aa116a5d40b7b99f3fbb9.jpg,0,0,0,0,0,1,0
18-Front_jpg.rf.02c64b7cc5466a4e68a3e14f5b1b5ef0.jpg,0,1,0,0,0,0,0
19-Top-Down_jpg.rf.970c377a0d5181fe6f359522d4c155db.jpg,0,0,0,0,0,0,1
26-Left_jpg.rf.a1625d670e3d3e0abebe4880ff565605.jpg,0,0,0,0,0,1,0
18-Left_jpg.rf.4f2d09698593e78b4cd0273600dfb138.jpg,0,0,0,0,1,0,0
17-Left_jpg.rf.abcd045d2491e22c947df6a67908e6ee.jpg,0,0,0,0,0,0,1
23-Back_jpg.rf.75cbec0681966154088f1fdb92748344.jpg,0,0,0,0,0,1,0
26-Right_jpg.rf.0de14812595216be7daead9bc86d1053.jpg,0,0,0,0,0,1,0
28-Top-Down_jpg.rf.9834b2d931ca7029c28f787918947260.jpg,0,0,0,0,0,1,0
1_480x480_webp.rf.96a9b03853755d0b897e4920c3218508.jpg,1,0,0,0,0,0,0
18-Front_jpg.rf.d0843da63a17d9d47ceb5f7649419a38.jpg,0,0,0,0,1,0,0
17-Front_jpg.rf.66fc57abbc465cf49a31b60a8302c2c5.jpg,0,0,0,0,1,0,0
18-Right_jpg.rf.cebab319c2a89442d8c1f80d2ec1117c.jpg,0,0,0,0,1,0,0
1-Left_jpg.rf.f09d00e709a102c4539deeb31c641378.jpg,0,0,0,0,1,0,0
1-Right_jpg.rf.355b25ea40a9d055f3c21958df05b47a.jpg,0,0,0,0,1,0,0
19-Front_jpg.rf.8081fc319e5bdaf1e94005c8215b676a.jpg,1,0,0,0,0,0,0
22-Top-Down_jpg.rf.d4b25e156ba6f08ce712a6e7ce2dbd81.jpg,0,0,0,0,0,1,0
27-Front_jpg.rf.b6f6ef0dfbecc26a906d287f29656726.jpg,0,0,0,0,0,1,0
4-Left_jpg.rf.8b878ab4d700754c9effad279a16911a.jpg,0,0,0,0,0,1,0
22-Top-Down_jpg.rf.6ea7a494bb66cd581ecccad98a13671f.jpg,0,0,0,0,0,1,0
28-Right_jpg.rf.9ce90adcf4f76a03505be9549cb587f3.jpg,0,0,0,0,0,1,0
27-Right_jpg.rf.5163ba212001c7be1f4f6026a2370d73.jpg,0,0,0,0,0,1,0
19-Left_jpg.rf.0718bc5c39a81aa476c2194c081fc12c.jpg,0,0,0,0,0,0,1
29-Top-Down_jpg.rf.f84a86bb4bd9b9f937d5f3d116c500cc.jpg,0,0,0,0,0,1,0
27-Back_jpg.rf.403014d4338a141be219db2a94c88e3f.jpg,0,0,0,0,0,1,0
4-Front_jpg.rf.033962b5d40d560033498c553a6f14c6.jpg,0,0,0,0,0,1,0
23-Back_jpg.rf.b3bc204802dde811c7d87b639b1c0395.jpg,0,0,0,0,0,1,0
10-Left_jpg.rf.42927e222c83d337a3076f5f7a0050b0.jpg,0,0,0,0,1,0,0
4-Right_jpg.rf.7e2a986ce9e03b40687293b1e5f32eb1.jpg,0,0,0,0,0,1,0
1_480x480_webp.rf.4a803087c3a5ac17b1addd774372ac3c.jpg,1,0,0,0,0,0,0
18-Left_jpg.rf.7e8db55e3168a3484d0cb219e7688036.jpg,0,0,1,0,0,0,0
17-Front_jpg.rf.4691024244e818b7a95d3a6f8c0021fd.jpg,0,0,0,0,1,0,0
22-Back_jpg.rf.e77e5a93a17a71f83313dbc1321d014c.jpg,0,0,0,0,0,1,0
2-Front_jpg.rf.18c56857878c35bed232bb98537d4fdd.jpg,0,0,0,0,0,0,1
23-Front_jpg.rf.431cc83b3be6b1d4406824e181aef159.jpg,0,0,0,0,0,1,0
2-Front_jpg.rf.ae24ba8696f8e1715f792bb9c9571365.jpg,0,0,0,1,0,0,0
27-Left_jpg.rf.48383342b7d4951dad0ecf48125e4e1b.jpg,0,0,0,0,0,1,0
2-Back_jpg.rf.78e96adf9b4749426d033a80dd1f10eb.jpg,0,0,0,0,0,1,0
30-Top-Down_jpg.rf.513f9f5e12528a663aa0f16f7c6e19ea.jpg,0,0,0,0,0,1,0
29-Back_jpg.rf.19370bdfb8b4bc5d62def6dd204ed852.jpg,0,0,0,0,0,1,0